2025-12-25 18:22:42,728 INFO  Logger.cs: 70 - 
--------------------------------------------------------------------------------
2025-12-25 18:22:42,751 INFO  Logger.cs: 71 - Logging commencing for SW2URDF exporter
2025-12-25 18:22:42,752 INFO  Logger.cs: 73 - Commit version 1.6.0-4-g7f85cfe
2025-12-25 18:22:42,753 INFO  Logger.cs: 74 - Build version 1.6.7995.38578
2025-12-25 18:22:42,754 INFO  SwAddin.cs: 192 - Attempting to connect to SW
2025-12-25 18:22:42,755 INFO  SwAddin.cs: 197 - Setting up callbacks
2025-12-25 18:22:42,757 INFO  SwAddin.cs: 201 - Setting up command manager
2025-12-25 18:22:42,757 INFO  SwAddin.cs: 204 - Adding command manager
2025-12-25 18:22:42,759 INFO  SwAddin.cs: 263 - Adding Assembly export to file menu
2025-12-25 18:22:42,760 INFO  SwAddin.cs: 272 - Adding Part export to file menu
2025-12-25 18:22:42,762 INFO  SwAddin.cs: 210 - Adding event handlers
2025-12-25 18:22:42,776 INFO  SwAddin.cs: 217 - Connecting plugin to SolidWorks
2025-12-25 18:28:04,592 INFO  SwAddin.cs: 294 - Assembly export called for file Assembly_version_2
2025-12-25 18:28:04,596 INFO  SwAddin.cs: 299 - Save is required
2025-12-25 18:28:04,596 INFO  SwAddin.cs: 313 - Saving assembly
2025-12-25 18:28:06,238 INFO  SwAddin.cs: 316 - Opening property manager
2025-12-25 18:28:06,272 INFO  ExportHelperExtension.cs: 1125 - Retrieving features of type [CoordSys] from Assembly_version_2
2025-12-25 18:28:06,283 INFO  ExportHelperExtension.cs: 1136 - Found 46 in Assembly_version_2
2025-12-25 18:28:06,284 INFO  ExportHelperExtension.cs: 1145 - Found 0 features of type [CoordSys] in Assembly_version_2
2025-12-25 18:28:06,285 INFO  ExportHelperExtension.cs: 1148 - Proceeding through assembly components
2025-12-25 18:28:06,287 INFO  ExportHelperExtension.cs: 1160 - 8 components to check
2025-12-25 18:28:06,288 INFO  ExportHelperExtension.cs: 1125 - Retrieving features of type [CoordSys] from End_effector_mounting_2023-1
2025-12-25 18:28:06,289 INFO  ExportHelperExtension.cs: 1136 - Found 25 in End_effector_mounting_2023-1
2025-12-25 18:28:06,289 INFO  ExportHelperExtension.cs: 1145 - Found 0 features of type [CoordSys] in End_effector_mounting_2023-1
2025-12-25 18:28:06,290 INFO  ExportHelperExtension.cs: 1125 - Retrieving features of type [CoordSys] from shoulder_to_elbow_2023-1
2025-12-25 18:28:06,290 INFO  ExportHelperExtension.cs: 1136 - Found 71 in shoulder_to_elbow_2023-1
2025-12-25 18:28:06,291 INFO  ExportHelperExtension.cs: 1145 - Found 0 features of type [CoordSys] in shoulder_to_elbow_2023-1
2025-12-25 18:28:06,291 INFO  ExportHelperExtension.cs: 1125 - Retrieving features of type [CoordSys] from Wrist(2) to Wrist(3) link-1
2025-12-25 18:28:06,292 INFO  ExportHelperExtension.cs: 1136 - Found 60 in Wrist(2) to Wrist(3) link-1
2025-12-25 18:28:06,292 INFO  ExportHelperExtension.cs: 1145 - Found 0 features of type [CoordSys] in Wrist(2) to Wrist(3) link-1
2025-12-25 18:28:06,292 INFO  ExportHelperExtension.cs: 1125 - Retrieving features of type [CoordSys] from Base_2023-2
2025-12-25 18:28:06,293 INFO  ExportHelperExtension.cs: 1136 - Found 46 in Base_2023-2
2025-12-25 18:28:06,293 INFO  ExportHelperExtension.cs: 1145 - Found 0 features of type [CoordSys] in Base_2023-2
2025-12-25 18:28:06,294 INFO  ExportHelperExtension.cs: 1125 - Retrieving features of type [CoordSys] from elbow_wrist_modified-1
2025-12-25 18:28:06,294 INFO  ExportHelperExtension.cs: 1136 - Found 89 in elbow_wrist_modified-1
2025-12-25 18:28:06,295 INFO  ExportHelperExtension.cs: 1145 - Found 0 features of type [CoordSys] in elbow_wrist_modified-1
2025-12-25 18:28:06,295 INFO  ExportHelperExtension.cs: 1125 - Retrieving features of type [CoordSys] from rhino_platform_2_2023-1
2025-12-25 18:28:06,296 INFO  ExportHelperExtension.cs: 1136 - Found 49 in rhino_platform_2_2023-1
2025-12-25 18:28:06,296 INFO  ExportHelperExtension.cs: 1145 - Found 0 features of type [CoordSys] in rhino_platform_2_2023-1
2025-12-25 18:28:06,297 INFO  ExportHelperExtension.cs: 1125 - Retrieving features of type [CoordSys] from Wrist(1) to Wrist(2) link-1
2025-12-25 18:28:06,297 INFO  ExportHelperExtension.cs: 1136 - Found 60 in Wrist(1) to Wrist(2) link-1
2025-12-25 18:28:06,298 INFO  ExportHelperExtension.cs: 1145 - Found 0 features of type [CoordSys] in Wrist(1) to Wrist(2) link-1
2025-12-25 18:28:06,298 INFO  ExportHelperExtension.cs: 1125 - Retrieving features of type [CoordSys] from Wrist(3) to End link_2023-1
2025-12-25 18:28:06,298 INFO  ExportHelperExtension.cs: 1136 - Found 47 in Wrist(3) to End link_2023-1
2025-12-25 18:28:06,299 INFO  ExportHelperExtension.cs: 1145 - Found 0 features of type [CoordSys] in Wrist(3) to End link_2023-1
2025-12-25 18:28:06,300 INFO  ExportHelperExtension.cs: 1125 - Retrieving features of type [RefAxis] from Assembly_version_2
2025-12-25 18:28:06,300 INFO  ExportHelperExtension.cs: 1136 - Found 46 in Assembly_version_2
2025-12-25 18:28:06,301 INFO  ExportHelperExtension.cs: 1145 - Found 0 features of type [RefAxis] in Assembly_version_2
2025-12-25 18:28:06,301 INFO  ExportHelperExtension.cs: 1148 - Proceeding through assembly components
2025-12-25 18:28:06,302 INFO  ExportHelperExtension.cs: 1160 - 8 components to check
2025-12-25 18:28:06,302 INFO  ExportHelperExtension.cs: 1125 - Retrieving features of type [RefAxis] from End_effector_mounting_2023-1
2025-12-25 18:28:06,302 INFO  ExportHelperExtension.cs: 1136 - Found 25 in End_effector_mounting_2023-1
2025-12-25 18:28:06,303 INFO  ExportHelperExtension.cs: 1145 - Found 0 features of type [RefAxis] in End_effector_mounting_2023-1
2025-12-25 18:28:06,303 INFO  ExportHelperExtension.cs: 1125 - Retrieving features of type [RefAxis] from shoulder_to_elbow_2023-1
2025-12-25 18:28:06,304 INFO  ExportHelperExtension.cs: 1136 - Found 71 in shoulder_to_elbow_2023-1
2025-12-25 18:28:06,304 INFO  ExportHelperExtension.cs: 1145 - Found 0 features of type [RefAxis] in shoulder_to_elbow_2023-1
2025-12-25 18:28:06,304 INFO  ExportHelperExtension.cs: 1125 - Retrieving features of type [RefAxis] from Wrist(2) to Wrist(3) link-1
2025-12-25 18:28:06,305 INFO  ExportHelperExtension.cs: 1136 - Found 60 in Wrist(2) to Wrist(3) link-1
2025-12-25 18:28:06,305 INFO  ExportHelperExtension.cs: 1145 - Found 0 features of type [RefAxis] in Wrist(2) to Wrist(3) link-1
2025-12-25 18:28:06,306 INFO  ExportHelperExtension.cs: 1125 - Retrieving features of type [RefAxis] from Base_2023-2
2025-12-25 18:28:06,306 INFO  ExportHelperExtension.cs: 1136 - Found 46 in Base_2023-2
2025-12-25 18:28:06,307 INFO  ExportHelperExtension.cs: 1145 - Found 0 features of type [RefAxis] in Base_2023-2
2025-12-25 18:28:06,307 INFO  ExportHelperExtension.cs: 1125 - Retrieving features of type [RefAxis] from elbow_wrist_modified-1
2025-12-25 18:28:06,307 INFO  ExportHelperExtension.cs: 1136 - Found 89 in elbow_wrist_modified-1
2025-12-25 18:28:06,308 INFO  ExportHelperExtension.cs: 1145 - Found 0 features of type [RefAxis] in elbow_wrist_modified-1
2025-12-25 18:28:06,308 INFO  ExportHelperExtension.cs: 1125 - Retrieving features of type [RefAxis] from rhino_platform_2_2023-1
2025-12-25 18:28:06,309 INFO  ExportHelperExtension.cs: 1136 - Found 49 in rhino_platform_2_2023-1
2025-12-25 18:28:06,309 INFO  ExportHelperExtension.cs: 1145 - Found 0 features of type [RefAxis] in rhino_platform_2_2023-1
2025-12-25 18:28:06,309 INFO  ExportHelperExtension.cs: 1125 - Retrieving features of type [RefAxis] from Wrist(1) to Wrist(2) link-1
2025-12-25 18:28:06,310 INFO  ExportHelperExtension.cs: 1136 - Found 60 in Wrist(1) to Wrist(2) link-1
2025-12-25 18:28:06,310 INFO  ExportHelperExtension.cs: 1145 - Found 0 features of type [RefAxis] in Wrist(1) to Wrist(2) link-1
2025-12-25 18:28:06,311 INFO  ExportHelperExtension.cs: 1125 - Retrieving features of type [RefAxis] from Wrist(3) to End link_2023-1
2025-12-25 18:28:06,311 INFO  ExportHelperExtension.cs: 1136 - Found 47 in Wrist(3) to End link_2023-1
2025-12-25 18:28:06,312 INFO  ExportHelperExtension.cs: 1145 - Found 0 features of type [RefAxis] in Wrist(3) to End link_2023-1
2025-12-25 18:28:06,755 INFO  SwAddin.cs: 339 - Loading config tree
2025-12-25 18:28:06,760 INFO  ExportPropertyManagerExtension.cs: 520 - Starting new configuration
2025-12-25 18:28:06,765 INFO  SwAddin.cs: 344 - Showing property manager
2025-12-25 18:28:19,396 INFO  ExportPropertyManager.cs: 1136 - OnNumberBoxTrackingCompleted called. This method no longer throws an Exception. It just silently does nothing. Ok, except for this logging message
2025-12-25 18:28:57,553 INFO  ExportPropertyManager.cs: 1136 - OnNumberBoxTrackingCompleted called. This method no longer throws an Exception. It just silently does nothing. Ok, except for this logging message
2025-12-25 18:29:19,055 INFO  ExportPropertyManager.cs: 1136 - OnNumberBoxTrackingCompleted called. This method no longer throws an Exception. It just silently does nothing. Ok, except for this logging message
2025-12-25 18:29:49,106 INFO  ExportPropertyManager.cs: 1136 - OnNumberBoxTrackingCompleted called. This method no longer throws an Exception. It just silently does nothing. Ok, except for this logging message
2025-12-25 18:30:10,829 INFO  ExportPropertyManager.cs: 1136 - OnNumberBoxTrackingCompleted called. This method no longer throws an Exception. It just silently does nothing. Ok, except for this logging message
2025-12-25 18:30:19,095 INFO  ExportPropertyManager.cs: 1018 - OnComboboxSelectionChanged called. This method no longer throws an Exception. It just silently does nothing. Ok, except for this logging message
2025-12-25 18:30:40,161 INFO  ExportPropertyManager.cs: 1136 - OnNumberBoxTrackingCompleted called. This method no longer throws an Exception. It just silently does nothing. Ok, except for this logging message
2025-12-25 18:30:51,601 INFO  ExportPropertyManager.cs: 1142 - AfterClose called. This method no longer throws an Exception. It just silently does nothing. Ok, except for this logging message
2025-12-25 18:31:13,821 INFO  SwAddin.cs: 294 - Assembly export called for file Assembly_version_2
2025-12-25 18:31:17,172 INFO  SwAddin.cs: 313 - Saving assembly
2025-12-25 18:31:17,344 INFO  SwAddin.cs: 316 - Opening property manager
2025-12-25 18:31:17,345 INFO  ExportHelperExtension.cs: 1125 - Retrieving features of type [CoordSys] from Assembly_version_2
2025-12-25 18:31:17,346 INFO  ExportHelperExtension.cs: 1136 - Found 46 in Assembly_version_2
2025-12-25 18:31:17,347 INFO  ExportHelperExtension.cs: 1145 - Found 0 features of type [CoordSys] in Assembly_version_2
2025-12-25 18:31:17,348 INFO  ExportHelperExtension.cs: 1148 - Proceeding through assembly components
2025-12-25 18:31:17,348 INFO  ExportHelperExtension.cs: 1160 - 8 components to check
2025-12-25 18:31:17,349 INFO  ExportHelperExtension.cs: 1125 - Retrieving features of type [CoordSys] from End_effector_mounting_2023-1
2025-12-25 18:31:17,350 INFO  ExportHelperExtension.cs: 1136 - Found 25 in End_effector_mounting_2023-1
2025-12-25 18:31:17,351 INFO  ExportHelperExtension.cs: 1145 - Found 0 features of type [CoordSys] in End_effector_mounting_2023-1
2025-12-25 18:31:17,352 INFO  ExportHelperExtension.cs: 1125 - Retrieving features of type [CoordSys] from shoulder_to_elbow_2023-1
2025-12-25 18:31:17,352 INFO  ExportHelperExtension.cs: 1136 - Found 71 in shoulder_to_elbow_2023-1
2025-12-25 18:31:17,354 INFO  ExportHelperExtension.cs: 1145 - Found 0 features of type [CoordSys] in shoulder_to_elbow_2023-1
2025-12-25 18:31:17,354 INFO  ExportHelperExtension.cs: 1125 - Retrieving features of type [CoordSys] from Wrist(2) to Wrist(3) link-1
2025-12-25 18:31:17,355 INFO  ExportHelperExtension.cs: 1136 - Found 60 in Wrist(2) to Wrist(3) link-1
2025-12-25 18:31:17,356 INFO  ExportHelperExtension.cs: 1145 - Found 0 features of type [CoordSys] in Wrist(2) to Wrist(3) link-1
2025-12-25 18:31:17,357 INFO  ExportHelperExtension.cs: 1125 - Retrieving features of type [CoordSys] from Base_2023-2
2025-12-25 18:31:17,358 INFO  ExportHelperExtension.cs: 1136 - Found 46 in Base_2023-2
2025-12-25 18:31:17,359 INFO  ExportHelperExtension.cs: 1145 - Found 0 features of type [CoordSys] in Base_2023-2
2025-12-25 18:31:17,359 INFO  ExportHelperExtension.cs: 1125 - Retrieving features of type [CoordSys] from elbow_wrist_modified-1
2025-12-25 18:31:17,360 INFO  ExportHelperExtension.cs: 1136 - Found 89 in elbow_wrist_modified-1
2025-12-25 18:31:17,361 INFO  ExportHelperExtension.cs: 1145 - Found 0 features of type [CoordSys] in elbow_wrist_modified-1
2025-12-25 18:31:17,362 INFO  ExportHelperExtension.cs: 1125 - Retrieving features of type [CoordSys] from rhino_platform_2_2023-1
2025-12-25 18:31:17,364 INFO  ExportHelperExtension.cs: 1136 - Found 49 in rhino_platform_2_2023-1
2025-12-25 18:31:17,365 INFO  ExportHelperExtension.cs: 1145 - Found 0 features of type [CoordSys] in rhino_platform_2_2023-1
2025-12-25 18:31:17,365 INFO  ExportHelperExtension.cs: 1125 - Retrieving features of type [CoordSys] from Wrist(1) to Wrist(2) link-1
2025-12-25 18:31:17,366 INFO  ExportHelperExtension.cs: 1136 - Found 60 in Wrist(1) to Wrist(2) link-1
2025-12-25 18:31:17,367 INFO  ExportHelperExtension.cs: 1145 - Found 0 features of type [CoordSys] in Wrist(1) to Wrist(2) link-1
2025-12-25 18:31:17,368 INFO  ExportHelperExtension.cs: 1125 - Retrieving features of type [CoordSys] from Wrist(3) to End link_2023-1
2025-12-25 18:31:17,369 INFO  ExportHelperExtension.cs: 1136 - Found 47 in Wrist(3) to End link_2023-1
2025-12-25 18:31:17,369 INFO  ExportHelperExtension.cs: 1145 - Found 0 features of type [CoordSys] in Wrist(3) to End link_2023-1
2025-12-25 18:31:17,370 INFO  ExportHelperExtension.cs: 1125 - Retrieving features of type [RefAxis] from Assembly_version_2
2025-12-25 18:31:17,371 INFO  ExportHelperExtension.cs: 1136 - Found 46 in Assembly_version_2
2025-12-25 18:31:17,372 INFO  ExportHelperExtension.cs: 1145 - Found 0 features of type [RefAxis] in Assembly_version_2
2025-12-25 18:31:17,372 INFO  ExportHelperExtension.cs: 1148 - Proceeding through assembly components
2025-12-25 18:31:17,374 INFO  ExportHelperExtension.cs: 1160 - 8 components to check
2025-12-25 18:31:17,374 INFO  ExportHelperExtension.cs: 1125 - Retrieving features of type [RefAxis] from End_effector_mounting_2023-1
2025-12-25 18:31:17,375 INFO  ExportHelperExtension.cs: 1136 - Found 25 in End_effector_mounting_2023-1
2025-12-25 18:31:17,375 INFO  ExportHelperExtension.cs: 1145 - Found 0 features of type [RefAxis] in End_effector_mounting_2023-1
2025-12-25 18:31:17,376 INFO  ExportHelperExtension.cs: 1125 - Retrieving features of type [RefAxis] from shoulder_to_elbow_2023-1
2025-12-25 18:31:17,377 INFO  ExportHelperExtension.cs: 1136 - Found 71 in shoulder_to_elbow_2023-1
2025-12-25 18:31:17,378 INFO  ExportHelperExtension.cs: 1145 - Found 0 features of type [RefAxis] in shoulder_to_elbow_2023-1
2025-12-25 18:31:17,378 INFO  ExportHelperExtension.cs: 1125 - Retrieving features of type [RefAxis] from Wrist(2) to Wrist(3) link-1
2025-12-25 18:31:17,379 INFO  ExportHelperExtension.cs: 1136 - Found 60 in Wrist(2) to Wrist(3) link-1
2025-12-25 18:31:17,380 INFO  ExportHelperExtension.cs: 1145 - Found 0 features of type [RefAxis] in Wrist(2) to Wrist(3) link-1
2025-12-25 18:31:17,380 INFO  ExportHelperExtension.cs: 1125 - Retrieving features of type [RefAxis] from Base_2023-2
2025-12-25 18:31:17,381 INFO  ExportHelperExtension.cs: 1136 - Found 46 in Base_2023-2
2025-12-25 18:31:17,382 INFO  ExportHelperExtension.cs: 1145 - Found 0 features of type [RefAxis] in Base_2023-2
2025-12-25 18:31:17,383 INFO  ExportHelperExtension.cs: 1125 - Retrieving features of type [RefAxis] from elbow_wrist_modified-1
2025-12-25 18:31:17,384 INFO  ExportHelperExtension.cs: 1136 - Found 89 in elbow_wrist_modified-1
2025-12-25 18:31:17,384 INFO  ExportHelperExtension.cs: 1145 - Found 0 features of type [RefAxis] in elbow_wrist_modified-1
2025-12-25 18:31:17,385 INFO  ExportHelperExtension.cs: 1125 - Retrieving features of type [RefAxis] from rhino_platform_2_2023-1
2025-12-25 18:31:17,386 INFO  ExportHelperExtension.cs: 1136 - Found 49 in rhino_platform_2_2023-1
2025-12-25 18:31:17,387 INFO  ExportHelperExtension.cs: 1145 - Found 0 features of type [RefAxis] in rhino_platform_2_2023-1
2025-12-25 18:31:17,387 INFO  ExportHelperExtension.cs: 1125 - Retrieving features of type [RefAxis] from Wrist(1) to Wrist(2) link-1
2025-12-25 18:31:17,388 INFO  ExportHelperExtension.cs: 1136 - Found 60 in Wrist(1) to Wrist(2) link-1
2025-12-25 18:31:17,390 INFO  ExportHelperExtension.cs: 1145 - Found 0 features of type [RefAxis] in Wrist(1) to Wrist(2) link-1
2025-12-25 18:31:17,390 INFO  ExportHelperExtension.cs: 1125 - Retrieving features of type [RefAxis] from Wrist(3) to End link_2023-1
2025-12-25 18:31:17,391 INFO  ExportHelperExtension.cs: 1136 - Found 47 in Wrist(3) to End link_2023-1
2025-12-25 18:31:17,391 INFO  ExportHelperExtension.cs: 1145 - Found 0 features of type [RefAxis] in Wrist(3) to End link_2023-1
2025-12-25 18:31:17,451 INFO  SwAddin.cs: 339 - Loading config tree
2025-12-25 18:31:17,452 INFO  ExportPropertyManagerExtension.cs: 520 - Starting new configuration
2025-12-25 18:31:17,455 INFO  SwAddin.cs: 344 - Showing property manager
2025-12-25 18:31:21,625 INFO  ExportPropertyManager.cs: 1136 - OnNumberBoxTrackingCompleted called. This method no longer throws an Exception. It just silently does nothing. Ok, except for this logging message
2025-12-25 18:31:21,649 INFO  ExportPropertyManager.cs: 1136 - OnNumberBoxTrackingCompleted called. This method no longer throws an Exception. It just silently does nothing. Ok, except for this logging message
2025-12-25 18:31:21,655 INFO  ExportPropertyManager.cs: 1136 - OnNumberBoxTrackingCompleted called. This method no longer throws an Exception. It just silently does nothing. Ok, except for this logging message
2025-12-25 18:31:21,678 INFO  ExportPropertyManager.cs: 1136 - OnNumberBoxTrackingCompleted called. This method no longer throws an Exception. It just silently does nothing. Ok, except for this logging message
2025-12-25 18:31:23,905 INFO  ExportPropertyManager.cs: 1136 - OnNumberBoxTrackingCompleted called. This method no longer throws an Exception. It just silently does nothing. Ok, except for this logging message
2025-12-25 18:31:24,099 INFO  ExportPropertyManager.cs: 1136 - OnNumberBoxTrackingCompleted called. This method no longer throws an Exception. It just silently does nothing. Ok, except for this logging message
2025-12-25 18:31:24,684 INFO  ExportPropertyManager.cs: 1136 - OnNumberBoxTrackingCompleted called. This method no longer throws an Exception. It just silently does nothing. Ok, except for this logging message
2025-12-25 18:31:25,007 INFO  ExportPropertyManager.cs: 1136 - OnNumberBoxTrackingCompleted called. This method no longer throws an Exception. It just silently does nothing. Ok, except for this logging message
2025-12-25 18:31:25,187 INFO  ExportPropertyManager.cs: 1136 - OnNumberBoxTrackingCompleted called. This method no longer throws an Exception. It just silently does nothing. Ok, except for this logging message
2025-12-25 18:31:25,345 INFO  ExportPropertyManager.cs: 1136 - OnNumberBoxTrackingCompleted called. This method no longer throws an Exception. It just silently does nothing. Ok, except for this logging message
2025-12-25 18:31:25,580 INFO  ExportPropertyManager.cs: 1136 - OnNumberBoxTrackingCompleted called. This method no longer throws an Exception. It just silently does nothing. Ok, except for this logging message
2025-12-25 18:31:29,224 INFO  ExportPropertyManager.cs: 1136 - OnNumberBoxTrackingCompleted called. This method no longer throws an Exception. It just silently does nothing. Ok, except for this logging message
2025-12-25 18:31:48,342 INFO  ExportPropertyManager.cs: 1036 - OnListboxSelectionChanged called. This method no longer throws an Exception. It just silently does nothing. Ok, except for this logging message
2025-12-25 18:31:51,713 INFO  ExportPropertyManager.cs: 1136 - OnNumberBoxTrackingCompleted called. This method no longer throws an Exception. It just silently does nothing. Ok, except for this logging message
2025-12-25 18:32:01,004 INFO  ExportPropertyManager.cs: 1018 - OnComboboxSelectionChanged called. This method no longer throws an Exception. It just silently does nothing. Ok, except for this logging message
2025-12-25 18:32:06,247 INFO  ExportPropertyManager.cs: 1136 - OnNumberBoxTrackingCompleted called. This method no longer throws an Exception. It just silently does nothing. Ok, except for this logging message
2025-12-25 18:32:20,906 INFO  ExportPropertyManager.cs: 1018 - OnComboboxSelectionChanged called. This method no longer throws an Exception. It just silently does nothing. Ok, except for this logging message
2025-12-25 18:32:24,781 INFO  ExportPropertyManager.cs: 1018 - OnComboboxSelectionChanged called. This method no longer throws an Exception. It just silently does nothing. Ok, except for this logging message
2025-12-25 18:32:58,609 INFO  ExportPropertyManager.cs: 1136 - OnNumberBoxTrackingCompleted called. This method no longer throws an Exception. It just silently does nothing. Ok, except for this logging message
2025-12-25 18:33:31,035 INFO  ExportPropertyManager.cs: 1018 - OnComboboxSelectionChanged called. This method no longer throws an Exception. It just silently does nothing. Ok, except for this logging message
2025-12-25 18:33:31,637 INFO  ExportPropertyManager.cs: 1018 - OnComboboxSelectionChanged called. This method no longer throws an Exception. It just silently does nothing. Ok, except for this logging message
2025-12-25 18:33:41,751 INFO  ExportPropertyManager.cs: 1136 - OnNumberBoxTrackingCompleted called. This method no longer throws an Exception. It just silently does nothing. Ok, except for this logging message
2025-12-25 18:34:36,713 INFO  ExportPropertyManager.cs: 1136 - OnNumberBoxTrackingCompleted called. This method no longer throws an Exception. It just silently does nothing. Ok, except for this logging message
2025-12-25 18:35:11,514 INFO  ExportPropertyManager.cs: 422 - Configuration saved
2025-12-25 18:35:13,714 INFO  ExportHelperExtension.cs: 347 - Creating joint Link1
2025-12-25 18:35:13,720 INFO  ExportHelperExtension.cs: 1397 - Fixing components for base_link
2025-12-25 18:35:13,721 INFO  ExportHelperExtension.cs: 1402 - Fixing 32
2025-12-25 18:35:13,901 INFO  : 0 - R1: 1, System.__ComObject, 1, System.Double[]
2025-12-25 18:35:13,909 INFO  ExportHelperExtension.cs: 841 - R2: 0, 0
2025-12-25 18:35:13,910 INFO  ExportHelperExtension.cs: 849 - L1: 0
2025-12-25 18:35:13,910 INFO  ExportHelperExtension.cs: 857 - L2: 0
2025-12-25 18:35:14,065 INFO  ExportHelperExtension.cs: 1352 - Unfixing component 32
2025-12-25 18:35:16,217 WARN  ExportHelperExtension.cs: 351 - Creating joint from parent base_link to child Link1 failed
2025-12-25 18:35:16,228 INFO  ExportHelperExtension.cs: 347 - Creating joint Link2
2025-12-25 18:35:16,229 INFO  ExportHelperExtension.cs: 1397 - Fixing components for Link1
2025-12-25 18:35:16,230 INFO  ExportHelperExtension.cs: 1402 - Fixing 35
2025-12-25 18:35:16,230 INFO  ExportHelperExtension.cs: 1402 - Fixing 32
2025-12-25 18:35:16,379 INFO  ExportHelperExtension.cs: 828 - R1: 1, System.__ComObject, 1, System.Double[]
2025-12-25 18:35:16,380 INFO  ExportHelperExtension.cs: 841 - R2: 0, 0
2025-12-25 18:35:16,380 INFO  ExportHelperExtension.cs: 849 - L1: 0
2025-12-25 18:35:16,380 INFO  ExportHelperExtension.cs: 857 - L2: 0
2025-12-25 18:35:16,381 INFO  ExportHelperExtension.cs: 1352 - Unfixing component 35
2025-12-25 18:35:16,381 INFO  ExportHelperExtension.cs: 1352 - Unfixing component 32
2025-12-25 18:35:18,187 WARN  ExportHelperExtension.cs: 351 - Creating joint from parent Link1 to child Link2 failed
2025-12-25 18:35:18,210 INFO  ExportHelperExtension.cs: 347 - Creating joint Link3
2025-12-25 18:35:18,211 INFO  ExportHelperExtension.cs: 1397 - Fixing components for Link2
2025-12-25 18:35:18,211 INFO  ExportHelperExtension.cs: 1402 - Fixing 36
2025-12-25 18:35:18,212 INFO  ExportHelperExtension.cs: 1402 - Fixing 35
2025-12-25 18:35:18,212 INFO  ExportHelperExtension.cs: 1402 - Fixing 32
2025-12-25 18:35:18,359 INFO  ExportHelperExtension.cs: 828 - R1: 1, System.__ComObject, 1, System.Double[]
2025-12-25 18:35:18,360 INFO  ExportHelperExtension.cs: 841 - R2: 0, 0
2025-12-25 18:35:18,360 INFO  ExportHelperExtension.cs: 849 - L1: 0
2025-12-25 18:35:18,360 INFO  ExportHelperExtension.cs: 857 - L2: 0
2025-12-25 18:35:18,361 INFO  ExportHelperExtension.cs: 1352 - Unfixing component 36
2025-12-25 18:35:18,361 INFO  ExportHelperExtension.cs: 1352 - Unfixing component 35
2025-12-25 18:35:18,362 INFO  ExportHelperExtension.cs: 1352 - Unfixing component 32
2025-12-25 18:35:20,187 WARN  ExportHelperExtension.cs: 351 - Creating joint from parent Link2 to child Link3 failed
2025-12-25 18:35:20,247 INFO  ExportHelperExtension.cs: 347 - Creating joint Link4
2025-12-25 18:35:20,247 INFO  ExportHelperExtension.cs: 1397 - Fixing components for Link3
2025-12-25 18:35:20,247 INFO  ExportHelperExtension.cs: 1402 - Fixing 33
2025-12-25 18:35:20,247 INFO  ExportHelperExtension.cs: 1402 - Fixing 36
2025-12-25 18:35:20,247 INFO  ExportHelperExtension.cs: 1402 - Fixing 35
2025-12-25 18:35:20,250 INFO  ExportHelperExtension.cs: 1402 - Fixing 32
2025-12-25 18:35:20,428 INFO  ExportHelperExtension.cs: 828 - R1: 1, System.__ComObject, 1, System.Double[]
2025-12-25 18:35:20,430 INFO  ExportHelperExtension.cs: 841 - R2: 0, 0
2025-12-25 18:35:20,430 INFO  ExportHelperExtension.cs: 849 - L1: 0
2025-12-25 18:35:20,430 INFO  ExportHelperExtension.cs: 857 - L2: 0
2025-12-25 18:35:20,431 INFO  ExportHelperExtension.cs: 1352 - Unfixing component 33
2025-12-25 18:35:20,431 INFO  ExportHelperExtension.cs: 1352 - Unfixing component 36
2025-12-25 18:35:20,431 INFO  ExportHelperExtension.cs: 1352 - Unfixing component 35
2025-12-25 18:35:20,431 INFO  ExportHelperExtension.cs: 1352 - Unfixing component 32
2025-12-25 18:35:22,346 WARN  ExportHelperExtension.cs: 351 - Creating joint from parent Link3 to child Link4 failed
2025-12-25 18:35:22,390 INFO  ExportHelperExtension.cs: 347 - Creating joint Link5
2025-12-25 18:35:22,391 INFO  ExportHelperExtension.cs: 1397 - Fixing components for Link4
2025-12-25 18:35:22,392 INFO  ExportHelperExtension.cs: 1402 - Fixing 37
2025-12-25 18:35:22,392 INFO  ExportHelperExtension.cs: 1402 - Fixing 33
2025-12-25 18:35:22,394 INFO  ExportHelperExtension.cs: 1402 - Fixing 36
2025-12-25 18:35:22,395 INFO  ExportHelperExtension.cs: 1402 - Fixing 35
2025-12-25 18:35:22,395 INFO  ExportHelperExtension.cs: 1402 - Fixing 32
2025-12-25 18:35:22,573 INFO  ExportHelperExtension.cs: 828 - R1: 1, System.__ComObject, 1, System.Double[]
2025-12-25 18:35:22,574 INFO  ExportHelperExtension.cs: 841 - R2: 0, 0
2025-12-25 18:35:22,577 INFO  ExportHelperExtension.cs: 849 - L1: 0
2025-12-25 18:35:22,577 INFO  ExportHelperExtension.cs: 857 - L2: 0
2025-12-25 18:35:22,589 INFO  ExportHelperExtension.cs: 1352 - Unfixing component 37
2025-12-25 18:35:22,590 INFO  ExportHelperExtension.cs: 1352 - Unfixing component 33
2025-12-25 18:35:22,592 INFO  ExportHelperExtension.cs: 1352 - Unfixing component 36
2025-12-25 18:35:22,592 INFO  ExportHelperExtension.cs: 1352 - Unfixing component 35
2025-12-25 18:35:22,592 INFO  ExportHelperExtension.cs: 1352 - Unfixing component 32
2025-12-25 18:35:24,563 WARN  ExportHelperExtension.cs: 351 - Creating joint from parent Link4 to child Link5 failed
2025-12-25 18:35:24,570 INFO  ExportHelperExtension.cs: 347 - Creating joint Link6
2025-12-25 18:35:24,573 INFO  ExportHelperExtension.cs: 1397 - Fixing components for Link5
2025-12-25 18:35:24,573 INFO  ExportHelperExtension.cs: 1402 - Fixing 39
2025-12-25 18:35:24,573 INFO  ExportHelperExtension.cs: 1402 - Fixing 37
2025-12-25 18:35:24,573 INFO  ExportHelperExtension.cs: 1402 - Fixing 33
2025-12-25 18:35:24,575 INFO  ExportHelperExtension.cs: 1402 - Fixing 36
2025-12-25 18:35:24,575 INFO  ExportHelperExtension.cs: 1402 - Fixing 35
2025-12-25 18:35:24,575 INFO  ExportHelperExtension.cs: 1402 - Fixing 32
2025-12-25 18:35:24,764 INFO  ExportHelperExtension.cs: 828 - R1: 1, System.__ComObject, 1, System.Double[]
2025-12-25 18:35:24,765 INFO  ExportHelperExtension.cs: 841 - R2: 0, 0
2025-12-25 18:35:24,765 INFO  ExportHelperExtension.cs: 849 - L1: 0
2025-12-25 18:35:24,765 INFO  ExportHelperExtension.cs: 857 - L2: 0
2025-12-25 18:35:24,767 INFO  ExportHelperExtension.cs: 1352 - Unfixing component 39
2025-12-25 18:35:24,767 INFO  ExportHelperExtension.cs: 1352 - Unfixing component 37
2025-12-25 18:35:24,768 INFO  ExportHelperExtension.cs: 1352 - Unfixing component 33
2025-12-25 18:35:24,768 INFO  ExportHelperExtension.cs: 1352 - Unfixing component 36
2025-12-25 18:35:24,768 INFO  ExportHelperExtension.cs: 1352 - Unfixing component 35
2025-12-25 18:35:24,768 INFO  ExportHelperExtension.cs: 1352 - Unfixing component 32
2025-12-25 18:35:26,733 WARN  ExportHelperExtension.cs: 351 - Creating joint from parent Link5 to child Link6 failed
2025-12-25 18:35:26,899 INFO  ExportHelperExtension.cs: 1125 - Retrieving features of type [CoordSys] from Assembly_version_2
2025-12-25 18:35:26,905 INFO  ExportHelperExtension.cs: 1136 - Found 61 in Assembly_version_2
2025-12-25 18:35:26,907 INFO  ExportHelperExtension.cs: 1145 - Found 7 features of type [CoordSys] in Assembly_version_2
2025-12-25 18:35:26,908 INFO  ExportHelperExtension.cs: 1148 - Proceeding through assembly components
2025-12-25 18:35:26,908 INFO  ExportHelperExtension.cs: 1160 - 8 components to check
2025-12-25 18:35:26,909 INFO  ExportHelperExtension.cs: 1125 - Retrieving features of type [CoordSys] from End_effector_mounting_2023-1
2025-12-25 18:35:26,909 INFO  ExportHelperExtension.cs: 1136 - Found 25 in End_effector_mounting_2023-1
2025-12-25 18:35:26,910 INFO  ExportHelperExtension.cs: 1145 - Found 0 features of type [CoordSys] in End_effector_mounting_2023-1
2025-12-25 18:35:26,910 INFO  ExportHelperExtension.cs: 1125 - Retrieving features of type [CoordSys] from shoulder_to_elbow_2023-1
2025-12-25 18:35:26,911 INFO  ExportHelperExtension.cs: 1136 - Found 71 in shoulder_to_elbow_2023-1
2025-12-25 18:35:26,912 INFO  ExportHelperExtension.cs: 1145 - Found 0 features of type [CoordSys] in shoulder_to_elbow_2023-1
2025-12-25 18:35:26,912 INFO  ExportHelperExtension.cs: 1125 - Retrieving features of type [CoordSys] from Wrist(2) to Wrist(3) link-1
2025-12-25 18:35:26,913 INFO  ExportHelperExtension.cs: 1136 - Found 60 in Wrist(2) to Wrist(3) link-1
2025-12-25 18:35:26,913 INFO  ExportHelperExtension.cs: 1145 - Found 0 features of type [CoordSys] in Wrist(2) to Wrist(3) link-1
2025-12-25 18:35:26,913 INFO  ExportHelperExtension.cs: 1125 - Retrieving features of type [CoordSys] from Base_2023-2
2025-12-25 18:35:26,914 INFO  ExportHelperExtension.cs: 1136 - Found 46 in Base_2023-2
2025-12-25 18:35:26,914 INFO  ExportHelperExtension.cs: 1145 - Found 0 features of type [CoordSys] in Base_2023-2
2025-12-25 18:35:26,915 INFO  ExportHelperExtension.cs: 1125 - Retrieving features of type [CoordSys] from elbow_wrist_modified-1
2025-12-25 18:35:26,915 INFO  ExportHelperExtension.cs: 1136 - Found 89 in elbow_wrist_modified-1
2025-12-25 18:35:26,916 INFO  ExportHelperExtension.cs: 1145 - Found 0 features of type [CoordSys] in elbow_wrist_modified-1
2025-12-25 18:35:26,916 INFO  ExportHelperExtension.cs: 1125 - Retrieving features of type [CoordSys] from rhino_platform_2_2023-1
2025-12-25 18:35:26,917 INFO  ExportHelperExtension.cs: 1136 - Found 49 in rhino_platform_2_2023-1
2025-12-25 18:35:26,917 INFO  ExportHelperExtension.cs: 1145 - Found 0 features of type [CoordSys] in rhino_platform_2_2023-1
2025-12-25 18:35:26,918 INFO  ExportHelperExtension.cs: 1125 - Retrieving features of type [CoordSys] from Wrist(1) to Wrist(2) link-1
2025-12-25 18:35:26,918 INFO  ExportHelperExtension.cs: 1136 - Found 60 in Wrist(1) to Wrist(2) link-1
2025-12-25 18:35:26,919 INFO  ExportHelperExtension.cs: 1145 - Found 0 features of type [CoordSys] in Wrist(1) to Wrist(2) link-1
2025-12-25 18:35:26,919 INFO  ExportHelperExtension.cs: 1125 - Retrieving features of type [CoordSys] from Wrist(3) to End link_2023-1
2025-12-25 18:35:26,920 INFO  ExportHelperExtension.cs: 1136 - Found 47 in Wrist(3) to End link_2023-1
2025-12-25 18:35:26,920 INFO  ExportHelperExtension.cs: 1145 - Found 0 features of type [CoordSys] in Wrist(3) to End link_2023-1
2025-12-25 18:35:26,921 INFO  ExportHelperExtension.cs: 1125 - Retrieving features of type [RefAxis] from Assembly_version_2
2025-12-25 18:35:26,921 INFO  ExportHelperExtension.cs: 1136 - Found 61 in Assembly_version_2
2025-12-25 18:35:26,922 INFO  ExportHelperExtension.cs: 1145 - Found 6 features of type [RefAxis] in Assembly_version_2
2025-12-25 18:35:26,923 INFO  ExportHelperExtension.cs: 1148 - Proceeding through assembly components
2025-12-25 18:35:26,923 INFO  ExportHelperExtension.cs: 1160 - 8 components to check
2025-12-25 18:35:26,923 INFO  ExportHelperExtension.cs: 1125 - Retrieving features of type [RefAxis] from End_effector_mounting_2023-1
2025-12-25 18:35:26,948 INFO  ExportHelperExtension.cs: 1136 - Found 25 in End_effector_mounting_2023-1
2025-12-25 18:35:26,948 INFO  ExportHelperExtension.cs: 1145 - Found 0 features of type [RefAxis] in End_effector_mounting_2023-1
2025-12-25 18:35:26,949 INFO  ExportHelperExtension.cs: 1125 - Retrieving features of type [RefAxis] from shoulder_to_elbow_2023-1
2025-12-25 18:35:26,950 INFO  ExportHelperExtension.cs: 1136 - Found 71 in shoulder_to_elbow_2023-1
2025-12-25 18:35:26,950 INFO  ExportHelperExtension.cs: 1145 - Found 0 features of type [RefAxis] in shoulder_to_elbow_2023-1
2025-12-25 18:35:26,951 INFO  ExportHelperExtension.cs: 1125 - Retrieving features of type [RefAxis] from Wrist(2) to Wrist(3) link-1
2025-12-25 18:35:26,951 INFO  ExportHelperExtension.cs: 1136 - Found 60 in Wrist(2) to Wrist(3) link-1
2025-12-25 18:35:26,953 INFO  ExportHelperExtension.cs: 1145 - Found 0 features of type [RefAxis] in Wrist(2) to Wrist(3) link-1
2025-12-25 18:35:26,953 INFO  ExportHelperExtension.cs: 1125 - Retrieving features of type [RefAxis] from Base_2023-2
2025-12-25 18:35:26,954 INFO  ExportHelperExtension.cs: 1136 - Found 46 in Base_2023-2
2025-12-25 18:35:26,954 INFO  ExportHelperExtension.cs: 1145 - Found 0 features of type [RefAxis] in Base_2023-2
2025-12-25 18:35:26,955 INFO  ExportHelperExtension.cs: 1125 - Retrieving features of type [RefAxis] from elbow_wrist_modified-1
2025-12-25 18:35:26,955 INFO  ExportHelperExtension.cs: 1136 - Found 89 in elbow_wrist_modified-1
2025-12-25 18:35:26,956 INFO  ExportHelperExtension.cs: 1145 - Found 0 features of type [RefAxis] in elbow_wrist_modified-1
2025-12-25 18:35:26,956 INFO  ExportHelperExtension.cs: 1125 - Retrieving features of type [RefAxis] from rhino_platform_2_2023-1
2025-12-25 18:35:26,957 INFO  ExportHelperExtension.cs: 1136 - Found 49 in rhino_platform_2_2023-1
2025-12-25 18:35:26,957 INFO  ExportHelperExtension.cs: 1145 - Found 0 features of type [RefAxis] in rhino_platform_2_2023-1
2025-12-25 18:35:26,958 INFO  ExportHelperExtension.cs: 1125 - Retrieving features of type [RefAxis] from Wrist(1) to Wrist(2) link-1
2025-12-25 18:35:26,958 INFO  ExportHelperExtension.cs: 1136 - Found 60 in Wrist(1) to Wrist(2) link-1
2025-12-25 18:35:26,959 INFO  ExportHelperExtension.cs: 1145 - Found 0 features of type [RefAxis] in Wrist(1) to Wrist(2) link-1
2025-12-25 18:35:26,959 INFO  ExportHelperExtension.cs: 1125 - Retrieving features of type [RefAxis] from Wrist(3) to End link_2023-1
2025-12-25 18:35:26,960 INFO  ExportHelperExtension.cs: 1136 - Found 47 in Wrist(3) to End link_2023-1
2025-12-25 18:35:26,960 INFO  ExportHelperExtension.cs: 1145 - Found 0 features of type [RefAxis] in Wrist(3) to End link_2023-1
2025-12-25 18:35:27,031 INFO  ExportPropertyManager.cs: 1142 - AfterClose called. This method no longer throws an Exception. It just silently does nothing. Ok, except for this logging message
2025-12-25 18:35:38,169 INFO  AssemblyExportForm.cs: 253 - Completing URDF export
2025-12-25 18:35:38,174 INFO  ConfigurationSerialization.cs: 276 - URDF Configuration found
<Link z:Id="i1" xmlns="http://schemas.datacontract.org/2004/07/SW2URDF" xmlns:i="http://www.w3.org/2001/XMLSchema-instance" xmlns:z="http://schemas.microsoft.com/2003/10/Serialization/"><Attributes><Attribute z:Id="i2"><AttributeType>name</AttributeType><IsRequired>true</IsRequired><Value i:type="a:string" xmlns:a="http://www.w3.org/2001/XMLSchema">base_link</Value></Attribute></Attributes><ChildElements><URDFElement z:Id="i3" i:type="Inertial"><Attributes/><ChildElements><URDFElement z:Id="i4" i:type="Origin"><Attributes><Attribute z:Id="i5"><AttributeType>xyz</AttributeType><IsRequired>true</IsRequired><Value i:type="a:ArrayOfdouble" xmlns:a="http://schemas.microsoft.com/2003/10/Serialization/Arrays"><a:double>0</a:double><a:double>0</a:double><a:double>0</a:double></Value></Attribute><Attribute z:Id="i6"><AttributeType>rpy</AttributeType><IsRequired>true</IsRequired><Value i:type="a:ArrayOfdouble" xmlns:a="http://schemas.microsoft.com/2003/10/Serialization/Arrays"><a:double>0</a:double><a:double>0</a:double><a:double>0</a:double></Value></Attribute></Attributes><ChildElements/><ElementName>origin</ElementName><required>false</required><RPYAttribute z:Ref="i6"/><XYZAttribute z:Ref="i5"/><isCustomized>false</isCustomized></URDFElement><URDFElement z:Id="i7" i:type="Mass"><Attributes><Attribute z:Id="i8"><AttributeType>value</AttributeType><IsRequired>true</IsRequired><Value i:type="a:double" xmlns:a="http://www.w3.org/2001/XMLSchema">0</Value></Attribute></Attributes><ChildElements/><ElementName>mass</ElementName><required>false</required><ValueAttribute z:Ref="i8"/></URDFElement><URDFElement z:Id="i9" i:type="Inertia"><Attributes><Attribute z:Id="i10"><AttributeType>ixx</AttributeType><IsRequired>true</IsRequired><Value i:type="a:double" xmlns:a="http://www.w3.org/2001/XMLSchema">0</Value></Attribute><Attribute z:Id="i11"><AttributeType>ixy</AttributeType><IsRequired>true</IsRequired><Value i:type="a:double" xmlns:a="http://www.w3.org/2001/XMLSchema">0</Value></Attribute><Attribute z:Id="i12"><AttributeType>ixz</AttributeType><IsRequired>true</IsRequired><Value i:type="a:double" xmlns:a="http://www.w3.org/2001/XMLSchema">0</Value></Attribute><Attribute z:Id="i13"><AttributeType>iyy</AttributeType><IsRequired>true</IsRequired><Value i:type="a:double" xmlns:a="http://www.w3.org/2001/XMLSchema">0</Value></Attribute><Attribute z:Id="i14"><AttributeType>iyz</AttributeType><IsRequired>true</IsRequired><Value i:type="a:double" xmlns:a="http://www.w3.org/2001/XMLSchema">0</Value></Attribute><Attribute z:Id="i15"><AttributeType>izz</AttributeType><IsRequired>true</IsRequired><Value i:type="a:double" xmlns:a="http://www.w3.org/2001/XMLSchema">0</Value></Attribute></Attributes><ChildElements/><ElementName>inertia</ElementName><required>false</required><IxxAttribute z:Ref="i10"/><IxyAttribute z:Ref="i11"/><IxzAttribute z:Ref="i12"/><IyyAttribute z:Ref="i13"/><IyzAttribute z:Ref="i14"/><IzzAttribute z:Ref="i15"/></URDFElement></ChildElements><ElementName>inertial</ElementName><required>false</required><Inertia z:Ref="i9"/><Mass z:Ref="i7"/><Origin z:Ref="i4"/></URDFElement><URDFElement z:Id="i16" i:type="Visual"><Attributes/><ChildElements><URDFElement z:Id="i17" i:type="Origin"><Attributes><Attribute z:Id="i18"><AttributeType>xyz</AttributeType><IsRequired>true</IsRequired><Value i:type="a:ArrayOfdouble" xmlns:a="http://schemas.microsoft.com/2003/10/Serialization/Arrays"><a:double>0</a:double><a:double>0</a:double><a:double>0</a:double></Value></Attribute><Attribute z:Id="i19"><AttributeType>rpy</AttributeType><IsRequired>true</IsRequired><Value i:type="a:ArrayOfdouble" xmlns:a="http://schemas.microsoft.com/2003/10/Serialization/Arrays"><a:double>0</a:double><a:double>0</a:double><a:double>0</a:double></Value></Attribute></Attributes><ChildElements/><ElementName>origin</ElementName><required>false</required><RPYAttribute z:Ref="i19"/><XYZAttribute z:Ref="i18"/><isCustomized>false</isCustomized></URDFElement><URDFElement z:Id="i20" i:type="Geometry"><Attributes/><ChildElements><URDFElement z:Id="i21" i:type="Mesh"><Attributes><Attribute z:Id="i22"><AttributeType>filename</AttributeType><IsRequired>true</IsRequired><Value i:nil="true"/></Attribute></Attributes><ChildElements/><ElementName>mesh</ElementName><required>false</required><FilenameAttribute z:Ref="i22"/></URDFElement></ChildElements><ElementName>geometry</ElementName><required>true</required><Mesh z:Ref="i21"/></URDFElement><URDFElement z:Id="i23" i:type="Material"><Attributes><Attribute z:Id="i24"><AttributeType>name</AttributeType><IsRequired>true</IsRequired><Value i:type="a:string" xmlns:a="http://www.w3.org/2001/XMLSchema"/></Attribute></Attributes><ChildElements><URDFElement z:Id="i25" i:type="Color"><Attributes><Attribute z:Id="i26"><AttributeType>rgba</AttributeType><IsRequired>true</IsRequired><Value i:type="a:ArrayOfdouble" xmlns:a="http://schemas.microsoft.com/2003/10/Serialization/Arrays"><a:double>1</a:double><a:double>1</a:double><a:double>1</a:double><a:double>1</a:double></Value></Attribute></Attributes><ChildElements/><ElementName>color</ElementName><required>false</required><RGBAAttribute z:Ref="i26"/></URDFElement><URDFElement z:Id="i27" i:type="Texture"><Attributes><Attribute z:Id="i28"><AttributeType>filename</AttributeType><IsRequired>true</IsRequired><Value i:nil="true"/></Attribute></Attributes><ChildElements/><ElementName>texture</ElementName><required>false</required><FilenameAttribute z:Ref="i28"/><wFilename/></URDFElement></ChildElements><ElementName>material</ElementName><required>false</required><Color z:Ref="i25"/><NameAttribute z:Ref="i24"/><Texture z:Ref="i27"/></URDFElement></ChildElements><ElementName>visual</ElementName><required>false</required><Geometry z:Ref="i20"/><Material z:Ref="i23"/><Origin z:Ref="i17"/></URDFElement><URDFElement z:Id="i29" i:type="Collision"><Attributes/><ChildElements><URDFElement z:Id="i30" i:type="Origin"><Attributes><Attribute z:Id="i31"><AttributeType>xyz</AttributeType><IsRequired>true</IsRequired><Value i:type="a:ArrayOfdouble" xmlns:a="http://schemas.microsoft.com/2003/10/Serialization/Arrays"><a:double>0</a:double><a:double>0</a:double><a:double>0</a:double></Value></Attribute><Attribute z:Id="i32"><AttributeType>rpy</AttributeType><IsRequired>true</IsRequired><Value i:type="a:ArrayOfdouble" xmlns:a="http://schemas.microsoft.com/2003/10/Serialization/Arrays"><a:double>0</a:double><a:double>0</a:double><a:double>0</a:double></Value></Attribute></Attributes><ChildElements/><ElementName>origin</ElementName><required>false</required><RPYAttribute z:Ref="i32"/><XYZAttribute z:Ref="i31"/><isCustomized>false</isCustomized></URDFElement><URDFElement z:Id="i33" i:type="Geometry"><Attributes/><ChildElements><URDFElement z:Id="i34" i:type="Mesh"><Attributes><Attribute z:Id="i35"><AttributeType>filename</AttributeType><IsRequired>true</IsRequired><Value i:nil="true"/></Attribute></Attributes><ChildElements/><ElementName>mesh</ElementName><required>false</required><FilenameAttribute z:Ref="i35"/></URDFElement></ChildElements><ElementName>geometry</ElementName><required>true</required><Mesh z:Ref="i34"/></URDFElement></ChildElements><ElementName>collision</ElementName><required>false</required><Geometry z:Ref="i33"/><Origin z:Ref="i30"/></URDFElement><URDFElement z:Id="i36" i:type="Joint"><Attributes><Attribute z:Id="i37"><AttributeType>name</AttributeType><IsRequired>true</IsRequired><Value i:type="a:string" xmlns:a="http://www.w3.org/2001/XMLSchema"/></Attribute><Attribute z:Id="i38"><AttributeType>type</AttributeType><IsRequired>true</IsRequired><Value i:type="a:string" xmlns:a="http://www.w3.org/2001/XMLSchema"/></Attribute></Attributes><ChildElements><URDFElement z:Id="i39" i:type="Origin"><Attributes><Attribute z:Id="i40"><AttributeType>xyz</AttributeType><IsRequired>true</IsRequired><Value i:type="a:ArrayOfdouble" xmlns:a="http://schemas.microsoft.com/2003/10/Serialization/Arrays"><a:double>0</a:double><a:double>0</a:double><a:double>0</a:double></Value></Attribute><Attribute z:Id="i41"><AttributeType>rpy</AttributeType><IsRequired>true</IsRequired><Value i:type="a:ArrayOfdouble" xmlns:a="http://schemas.microsoft.com/2003/10/Serialization/Arrays"><a:double>0</a:double><a:double>0</a:double><a:double>0</a:double></Value></Attribute></Attributes><ChildElements/><ElementName>origin</ElementName><required>false</required><RPYAttribute z:Ref="i41"/><XYZAttribute z:Ref="i40"/><isCustomized>false</isCustomized></URDFElement><URDFElement z:Id="i42" i:type="ParentLink"><Attributes><Attribute z:Id="i43"><AttributeType>link</AttributeType><IsRequired>true</IsRequired><Value i:type="a:string" xmlns:a="http://www.w3.org/2001/XMLSchema"/></Attribute></Attributes><ChildElements/><ElementName>parent</ElementName><required>true</required><NameAttribute z:Ref="i43"/></URDFElement><URDFElement z:Id="i44" i:type="ChildLink"><Attributes><Attribute z:Id="i45"><AttributeType>link</AttributeType><IsRequired>true</IsRequired><Value i:type="a:string" xmlns:a="http://www.w3.org/2001/XMLSchema"/></Attribute></Attributes><ChildElements/><ElementName>child</ElementName><required>true</required><NameAttribute z:Ref="i45"/></URDFElement><URDFElement z:Id="i46" i:type="Axis"><Attributes><Attribute z:Id="i47"><AttributeType>xyz</AttributeType><IsRequired>true</IsRequired><Value i:type="a:ArrayOfdouble" xmlns:a="http://schemas.microsoft.com/2003/10/Serialization/Arrays"><a:double>0</a:double><a:double>0</a:double><a:double>0</a:double></Value></Attribute></Attributes><ChildElements/><ElementName>axis</ElementName><required>false</required><XYZAttribute z:Ref="i47"/></URDFElement><URDFElement z:Id="i48" i:type="Limit"><Attributes><Attribute z:Id="i49"><AttributeType>lower</AttributeType><IsRequired>false</IsRequired><Value i:nil="true"/></Attribute><Attribute z:Id="i50"><AttributeType>upper</AttributeType><IsRequired>false</IsRequired><Value i:nil="true"/></Attribute><Attribute z:Id="i51"><AttributeType>effort</AttributeType><IsRequired>true</IsRequired><Value i:nil="true"/></Attribute><Attribute z:Id="i52"><AttributeType>velocity</AttributeType><IsRequired>true</IsRequired><Value i:nil="true"/></Attribute></Attributes><ChildElements/><ElementName>limit</ElementName><required>false</required><EffortAttribute z:Ref="i51"/><LowerAttribute z:Ref="i49"/><UpperAttribute z:Ref="i50"/><VelocityAttribute z:Ref="i52"/></URDFElement><URDFElement z:Id="i53" i:type="Calibration"><Attributes><Attribute z:Id="i54"><AttributeType>rising</AttributeType><IsRequired>false</IsRequired><Value i:nil="true"/></Attribute><Attribute z:Id="i55"><AttributeType>falling</AttributeType><IsRequired>false</IsRequired><Value i:nil="true"/></Attribute></Attributes><ChildElements/><ElementName>calibration</ElementName><required>false</required><FallingAttribute z:Ref="i55"/><RisingAttribute z:Ref="i54"/></URDFElement><URDFElement z:Id="i56" i:type="Dynamics"><Attributes><Attribute z:Id="i57"><AttributeType>damping</AttributeType><IsRequired>false</IsRequired><Value i:nil="true"/></Attribute><Attribute z:Id="i58"><AttributeType>friction</AttributeType><IsRequired>false</IsRequired><Value i:nil="true"/></Attribute></Attributes><ChildElements/><ElementName>dynamics</ElementName><required>false</required><DampingAttribute z:Ref="i57"/><FrictionAttribute z:Ref="i58"/></URDFElement><URDFElement z:Id="i59" i:type="SafetyController"><Attributes><Attribute z:Id="i60"><AttributeType>soft_upper_limit</AttributeType><IsRequired>false</IsRequired><Value i:nil="true"/></Attribute><Attribute z:Id="i61"><AttributeType>soft_lower_limit</AttributeType><IsRequired>false</IsRequired><Value i:nil="true"/></Attribute><Attribute z:Id="i62"><AttributeType>k_position</AttributeType><IsRequired>false</IsRequired><Value i:nil="true"/></Attribute><Attribute z:Id="i63"><AttributeType>k_velocity</AttributeType><IsRequired>true</IsRequired><Value i:nil="true"/></Attribute></Attributes><ChildElements/><ElementName>safety_controller</ElementName><required>false</required><KPositionAttribute z:Ref="i62"/><KVelocityAttribute z:Ref="i63"/><SoftLowerAttribute z:Ref="i61"/><SoftUpperAttribute z:Ref="i60"/></URDFElement><URDFElement z:Id="i64" i:type="Mimic"><Attributes><Attribute z:Id="i65"><AttributeType>joint</AttributeType><IsRequired>true</IsRequired><Value i:nil="true"/></Attribute><Attribute z:Id="i66"><AttributeType>multiplier</AttributeType><IsRequired>false</IsRequired><Value i:nil="true"/></Attribute><Attribute z:Id="i67"><AttributeType>offset</AttributeType><IsRequired>false</IsRequired><Value i:nil="true"/></Attribute></Attributes><ChildElements/><ElementName>mimic</ElementName><required>false</required><JointNameAttribute z:Ref="i65"/><MultiplierAttribute z:Ref="i66"/><OffsetAttribute z:Ref="i67"/></URDFElement></ChildElements><ElementName>joint</ElementName><required>false</required><Axis z:Ref="i46"/><AxisName/><Calibration z:Ref="i53"/><Child z:Ref="i44"/><CoordinateSystemName>Automatically Generate</CoordinateSystemName><Dynamics z:Ref="i56"/><Limit z:Ref="i48"/><Mimic z:Ref="i64"/><NameAttribute z:Ref="i37"/><Origin z:Ref="i39"/><Parent z:Ref="i42"/><Safety z:Ref="i59"/><TypeAttribute z:Ref="i38"/></URDFElement></ChildElements><ElementName>link</ElementName><required>true</required><Children><Link z:Id="i68"><Attributes><Attribute z:Id="i69"><AttributeType>name</AttributeType><IsRequired>true</IsRequired><Value i:type="a:string" xmlns:a="http://www.w3.org/2001/XMLSchema">Link1</Value></Attribute></Attributes><ChildElements><URDFElement z:Id="i70" i:type="Inertial"><Attributes/><ChildElements><URDFElement z:Id="i71" i:type="Origin"><Attributes><Attribute z:Id="i72"><AttributeType>xyz</AttributeType><IsRequired>true</IsRequired><Value i:type="a:ArrayOfdouble" xmlns:a="http://schemas.microsoft.com/2003/10/Serialization/Arrays"><a:double>0</a:double><a:double>0</a:double><a:double>0</a:double></Value></Attribute><Attribute z:Id="i73"><AttributeType>rpy</AttributeType><IsRequired>true</IsRequired><Value i:type="a:ArrayOfdouble" xmlns:a="http://schemas.microsoft.com/2003/10/Serialization/Arrays"><a:double>0</a:double><a:double>0</a:double><a:double>0</a:double></Value></Attribute></Attributes><ChildElements/><ElementName>origin</ElementName><required>false</required><RPYAttribute z:Ref="i73"/><XYZAttribute z:Ref="i72"/><isCustomized>false</isCustomized></URDFElement><URDFElement z:Id="i74" i:type="Mass"><Attributes><Attribute z:Id="i75"><AttributeType>value</AttributeType><IsRequired>true</IsRequired><Value i:type="a:double" xmlns:a="http://www.w3.org/2001/XMLSchema">0</Value></Attribute></Attributes><ChildElements/><ElementName>mass</ElementName><required>false</required><ValueAttribute z:Ref="i75"/></URDFElement><URDFElement z:Id="i76" i:type="Inertia"><Attributes><Attribute z:Id="i77"><AttributeType>ixx</AttributeType><IsRequired>true</IsRequired><Value i:type="a:double" xmlns:a="http://www.w3.org/2001/XMLSchema">0</Value></Attribute><Attribute z:Id="i78"><AttributeType>ixy</AttributeType><IsRequired>true</IsRequired><Value i:type="a:double" xmlns:a="http://www.w3.org/2001/XMLSchema">0</Value></Attribute><Attribute z:Id="i79"><AttributeType>ixz</AttributeType><IsRequired>true</IsRequired><Value i:type="a:double" xmlns:a="http://www.w3.org/2001/XMLSchema">0</Value></Attribute><Attribute z:Id="i80"><AttributeType>iyy</AttributeType><IsRequired>true</IsRequired><Value i:type="a:double" xmlns:a="http://www.w3.org/2001/XMLSchema">0</Value></Attribute><Attribute z:Id="i81"><AttributeType>iyz</AttributeType><IsRequired>true</IsRequired><Value i:type="a:double" xmlns:a="http://www.w3.org/2001/XMLSchema">0</Value></Attribute><Attribute z:Id="i82"><AttributeType>izz</AttributeType><IsRequired>true</IsRequired><Value i:type="a:double" xmlns:a="http://www.w3.org/2001/XMLSchema">0</Value></Attribute></Attributes><ChildElements/><ElementName>inertia</ElementName><required>false</required><IxxAttribute z:Ref="i77"/><IxyAttribute z:Ref="i78"/><IxzAttribute z:Ref="i79"/><IyyAttribute z:Ref="i80"/><IyzAttribute z:Ref="i81"/><IzzAttribute z:Ref="i82"/></URDFElement></ChildElements><ElementName>inertial</ElementName><required>false</required><Inertia z:Ref="i76"/><Mass z:Ref="i74"/><Origin z:Ref="i71"/></URDFElement><URDFElement z:Id="i83" i:type="Visual"><Attributes/><ChildElements><URDFElement z:Id="i84" i:type="Origin"><Attributes><Attribute z:Id="i85"><AttributeType>xyz</AttributeType><IsRequired>true</IsRequired><Value i:type="a:ArrayOfdouble" xmlns:a="http://schemas.microsoft.com/2003/10/Serialization/Arrays"><a:double>0</a:double><a:double>0</a:double><a:double>0</a:double></Value></Attribute><Attribute z:Id="i86"><AttributeType>rpy</AttributeType><IsRequired>true</IsRequired><Value i:type="a:ArrayOfdouble" xmlns:a="http://schemas.microsoft.com/2003/10/Serialization/Arrays"><a:double>0</a:double><a:double>0</a:double><a:double>0</a:double></Value></Attribute></Attributes><ChildElements/><ElementName>origin</ElementName><required>false</required><RPYAttribute z:Ref="i86"/><XYZAttribute z:Ref="i85"/><isCustomized>false</isCustomized></URDFElement><URDFElement z:Id="i87" i:type="Geometry"><Attributes/><ChildElements><URDFElement z:Id="i88" i:type="Mesh"><Attributes><Attribute z:Id="i89"><AttributeType>filename</AttributeType><IsRequired>true</IsRequired><Value i:nil="true"/></Attribute></Attributes><ChildElements/><ElementName>mesh</ElementName><required>false</required><FilenameAttribute z:Ref="i89"/></URDFElement></ChildElements><ElementName>geometry</ElementName><required>true</required><Mesh z:Ref="i88"/></URDFElement><URDFElement z:Id="i90" i:type="Material"><Attributes><Attribute z:Id="i91"><AttributeType>name</AttributeType><IsRequired>true</IsRequired><Value i:type="a:string" xmlns:a="http://www.w3.org/2001/XMLSchema"/></Attribute></Attributes><ChildElements><URDFElement z:Id="i92" i:type="Color"><Attributes><Attribute z:Id="i93"><AttributeType>rgba</AttributeType><IsRequired>true</IsRequired><Value i:type="a:ArrayOfdouble" xmlns:a="http://schemas.microsoft.com/2003/10/Serialization/Arrays"><a:double>1</a:double><a:double>1</a:double><a:double>1</a:double><a:double>1</a:double></Value></Attribute></Attributes><ChildElements/><ElementName>color</ElementName><required>false</required><RGBAAttribute z:Ref="i93"/></URDFElement><URDFElement z:Id="i94" i:type="Texture"><Attributes><Attribute z:Id="i95"><AttributeType>filename</AttributeType><IsRequired>true</IsRequired><Value i:nil="true"/></Attribute></Attributes><ChildElements/><ElementName>texture</ElementName><required>false</required><FilenameAttribute z:Ref="i95"/><wFilename/></URDFElement></ChildElements><ElementName>material</ElementName><required>false</required><Color z:Ref="i92"/><NameAttribute z:Ref="i91"/><Texture z:Ref="i94"/></URDFElement></ChildElements><ElementName>visual</ElementName><required>false</required><Geometry z:Ref="i87"/><Material z:Ref="i90"/><Origin z:Ref="i84"/></URDFElement><URDFElement z:Id="i96" i:type="Collision"><Attributes/><ChildElements><URDFElement z:Id="i97" i:type="Origin"><Attributes><Attribute z:Id="i98"><AttributeType>xyz</AttributeType><IsRequired>true</IsRequired><Value i:type="a:ArrayOfdouble" xmlns:a="http://schemas.microsoft.com/2003/10/Serialization/Arrays"><a:double>0</a:double><a:double>0</a:double><a:double>0</a:double></Value></Attribute><Attribute z:Id="i99"><AttributeType>rpy</AttributeType><IsRequired>true</IsRequired><Value i:type="a:ArrayOfdouble" xmlns:a="http://schemas.microsoft.com/2003/10/Serialization/Arrays"><a:double>0</a:double><a:double>0</a:double><a:double>0</a:double></Value></Attribute></Attributes><ChildElements/><ElementName>origin</ElementName><required>false</required><RPYAttribute z:Ref="i99"/><XYZAttribute z:Ref="i98"/><isCustomized>false</isCustomized></URDFElement><URDFElement z:Id="i100" i:type="Geometry"><Attributes/><ChildElements><URDFElement z:Id="i101" i:type="Mesh"><Attributes><Attribute z:Id="i102"><AttributeType>filename</AttributeType><IsRequired>true</IsRequired><Value i:nil="true"/></Attribute></Attributes><ChildElements/><ElementName>mesh</ElementName><required>false</required><FilenameAttribute z:Ref="i102"/></URDFElement></ChildElements><ElementName>geometry</ElementName><required>true</required><Mesh z:Ref="i101"/></URDFElement></ChildElements><ElementName>collision</ElementName><required>false</required><Geometry z:Ref="i100"/><Origin z:Ref="i97"/></URDFElement><URDFElement z:Id="i103" i:type="Joint"><Attributes><Attribute z:Id="i104"><AttributeType>name</AttributeType><IsRequired>true</IsRequired><Value i:type="a:string" xmlns:a="http://www.w3.org/2001/XMLSchema">joint1</Value></Attribute><Attribute z:Id="i105"><AttributeType>type</AttributeType><IsRequired>true</IsRequired><Value i:type="a:string" xmlns:a="http://www.w3.org/2001/XMLSchema">Automatically Detect</Value></Attribute></Attributes><ChildElements><URDFElement z:Id="i106" i:type="Origin"><Attributes><Attribute z:Id="i107"><AttributeType>xyz</AttributeType><IsRequired>true</IsRequired><Value i:type="a:ArrayOfdouble" xmlns:a="http://schemas.microsoft.com/2003/10/Serialization/Arrays"><a:double>0</a:double><a:double>0</a:double><a:double>0</a:double></Value></Attribute><Attribute z:Id="i108"><AttributeType>rpy</AttributeType><IsRequired>true</IsRequired><Value i:type="a:ArrayOfdouble" xmlns:a="http://schemas.microsoft.com/2003/10/Serialization/Arrays"><a:double>0</a:double><a:double>0</a:double><a:double>0</a:double></Value></Attribute></Attributes><ChildElements/><ElementName>origin</ElementName><required>false</required><RPYAttribute z:Ref="i108"/><XYZAttribute z:Ref="i107"/><isCustomized>false</isCustomized></URDFElement><URDFElement z:Id="i109" i:type="ParentLink"><Attributes><Attribute z:Id="i110"><AttributeType>link</AttributeType><IsRequired>true</IsRequired><Value i:type="a:string" xmlns:a="http://www.w3.org/2001/XMLSchema"/></Attribute></Attributes><ChildElements/><ElementName>parent</ElementName><required>true</required><NameAttribute z:Ref="i110"/></URDFElement><URDFElement z:Id="i111" i:type="ChildLink"><Attributes><Attribute z:Id="i112"><AttributeType>link</AttributeType><IsRequired>true</IsRequired><Value i:type="a:string" xmlns:a="http://www.w3.org/2001/XMLSchema"/></Attribute></Attributes><ChildElements/><ElementName>child</ElementName><required>true</required><NameAttribute z:Ref="i112"/></URDFElement><URDFElement z:Id="i113" i:type="Axis"><Attributes><Attribute z:Id="i114"><AttributeType>xyz</AttributeType><IsRequired>true</IsRequired><Value i:type="a:ArrayOfdouble" xmlns:a="http://schemas.microsoft.com/2003/10/Serialization/Arrays"><a:double>0</a:double><a:double>0</a:double><a:double>0</a:double></Value></Attribute></Attributes><ChildElements/><ElementName>axis</ElementName><required>false</required><XYZAttribute z:Ref="i114"/></URDFElement><URDFElement z:Id="i115" i:type="Limit"><Attributes><Attribute z:Id="i116"><AttributeType>lower</AttributeType><IsRequired>false</IsRequired><Value i:nil="true"/></Attribute><Attribute z:Id="i117"><AttributeType>upper</AttributeType><IsRequired>false</IsRequired><Value i:nil="true"/></Attribute><Attribute z:Id="i118"><AttributeType>effort</AttributeType><IsRequired>true</IsRequired><Value i:nil="true"/></Attribute><Attribute z:Id="i119"><AttributeType>velocity</AttributeType><IsRequired>true</IsRequired><Value i:nil="true"/></Attribute></Attributes><ChildElements/><ElementName>limit</ElementName><required>false</required><EffortAttribute z:Ref="i118"/><LowerAttribute z:Ref="i116"/><UpperAttribute z:Ref="i117"/><VelocityAttribute z:Ref="i119"/></URDFElement><URDFElement z:Id="i120" i:type="Calibration"><Attributes><Attribute z:Id="i121"><AttributeType>rising</AttributeType><IsRequired>false</IsRequired><Value i:nil="true"/></Attribute><Attribute z:Id="i122"><AttributeType>falling</AttributeType><IsRequired>false</IsRequired><Value i:nil="true"/></Attribute></Attributes><ChildElements/><ElementName>calibration</ElementName><required>false</required><FallingAttribute z:Ref="i122"/><RisingAttribute z:Ref="i121"/></URDFElement><URDFElement z:Id="i123" i:type="Dynamics"><Attributes><Attribute z:Id="i124"><AttributeType>damping</AttributeType><IsRequired>false</IsRequired><Value i:nil="true"/></Attribute><Attribute z:Id="i125"><AttributeType>friction</AttributeType><IsRequired>false</IsRequired><Value i:nil="true"/></Attribute></Attributes><ChildElements/><ElementName>dynamics</ElementName><required>false</required><DampingAttribute z:Ref="i124"/><FrictionAttribute z:Ref="i125"/></URDFElement><URDFElement z:Id="i126" i:type="SafetyController"><Attributes><Attribute z:Id="i127"><AttributeType>soft_upper_limit</AttributeType><IsRequired>false</IsRequired><Value i:nil="true"/></Attribute><Attribute z:Id="i128"><AttributeType>soft_lower_limit</AttributeType><IsRequired>false</IsRequired><Value i:nil="true"/></Attribute><Attribute z:Id="i129"><AttributeType>k_position</AttributeType><IsRequired>false</IsRequired><Value i:nil="true"/></Attribute><Attribute z:Id="i130"><AttributeType>k_velocity</AttributeType><IsRequired>true</IsRequired><Value i:nil="true"/></Attribute></Attributes><ChildElements/><ElementName>safety_controller</ElementName><required>false</required><KPositionAttribute z:Ref="i129"/><KVelocityAttribute z:Ref="i130"/><SoftLowerAttribute z:Ref="i128"/><SoftUpperAttribute z:Ref="i127"/></URDFElement><URDFElement z:Id="i131" i:type="Mimic"><Attributes><Attribute z:Id="i132"><AttributeType>joint</AttributeType><IsRequired>true</IsRequired><Value i:nil="true"/></Attribute><Attribute z:Id="i133"><AttributeType>multiplier</AttributeType><IsRequired>false</IsRequired><Value i:nil="true"/></Attribute><Attribute z:Id="i134"><AttributeType>offset</AttributeType><IsRequired>false</IsRequired><Value i:nil="true"/></Attribute></Attributes><ChildElements/><ElementName>mimic</ElementName><required>false</required><JointNameAttribute z:Ref="i132"/><MultiplierAttribute z:Ref="i133"/><OffsetAttribute z:Ref="i134"/></URDFElement></ChildElements><ElementName>joint</ElementName><required>false</required><Axis z:Ref="i113"/><AxisName>Automatically Generate</AxisName><Calibration z:Ref="i120"/><Child z:Ref="i111"/><CoordinateSystemName>Automatically Generate</CoordinateSystemName><Dynamics z:Ref="i123"/><Limit z:Ref="i115"/><Mimic z:Ref="i131"/><NameAttribute z:Ref="i104"/><Origin z:Ref="i106"/><Parent z:Ref="i109"/><Safety z:Ref="i126"/><TypeAttribute z:Ref="i105"/></URDFElement></ChildElements><ElementName>link</ElementName><required>true</required><Children><Link z:Id="i135"><Attributes><Attribute z:Id="i136"><AttributeType>name</AttributeType><IsRequired>true</IsRequired><Value i:type="a:string" xmlns:a="http://www.w3.org/2001/XMLSchema">Link2</Value></Attribute></Attributes><ChildElements><URDFElement z:Id="i137" i:type="Inertial"><Attributes/><ChildElements><URDFElement z:Id="i138" i:type="Origin"><Attributes><Attribute z:Id="i139"><AttributeType>xyz</AttributeType><IsRequired>true</IsRequired><Value i:type="a:ArrayOfdouble" xmlns:a="http://schemas.microsoft.com/2003/10/Serialization/Arrays"><a:double>0</a:double><a:double>0</a:double><a:double>0</a:double></Value></Attribute><Attribute z:Id="i140"><AttributeType>rpy</AttributeType><IsRequired>true</IsRequired><Value i:type="a:ArrayOfdouble" xmlns:a="http://schemas.microsoft.com/2003/10/Serialization/Arrays"><a:double>0</a:double><a:double>0</a:double><a:double>0</a:double></Value></Attribute></Attributes><ChildElements/><ElementName>origin</ElementName><required>false</required><RPYAttribute z:Ref="i140"/><XYZAttribute z:Ref="i139"/><isCustomized>false</isCustomized></URDFElement><URDFElement z:Id="i141" i:type="Mass"><Attributes><Attribute z:Id="i142"><AttributeType>value</AttributeType><IsRequired>true</IsRequired><Value i:type="a:double" xmlns:a="http://www.w3.org/2001/XMLSchema">0</Value></Attribute></Attributes><ChildElements/><ElementName>mass</ElementName><required>false</required><ValueAttribute z:Ref="i142"/></URDFElement><URDFElement z:Id="i143" i:type="Inertia"><Attributes><Attribute z:Id="i144"><AttributeType>ixx</AttributeType><IsRequired>true</IsRequired><Value i:type="a:double" xmlns:a="http://www.w3.org/2001/XMLSchema">0</Value></Attribute><Attribute z:Id="i145"><AttributeType>ixy</AttributeType><IsRequired>true</IsRequired><Value i:type="a:double" xmlns:a="http://www.w3.org/2001/XMLSchema">0</Value></Attribute><Attribute z:Id="i146"><AttributeType>ixz</AttributeType><IsRequired>true</IsRequired><Value i:type="a:double" xmlns:a="http://www.w3.org/2001/XMLSchema">0</Value></Attribute><Attribute z:Id="i147"><AttributeType>iyy</AttributeType><IsRequired>true</IsRequired><Value i:type="a:double" xmlns:a="http://www.w3.org/2001/XMLSchema">0</Value></Attribute><Attribute z:Id="i148"><AttributeType>iyz</AttributeType><IsRequired>true</IsRequired><Value i:type="a:double" xmlns:a="http://www.w3.org/2001/XMLSchema">0</Value></Attribute><Attribute z:Id="i149"><AttributeType>izz</AttributeType><IsRequired>true</IsRequired><Value i:type="a:double" xmlns:a="http://www.w3.org/2001/XMLSchema">0</Value></Attribute></Attributes><ChildElements/><ElementName>inertia</ElementName><required>false</required><IxxAttribute z:Ref="i144"/><IxyAttribute z:Ref="i145"/><IxzAttribute z:Ref="i146"/><IyyAttribute z:Ref="i147"/><IyzAttribute z:Ref="i148"/><IzzAttribute z:Ref="i149"/></URDFElement></ChildElements><ElementName>inertial</ElementName><required>false</required><Inertia z:Ref="i143"/><Mass z:Ref="i141"/><Origin z:Ref="i138"/></URDFElement><URDFElement z:Id="i150" i:type="Visual"><Attributes/><ChildElements><URDFElement z:Id="i151" i:type="Origin"><Attributes><Attribute z:Id="i152"><AttributeType>xyz</AttributeType><IsRequired>true</IsRequired><Value i:type="a:ArrayOfdouble" xmlns:a="http://schemas.microsoft.com/2003/10/Serialization/Arrays"><a:double>0</a:double><a:double>0</a:double><a:double>0</a:double></Value></Attribute><Attribute z:Id="i153"><AttributeType>rpy</AttributeType><IsRequired>true</IsRequired><Value i:type="a:ArrayOfdouble" xmlns:a="http://schemas.microsoft.com/2003/10/Serialization/Arrays"><a:double>0</a:double><a:double>0</a:double><a:double>0</a:double></Value></Attribute></Attributes><ChildElements/><ElementName>origin</ElementName><required>false</required><RPYAttribute z:Ref="i153"/><XYZAttribute z:Ref="i152"/><isCustomized>false</isCustomized></URDFElement><URDFElement z:Id="i154" i:type="Geometry"><Attributes/><ChildElements><URDFElement z:Id="i155" i:type="Mesh"><Attributes><Attribute z:Id="i156"><AttributeType>filename</AttributeType><IsRequired>true</IsRequired><Value i:nil="true"/></Attribute></Attributes><ChildElements/><ElementName>mesh</ElementName><required>false</required><FilenameAttribute z:Ref="i156"/></URDFElement></ChildElements><ElementName>geometry</ElementName><required>true</required><Mesh z:Ref="i155"/></URDFElement><URDFElement z:Id="i157" i:type="Material"><Attributes><Attribute z:Id="i158"><AttributeType>name</AttributeType><IsRequired>true</IsRequired><Value i:type="a:string" xmlns:a="http://www.w3.org/2001/XMLSchema"/></Attribute></Attributes><ChildElements><URDFElement z:Id="i159" i:type="Color"><Attributes><Attribute z:Id="i160"><AttributeType>rgba</AttributeType><IsRequired>true</IsRequired><Value i:type="a:ArrayOfdouble" xmlns:a="http://schemas.microsoft.com/2003/10/Serialization/Arrays"><a:double>1</a:double><a:double>1</a:double><a:double>1</a:double><a:double>1</a:double></Value></Attribute></Attributes><ChildElements/><ElementName>color</ElementName><required>false</required><RGBAAttribute z:Ref="i160"/></URDFElement><URDFElement z:Id="i161" i:type="Texture"><Attributes><Attribute z:Id="i162"><AttributeType>filename</AttributeType><IsRequired>true</IsRequired><Value i:nil="true"/></Attribute></Attributes><ChildElements/><ElementName>texture</ElementName><required>false</required><FilenameAttribute z:Ref="i162"/><wFilename/></URDFElement></ChildElements><ElementName>material</ElementName><required>false</required><Color z:Ref="i159"/><NameAttribute z:Ref="i158"/><Texture z:Ref="i161"/></URDFElement></ChildElements><ElementName>visual</ElementName><required>false</required><Geometry z:Ref="i154"/><Material z:Ref="i157"/><Origin z:Ref="i151"/></URDFElement><URDFElement z:Id="i163" i:type="Collision"><Attributes/><ChildElements><URDFElement z:Id="i164" i:type="Origin"><Attributes><Attribute z:Id="i165"><AttributeType>xyz</AttributeType><IsRequired>true</IsRequired><Value i:type="a:ArrayOfdouble" xmlns:a="http://schemas.microsoft.com/2003/10/Serialization/Arrays"><a:double>0</a:double><a:double>0</a:double><a:double>0</a:double></Value></Attribute><Attribute z:Id="i166"><AttributeType>rpy</AttributeType><IsRequired>true</IsRequired><Value i:type="a:ArrayOfdouble" xmlns:a="http://schemas.microsoft.com/2003/10/Serialization/Arrays"><a:double>0</a:double><a:double>0</a:double><a:double>0</a:double></Value></Attribute></Attributes><ChildElements/><ElementName>origin</ElementName><required>false</required><RPYAttribute z:Ref="i166"/><XYZAttribute z:Ref="i165"/><isCustomized>false</isCustomized></URDFElement><URDFElement z:Id="i167" i:type="Geometry"><Attributes/><ChildElements><URDFElement z:Id="i168" i:type="Mesh"><Attributes><Attribute z:Id="i169"><AttributeType>filename</AttributeType><IsRequired>true</IsRequired><Value i:nil="true"/></Attribute></Attributes><ChildElements/><ElementName>mesh</ElementName><required>false</required><FilenameAttribute z:Ref="i169"/></URDFElement></ChildElements><ElementName>geometry</ElementName><required>true</required><Mesh z:Ref="i168"/></URDFElement></ChildElements><ElementName>collision</ElementName><required>false</required><Geometry z:Ref="i167"/><Origin z:Ref="i164"/></URDFElement><URDFElement z:Id="i170" i:type="Joint"><Attributes><Attribute z:Id="i171"><AttributeType>name</AttributeType><IsRequired>true</IsRequired><Value i:type="a:string" xmlns:a="http://www.w3.org/2001/XMLSchema">joint2</Value></Attribute><Attribute z:Id="i172"><AttributeType>type</AttributeType><IsRequired>true</IsRequired><Value i:type="a:string" xmlns:a="http://www.w3.org/2001/XMLSchema">Automatically Detect</Value></Attribute></Attributes><ChildElements><URDFElement z:Id="i173" i:type="Origin"><Attributes><Attribute z:Id="i174"><AttributeType>xyz</AttributeType><IsRequired>true</IsRequired><Value i:type="a:ArrayOfdouble" xmlns:a="http://schemas.microsoft.com/2003/10/Serialization/Arrays"><a:double>0</a:double><a:double>0</a:double><a:double>0</a:double></Value></Attribute><Attribute z:Id="i175"><AttributeType>rpy</AttributeType><IsRequired>true</IsRequired><Value i:type="a:ArrayOfdouble" xmlns:a="http://schemas.microsoft.com/2003/10/Serialization/Arrays"><a:double>0</a:double><a:double>0</a:double><a:double>0</a:double></Value></Attribute></Attributes><ChildElements/><ElementName>origin</ElementName><required>false</required><RPYAttribute z:Ref="i175"/><XYZAttribute z:Ref="i174"/><isCustomized>false</isCustomized></URDFElement><URDFElement z:Id="i176" i:type="ParentLink"><Attributes><Attribute z:Id="i177"><AttributeType>link</AttributeType><IsRequired>true</IsRequired><Value i:type="a:string" xmlns:a="http://www.w3.org/2001/XMLSchema"/></Attribute></Attributes><ChildElements/><ElementName>parent</ElementName><required>true</required><NameAttribute z:Ref="i177"/></URDFElement><URDFElement z:Id="i178" i:type="ChildLink"><Attributes><Attribute z:Id="i179"><AttributeType>link</AttributeType><IsRequired>true</IsRequired><Value i:type="a:string" xmlns:a="http://www.w3.org/2001/XMLSchema"/></Attribute></Attributes><ChildElements/><ElementName>child</ElementName><required>true</required><NameAttribute z:Ref="i179"/></URDFElement><URDFElement z:Id="i180" i:type="Axis"><Attributes><Attribute z:Id="i181"><AttributeType>xyz</AttributeType><IsRequired>true</IsRequired><Value i:type="a:ArrayOfdouble" xmlns:a="http://schemas.microsoft.com/2003/10/Serialization/Arrays"><a:double>0</a:double><a:double>0</a:double><a:double>0</a:double></Value></Attribute></Attributes><ChildElements/><ElementName>axis</ElementName><required>false</required><XYZAttribute z:Ref="i181"/></URDFElement><URDFElement z:Id="i182" i:type="Limit"><Attributes><Attribute z:Id="i183"><AttributeType>lower</AttributeType><IsRequired>false</IsRequired><Value i:nil="true"/></Attribute><Attribute z:Id="i184"><AttributeType>upper</AttributeType><IsRequired>false</IsRequired><Value i:nil="true"/></Attribute><Attribute z:Id="i185"><AttributeType>effort</AttributeType><IsRequired>true</IsRequired><Value i:nil="true"/></Attribute><Attribute z:Id="i186"><AttributeType>velocity</AttributeType><IsRequired>true</IsRequired><Value i:nil="true"/></Attribute></Attributes><ChildElements/><ElementName>limit</ElementName><required>false</required><EffortAttribute z:Ref="i185"/><LowerAttribute z:Ref="i183"/><UpperAttribute z:Ref="i184"/><VelocityAttribute z:Ref="i186"/></URDFElement><URDFElement z:Id="i187" i:type="Calibration"><Attributes><Attribute z:Id="i188"><AttributeType>rising</AttributeType><IsRequired>false</IsRequired><Value i:nil="true"/></Attribute><Attribute z:Id="i189"><AttributeType>falling</AttributeType><IsRequired>false</IsRequired><Value i:nil="true"/></Attribute></Attributes><ChildElements/><ElementName>calibration</ElementName><required>false</required><FallingAttribute z:Ref="i189"/><RisingAttribute z:Ref="i188"/></URDFElement><URDFElement z:Id="i190" i:type="Dynamics"><Attributes><Attribute z:Id="i191"><AttributeType>damping</AttributeType><IsRequired>false</IsRequired><Value i:nil="true"/></Attribute><Attribute z:Id="i192"><AttributeType>friction</AttributeType><IsRequired>false</IsRequired><Value i:nil="true"/></Attribute></Attributes><ChildElements/><ElementName>dynamics</ElementName><required>false</required><DampingAttribute z:Ref="i191"/><FrictionAttribute z:Ref="i192"/></URDFElement><URDFElement z:Id="i193" i:type="SafetyController"><Attributes><Attribute z:Id="i194"><AttributeType>soft_upper_limit</AttributeType><IsRequired>false</IsRequired><Value i:nil="true"/></Attribute><Attribute z:Id="i195"><AttributeType>soft_lower_limit</AttributeType><IsRequired>false</IsRequired><Value i:nil="true"/></Attribute><Attribute z:Id="i196"><AttributeType>k_position</AttributeType><IsRequired>false</IsRequired><Value i:nil="true"/></Attribute><Attribute z:Id="i197"><AttributeType>k_velocity</AttributeType><IsRequired>true</IsRequired><Value i:nil="true"/></Attribute></Attributes><ChildElements/><ElementName>safety_controller</ElementName><required>false</required><KPositionAttribute z:Ref="i196"/><KVelocityAttribute z:Ref="i197"/><SoftLowerAttribute z:Ref="i195"/><SoftUpperAttribute z:Ref="i194"/></URDFElement><URDFElement z:Id="i198" i:type="Mimic"><Attributes><Attribute z:Id="i199"><AttributeType>joint</AttributeType><IsRequired>true</IsRequired><Value i:nil="true"/></Attribute><Attribute z:Id="i200"><AttributeType>multiplier</AttributeType><IsRequired>false</IsRequired><Value i:nil="true"/></Attribute><Attribute z:Id="i201"><AttributeType>offset</AttributeType><IsRequired>false</IsRequired><Value i:nil="true"/></Attribute></Attributes><ChildElements/><ElementName>mimic</ElementName><required>false</required><JointNameAttribute z:Ref="i199"/><MultiplierAttribute z:Ref="i200"/><OffsetAttribute z:Ref="i201"/></URDFElement></ChildElements><ElementName>joint</ElementName><required>false</required><Axis z:Ref="i180"/><AxisName>None</AxisName><Calibration z:Ref="i187"/><Child z:Ref="i178"/><CoordinateSystemName>Automatically Generate</CoordinateSystemName><Dynamics z:Ref="i190"/><Limit z:Ref="i182"/><Mimic z:Ref="i198"/><NameAttribute z:Ref="i171"/><Origin z:Ref="i173"/><Parent z:Ref="i176"/><Safety z:Ref="i193"/><TypeAttribute z:Ref="i172"/></URDFElement></ChildElements><ElementName>link</ElementName><required>true</required><Children><Link z:Id="i202"><Attributes><Attribute z:Id="i203"><AttributeType>name</AttributeType><IsRequired>true</IsRequired><Value i:type="a:string" xmlns:a="http://www.w3.org/2001/XMLSchema">Link3</Value></Attribute></Attributes><ChildElements><URDFElement z:Id="i204" i:type="Inertial"><Attributes/><ChildElements><URDFElement z:Id="i205" i:type="Origin"><Attributes><Attribute z:Id="i206"><AttributeType>xyz</AttributeType><IsRequired>true</IsRequired><Value i:type="a:ArrayOfdouble" xmlns:a="http://schemas.microsoft.com/2003/10/Serialization/Arrays"><a:double>0</a:double><a:double>0</a:double><a:double>0</a:double></Value></Attribute><Attribute z:Id="i207"><AttributeType>rpy</AttributeType><IsRequired>true</IsRequired><Value i:type="a:ArrayOfdouble" xmlns:a="http://schemas.microsoft.com/2003/10/Serialization/Arrays"><a:double>0</a:double><a:double>0</a:double><a:double>0</a:double></Value></Attribute></Attributes><ChildElements/><ElementName>origin</ElementName><required>false</required><RPYAttribute z:Ref="i207"/><XYZAttribute z:Ref="i206"/><isCustomized>false</isCustomized></URDFElement><URDFElement z:Id="i208" i:type="Mass"><Attributes><Attribute z:Id="i209"><AttributeType>value</AttributeType><IsRequired>true</IsRequired><Value i:type="a:double" xmlns:a="http://www.w3.org/2001/XMLSchema">0</Value></Attribute></Attributes><ChildElements/><ElementName>mass</ElementName><required>false</required><ValueAttribute z:Ref="i209"/></URDFElement><URDFElement z:Id="i210" i:type="Inertia"><Attributes><Attribute z:Id="i211"><AttributeType>ixx</AttributeType><IsRequired>true</IsRequired><Value i:type="a:double" xmlns:a="http://www.w3.org/2001/XMLSchema">0</Value></Attribute><Attribute z:Id="i212"><AttributeType>ixy</AttributeType><IsRequired>true</IsRequired><Value i:type="a:double" xmlns:a="http://www.w3.org/2001/XMLSchema">0</Value></Attribute><Attribute z:Id="i213"><AttributeType>ixz</AttributeType><IsRequired>true</IsRequired><Value i:type="a:double" xmlns:a="http://www.w3.org/2001/XMLSchema">0</Value></Attribute><Attribute z:Id="i214"><AttributeType>iyy</AttributeType><IsRequired>true</IsRequired><Value i:type="a:double" xmlns:a="http://www.w3.org/2001/XMLSchema">0</Value></Attribute><Attribute z:Id="i215"><AttributeType>iyz</AttributeType><IsRequired>true</IsRequired><Value i:type="a:double" xmlns:a="http://www.w3.org/2001/XMLSchema">0</Value></Attribute><Attribute z:Id="i216"><AttributeType>izz</AttributeType><IsRequired>true</IsRequired><Value i:type="a:double" xmlns:a="http://www.w3.org/2001/XMLSchema">0</Value></Attribute></Attributes><ChildElements/><ElementName>inertia</ElementName><required>false</required><IxxAttribute z:Ref="i211"/><IxyAttribute z:Ref="i212"/><IxzAttribute z:Ref="i213"/><IyyAttribute z:Ref="i214"/><IyzAttribute z:Ref="i215"/><IzzAttribute z:Ref="i216"/></URDFElement></ChildElements><ElementName>inertial</ElementName><required>false</required><Inertia z:Ref="i210"/><Mass z:Ref="i208"/><Origin z:Ref="i205"/></URDFElement><URDFElement z:Id="i217" i:type="Visual"><Attributes/><ChildElements><URDFElement z:Id="i218" i:type="Origin"><Attributes><Attribute z:Id="i219"><AttributeType>xyz</AttributeType><IsRequired>true</IsRequired><Value i:type="a:ArrayOfdouble" xmlns:a="http://schemas.microsoft.com/2003/10/Serialization/Arrays"><a:double>0</a:double><a:double>0</a:double><a:double>0</a:double></Value></Attribute><Attribute z:Id="i220"><AttributeType>rpy</AttributeType><IsRequired>true</IsRequired><Value i:type="a:ArrayOfdouble" xmlns:a="http://schemas.microsoft.com/2003/10/Serialization/Arrays"><a:double>0</a:double><a:double>0</a:double><a:double>0</a:double></Value></Attribute></Attributes><ChildElements/><ElementName>origin</ElementName><required>false</required><RPYAttribute z:Ref="i220"/><XYZAttribute z:Ref="i219"/><isCustomized>false</isCustomized></URDFElement><URDFElement z:Id="i221" i:type="Geometry"><Attributes/><ChildElements><URDFElement z:Id="i222" i:type="Mesh"><Attributes><Attribute z:Id="i223"><AttributeType>filename</AttributeType><IsRequired>true</IsRequired><Value i:nil="true"/></Attribute></Attributes><ChildElements/><ElementName>mesh</ElementName><required>false</required><FilenameAttribute z:Ref="i223"/></URDFElement></ChildElements><ElementName>geometry</ElementName><required>true</required><Mesh z:Ref="i222"/></URDFElement><URDFElement z:Id="i224" i:type="Material"><Attributes><Attribute z:Id="i225"><AttributeType>name</AttributeType><IsRequired>true</IsRequired><Value i:type="a:string" xmlns:a="http://www.w3.org/2001/XMLSchema"/></Attribute></Attributes><ChildElements><URDFElement z:Id="i226" i:type="Color"><Attributes><Attribute z:Id="i227"><AttributeType>rgba</AttributeType><IsRequired>true</IsRequired><Value i:type="a:ArrayOfdouble" xmlns:a="http://schemas.microsoft.com/2003/10/Serialization/Arrays"><a:double>1</a:double><a:double>1</a:double><a:double>1</a:double><a:double>1</a:double></Value></Attribute></Attributes><ChildElements/><ElementName>color</ElementName><required>false</required><RGBAAttribute z:Ref="i227"/></URDFElement><URDFElement z:Id="i228" i:type="Texture"><Attributes><Attribute z:Id="i229"><AttributeType>filename</AttributeType><IsRequired>true</IsRequired><Value i:nil="true"/></Attribute></Attributes><ChildElements/><ElementName>texture</ElementName><required>false</required><FilenameAttribute z:Ref="i229"/><wFilename/></URDFElement></ChildElements><ElementName>material</ElementName><required>false</required><Color z:Ref="i226"/><NameAttribute z:Ref="i225"/><Texture z:Ref="i228"/></URDFElement></ChildElements><ElementName>visual</ElementName><required>false</required><Geometry z:Ref="i221"/><Material z:Ref="i224"/><Origin z:Ref="i218"/></URDFElement><URDFElement z:Id="i230" i:type="Collision"><Attributes/><ChildElements><URDFElement z:Id="i231" i:type="Origin"><Attributes><Attribute z:Id="i232"><AttributeType>xyz</AttributeType><IsRequired>true</IsRequired><Value i:type="a:ArrayOfdouble" xmlns:a="http://schemas.microsoft.com/2003/10/Serialization/Arrays"><a:double>0</a:double><a:double>0</a:double><a:double>0</a:double></Value></Attribute><Attribute z:Id="i233"><AttributeType>rpy</AttributeType><IsRequired>true</IsRequired><Value i:type="a:ArrayOfdouble" xmlns:a="http://schemas.microsoft.com/2003/10/Serialization/Arrays"><a:double>0</a:double><a:double>0</a:double><a:double>0</a:double></Value></Attribute></Attributes><ChildElements/><ElementName>origin</ElementName><required>false</required><RPYAttribute z:Ref="i233"/><XYZAttribute z:Ref="i232"/><isCustomized>false</isCustomized></URDFElement><URDFElement z:Id="i234" i:type="Geometry"><Attributes/><ChildElements><URDFElement z:Id="i235" i:type="Mesh"><Attributes><Attribute z:Id="i236"><AttributeType>filename</AttributeType><IsRequired>true</IsRequired><Value i:nil="true"/></Attribute></Attributes><ChildElements/><ElementName>mesh</ElementName><required>false</required><FilenameAttribute z:Ref="i236"/></URDFElement></ChildElements><ElementName>geometry</ElementName><required>true</required><Mesh z:Ref="i235"/></URDFElement></ChildElements><ElementName>collision</ElementName><required>false</required><Geometry z:Ref="i234"/><Origin z:Ref="i231"/></URDFElement><URDFElement z:Id="i237" i:type="Joint"><Attributes><Attribute z:Id="i238"><AttributeType>name</AttributeType><IsRequired>true</IsRequired><Value i:type="a:string" xmlns:a="http://www.w3.org/2001/XMLSchema">joint3</Value></Attribute><Attribute z:Id="i239"><AttributeType>type</AttributeType><IsRequired>true</IsRequired><Value i:type="a:string" xmlns:a="http://www.w3.org/2001/XMLSchema">Automatically Detect</Value></Attribute></Attributes><ChildElements><URDFElement z:Id="i240" i:type="Origin"><Attributes><Attribute z:Id="i241"><AttributeType>xyz</AttributeType><IsRequired>true</IsRequired><Value i:type="a:ArrayOfdouble" xmlns:a="http://schemas.microsoft.com/2003/10/Serialization/Arrays"><a:double>0</a:double><a:double>0</a:double><a:double>0</a:double></Value></Attribute><Attribute z:Id="i242"><AttributeType>rpy</AttributeType><IsRequired>true</IsRequired><Value i:type="a:ArrayOfdouble" xmlns:a="http://schemas.microsoft.com/2003/10/Serialization/Arrays"><a:double>0</a:double><a:double>0</a:double><a:double>0</a:double></Value></Attribute></Attributes><ChildElements/><ElementName>origin</ElementName><required>false</required><RPYAttribute z:Ref="i242"/><XYZAttribute z:Ref="i241"/><isCustomized>false</isCustomized></URDFElement><URDFElement z:Id="i243" i:type="ParentLink"><Attributes><Attribute z:Id="i244"><AttributeType>link</AttributeType><IsRequired>true</IsRequired><Value i:type="a:string" xmlns:a="http://www.w3.org/2001/XMLSchema"/></Attribute></Attributes><ChildElements/><ElementName>parent</ElementName><required>true</required><NameAttribute z:Ref="i244"/></URDFElement><URDFElement z:Id="i245" i:type="ChildLink"><Attributes><Attribute z:Id="i246"><AttributeType>link</AttributeType><IsRequired>true</IsRequired><Value i:type="a:string" xmlns:a="http://www.w3.org/2001/XMLSchema"/></Attribute></Attributes><ChildElements/><ElementName>child</ElementName><required>true</required><NameAttribute z:Ref="i246"/></URDFElement><URDFElement z:Id="i247" i:type="Axis"><Attributes><Attribute z:Id="i248"><AttributeType>xyz</AttributeType><IsRequired>true</IsRequired><Value i:type="a:ArrayOfdouble" xmlns:a="http://schemas.microsoft.com/2003/10/Serialization/Arrays"><a:double>0</a:double><a:double>0</a:double><a:double>0</a:double></Value></Attribute></Attributes><ChildElements/><ElementName>axis</ElementName><required>false</required><XYZAttribute z:Ref="i248"/></URDFElement><URDFElement z:Id="i249" i:type="Limit"><Attributes><Attribute z:Id="i250"><AttributeType>lower</AttributeType><IsRequired>false</IsRequired><Value i:nil="true"/></Attribute><Attribute z:Id="i251"><AttributeType>upper</AttributeType><IsRequired>false</IsRequired><Value i:nil="true"/></Attribute><Attribute z:Id="i252"><AttributeType>effort</AttributeType><IsRequired>true</IsRequired><Value i:nil="true"/></Attribute><Attribute z:Id="i253"><AttributeType>velocity</AttributeType><IsRequired>true</IsRequired><Value i:nil="true"/></Attribute></Attributes><ChildElements/><ElementName>limit</ElementName><required>false</required><EffortAttribute z:Ref="i252"/><LowerAttribute z:Ref="i250"/><UpperAttribute z:Ref="i251"/><VelocityAttribute z:Ref="i253"/></URDFElement><URDFElement z:Id="i254" i:type="Calibration"><Attributes><Attribute z:Id="i255"><AttributeType>rising</AttributeType><IsRequired>false</IsRequired><Value i:nil="true"/></Attribute><Attribute z:Id="i256"><AttributeType>falling</AttributeType><IsRequired>false</IsRequired><Value i:nil="true"/></Attribute></Attributes><ChildElements/><ElementName>calibration</ElementName><required>false</required><FallingAttribute z:Ref="i256"/><RisingAttribute z:Ref="i255"/></URDFElement><URDFElement z:Id="i257" i:type="Dynamics"><Attributes><Attribute z:Id="i258"><AttributeType>damping</AttributeType><IsRequired>false</IsRequired><Value i:nil="true"/></Attribute><Attribute z:Id="i259"><AttributeType>friction</AttributeType><IsRequired>false</IsRequired><Value i:nil="true"/></Attribute></Attributes><ChildElements/><ElementName>dynamics</ElementName><required>false</required><DampingAttribute z:Ref="i258"/><FrictionAttribute z:Ref="i259"/></URDFElement><URDFElement z:Id="i260" i:type="SafetyController"><Attributes><Attribute z:Id="i261"><AttributeType>soft_upper_limit</AttributeType><IsRequired>false</IsRequired><Value i:nil="true"/></Attribute><Attribute z:Id="i262"><AttributeType>soft_lower_limit</AttributeType><IsRequired>false</IsRequired><Value i:nil="true"/></Attribute><Attribute z:Id="i263"><AttributeType>k_position</AttributeType><IsRequired>false</IsRequired><Value i:nil="true"/></Attribute><Attribute z:Id="i264"><AttributeType>k_velocity</AttributeType><IsRequired>true</IsRequired><Value i:nil="true"/></Attribute></Attributes><ChildElements/><ElementName>safety_controller</ElementName><required>false</required><KPositionAttribute z:Ref="i263"/><KVelocityAttribute z:Ref="i264"/><SoftLowerAttribute z:Ref="i262"/><SoftUpperAttribute z:Ref="i261"/></URDFElement><URDFElement z:Id="i265" i:type="Mimic"><Attributes><Attribute z:Id="i266"><AttributeType>joint</AttributeType><IsRequired>true</IsRequired><Value i:nil="true"/></Attribute><Attribute z:Id="i267"><AttributeType>multiplier</AttributeType><IsRequired>false</IsRequired><Value i:nil="true"/></Attribute><Attribute z:Id="i268"><AttributeType>offset</AttributeType><IsRequired>false</IsRequired><Value i:nil="true"/></Attribute></Attributes><ChildElements/><ElementName>mimic</ElementName><required>false</required><JointNameAttribute z:Ref="i266"/><MultiplierAttribute z:Ref="i267"/><OffsetAttribute z:Ref="i268"/></URDFElement></ChildElements><ElementName>joint</ElementName><required>false</required><Axis z:Ref="i247"/><AxisName>Automatically Generate</AxisName><Calibration z:Ref="i254"/><Child z:Ref="i245"/><CoordinateSystemName>Automatically Generate</CoordinateSystemName><Dynamics z:Ref="i257"/><Limit z:Ref="i249"/><Mimic z:Ref="i265"/><NameAttribute z:Ref="i238"/><Origin z:Ref="i240"/><Parent z:Ref="i243"/><Safety z:Ref="i260"/><TypeAttribute z:Ref="i239"/></URDFElement></ChildElements><ElementName>link</ElementName><required>true</required><Children><Link z:Id="i269"><Attributes><Attribute z:Id="i270"><AttributeType>name</AttributeType><IsRequired>true</IsRequired><Value i:type="a:string" xmlns:a="http://www.w3.org/2001/XMLSchema">Link4</Value></Attribute></Attributes><ChildElements><URDFElement z:Id="i271" i:type="Inertial"><Attributes/><ChildElements><URDFElement z:Id="i272" i:type="Origin"><Attributes><Attribute z:Id="i273"><AttributeType>xyz</AttributeType><IsRequired>true</IsRequired><Value i:type="a:ArrayOfdouble" xmlns:a="http://schemas.microsoft.com/2003/10/Serialization/Arrays"><a:double>0</a:double><a:double>0</a:double><a:double>0</a:double></Value></Attribute><Attribute z:Id="i274"><AttributeType>rpy</AttributeType><IsRequired>true</IsRequired><Value i:type="a:ArrayOfdouble" xmlns:a="http://schemas.microsoft.com/2003/10/Serialization/Arrays"><a:double>0</a:double><a:double>0</a:double><a:double>0</a:double></Value></Attribute></Attributes><ChildElements/><ElementName>origin</ElementName><required>false</required><RPYAttribute z:Ref="i274"/><XYZAttribute z:Ref="i273"/><isCustomized>false</isCustomized></URDFElement><URDFElement z:Id="i275" i:type="Mass"><Attributes><Attribute z:Id="i276"><AttributeType>value</AttributeType><IsRequired>true</IsRequired><Value i:type="a:double" xmlns:a="http://www.w3.org/2001/XMLSchema">0</Value></Attribute></Attributes><ChildElements/><ElementName>mass</ElementName><required>false</required><ValueAttribute z:Ref="i276"/></URDFElement><URDFElement z:Id="i277" i:type="Inertia"><Attributes><Attribute z:Id="i278"><AttributeType>ixx</AttributeType><IsRequired>true</IsRequired><Value i:type="a:double" xmlns:a="http://www.w3.org/2001/XMLSchema">0</Value></Attribute><Attribute z:Id="i279"><AttributeType>ixy</AttributeType><IsRequired>true</IsRequired><Value i:type="a:double" xmlns:a="http://www.w3.org/2001/XMLSchema">0</Value></Attribute><Attribute z:Id="i280"><AttributeType>ixz</AttributeType><IsRequired>true</IsRequired><Value i:type="a:double" xmlns:a="http://www.w3.org/2001/XMLSchema">0</Value></Attribute><Attribute z:Id="i281"><AttributeType>iyy</AttributeType><IsRequired>true</IsRequired><Value i:type="a:double" xmlns:a="http://www.w3.org/2001/XMLSchema">0</Value></Attribute><Attribute z:Id="i282"><AttributeType>iyz</AttributeType><IsRequired>true</IsRequired><Value i:type="a:double" xmlns:a="http://www.w3.org/2001/XMLSchema">0</Value></Attribute><Attribute z:Id="i283"><AttributeType>izz</AttributeType><IsRequired>true</IsRequired><Value i:type="a:double" xmlns:a="http://www.w3.org/2001/XMLSchema">0</Value></Attribute></Attributes><ChildElements/><ElementName>inertia</ElementName><required>false</required><IxxAttribute z:Ref="i278"/><IxyAttribute z:Ref="i279"/><IxzAttribute z:Ref="i280"/><IyyAttribute z:Ref="i281"/><IyzAttribute z:Ref="i282"/><IzzAttribute z:Ref="i283"/></URDFElement></ChildElements><ElementName>inertial</ElementName><required>false</required><Inertia z:Ref="i277"/><Mass z:Ref="i275"/><Origin z:Ref="i272"/></URDFElement><URDFElement z:Id="i284" i:type="Visual"><Attributes/><ChildElements><URDFElement z:Id="i285" i:type="Origin"><Attributes><Attribute z:Id="i286"><AttributeType>xyz</AttributeType><IsRequired>true</IsRequired><Value i:type="a:ArrayOfdouble" xmlns:a="http://schemas.microsoft.com/2003/10/Serialization/Arrays"><a:double>0</a:double><a:double>0</a:double><a:double>0</a:double></Value></Attribute><Attribute z:Id="i287"><AttributeType>rpy</AttributeType><IsRequired>true</IsRequired><Value i:type="a:ArrayOfdouble" xmlns:a="http://schemas.microsoft.com/2003/10/Serialization/Arrays"><a:double>0</a:double><a:double>0</a:double><a:double>0</a:double></Value></Attribute></Attributes><ChildElements/><ElementName>origin</ElementName><required>false</required><RPYAttribute z:Ref="i287"/><XYZAttribute z:Ref="i286"/><isCustomized>false</isCustomized></URDFElement><URDFElement z:Id="i288" i:type="Geometry"><Attributes/><ChildElements><URDFElement z:Id="i289" i:type="Mesh"><Attributes><Attribute z:Id="i290"><AttributeType>filename</AttributeType><IsRequired>true</IsRequired><Value i:nil="true"/></Attribute></Attributes><ChildElements/><ElementName>mesh</ElementName><required>false</required><FilenameAttribute z:Ref="i290"/></URDFElement></ChildElements><ElementName>geometry</ElementName><required>true</required><Mesh z:Ref="i289"/></URDFElement><URDFElement z:Id="i291" i:type="Material"><Attributes><Attribute z:Id="i292"><AttributeType>name</AttributeType><IsRequired>true</IsRequired><Value i:type="a:string" xmlns:a="http://www.w3.org/2001/XMLSchema"/></Attribute></Attributes><ChildElements><URDFElement z:Id="i293" i:type="Color"><Attributes><Attribute z:Id="i294"><AttributeType>rgba</AttributeType><IsRequired>true</IsRequired><Value i:type="a:ArrayOfdouble" xmlns:a="http://schemas.microsoft.com/2003/10/Serialization/Arrays"><a:double>1</a:double><a:double>1</a:double><a:double>1</a:double><a:double>1</a:double></Value></Attribute></Attributes><ChildElements/><ElementName>color</ElementName><required>false</required><RGBAAttribute z:Ref="i294"/></URDFElement><URDFElement z:Id="i295" i:type="Texture"><Attributes><Attribute z:Id="i296"><AttributeType>filename</AttributeType><IsRequired>true</IsRequired><Value i:nil="true"/></Attribute></Attributes><ChildElements/><ElementName>texture</ElementName><required>false</required><FilenameAttribute z:Ref="i296"/><wFilename/></URDFElement></ChildElements><ElementName>material</ElementName><required>false</required><Color z:Ref="i293"/><NameAttribute z:Ref="i292"/><Texture z:Ref="i295"/></URDFElement></ChildElements><ElementName>visual</ElementName><required>false</required><Geometry z:Ref="i288"/><Material z:Ref="i291"/><Origin z:Ref="i285"/></URDFElement><URDFElement z:Id="i297" i:type="Collision"><Attributes/><ChildElements><URDFElement z:Id="i298" i:type="Origin"><Attributes><Attribute z:Id="i299"><AttributeType>xyz</AttributeType><IsRequired>true</IsRequired><Value i:type="a:ArrayOfdouble" xmlns:a="http://schemas.microsoft.com/2003/10/Serialization/Arrays"><a:double>0</a:double><a:double>0</a:double><a:double>0</a:double></Value></Attribute><Attribute z:Id="i300"><AttributeType>rpy</AttributeType><IsRequired>true</IsRequired><Value i:type="a:ArrayOfdouble" xmlns:a="http://schemas.microsoft.com/2003/10/Serialization/Arrays"><a:double>0</a:double><a:double>0</a:double><a:double>0</a:double></Value></Attribute></Attributes><ChildElements/><ElementName>origin</ElementName><required>false</required><RPYAttribute z:Ref="i300"/><XYZAttribute z:Ref="i299"/><isCustomized>false</isCustomized></URDFElement><URDFElement z:Id="i301" i:type="Geometry"><Attributes/><ChildElements><URDFElement z:Id="i302" i:type="Mesh"><Attributes><Attribute z:Id="i303"><AttributeType>filename</AttributeType><IsRequired>true</IsRequired><Value i:nil="true"/></Attribute></Attributes><ChildElements/><ElementName>mesh</ElementName><required>false</required><FilenameAttribute z:Ref="i303"/></URDFElement></ChildElements><ElementName>geometry</ElementName><required>true</required><Mesh z:Ref="i302"/></URDFElement></ChildElements><ElementName>collision</ElementName><required>false</required><Geometry z:Ref="i301"/><Origin z:Ref="i298"/></URDFElement><URDFElement z:Id="i304" i:type="Joint"><Attributes><Attribute z:Id="i305"><AttributeType>name</AttributeType><IsRequired>true</IsRequired><Value i:type="a:string" xmlns:a="http://www.w3.org/2001/XMLSchema">joint4</Value></Attribute><Attribute z:Id="i306"><AttributeType>type</AttributeType><IsRequired>true</IsRequired><Value i:type="a:string" xmlns:a="http://www.w3.org/2001/XMLSchema">Automatically Detect</Value></Attribute></Attributes><ChildElements><URDFElement z:Id="i307" i:type="Origin"><Attributes><Attribute z:Id="i308"><AttributeType>xyz</AttributeType><IsRequired>true</IsRequired><Value i:type="a:ArrayOfdouble" xmlns:a="http://schemas.microsoft.com/2003/10/Serialization/Arrays"><a:double>0</a:double><a:double>0</a:double><a:double>0</a:double></Value></Attribute><Attribute z:Id="i309"><AttributeType>rpy</AttributeType><IsRequired>true</IsRequired><Value i:type="a:ArrayOfdouble" xmlns:a="http://schemas.microsoft.com/2003/10/Serialization/Arrays"><a:double>0</a:double><a:double>0</a:double><a:double>0</a:double></Value></Attribute></Attributes><ChildElements/><ElementName>origin</ElementName><required>false</required><RPYAttribute z:Ref="i309"/><XYZAttribute z:Ref="i308"/><isCustomized>false</isCustomized></URDFElement><URDFElement z:Id="i310" i:type="ParentLink"><Attributes><Attribute z:Id="i311"><AttributeType>link</AttributeType><IsRequired>true</IsRequired><Value i:type="a:string" xmlns:a="http://www.w3.org/2001/XMLSchema"/></Attribute></Attributes><ChildElements/><ElementName>parent</ElementName><required>true</required><NameAttribute z:Ref="i311"/></URDFElement><URDFElement z:Id="i312" i:type="ChildLink"><Attributes><Attribute z:Id="i313"><AttributeType>link</AttributeType><IsRequired>true</IsRequired><Value i:type="a:string" xmlns:a="http://www.w3.org/2001/XMLSchema"/></Attribute></Attributes><ChildElements/><ElementName>child</ElementName><required>true</required><NameAttribute z:Ref="i313"/></URDFElement><URDFElement z:Id="i314" i:type="Axis"><Attributes><Attribute z:Id="i315"><AttributeType>xyz</AttributeType><IsRequired>true</IsRequired><Value i:type="a:ArrayOfdouble" xmlns:a="http://schemas.microsoft.com/2003/10/Serialization/Arrays"><a:double>0</a:double><a:double>0</a:double><a:double>0</a:double></Value></Attribute></Attributes><ChildElements/><ElementName>axis</ElementName><required>false</required><XYZAttribute z:Ref="i315"/></URDFElement><URDFElement z:Id="i316" i:type="Limit"><Attributes><Attribute z:Id="i317"><AttributeType>lower</AttributeType><IsRequired>false</IsRequired><Value i:nil="true"/></Attribute><Attribute z:Id="i318"><AttributeType>upper</AttributeType><IsRequired>false</IsRequired><Value i:nil="true"/></Attribute><Attribute z:Id="i319"><AttributeType>effort</AttributeType><IsRequired>true</IsRequired><Value i:nil="true"/></Attribute><Attribute z:Id="i320"><AttributeType>velocity</AttributeType><IsRequired>true</IsRequired><Value i:nil="true"/></Attribute></Attributes><ChildElements/><ElementName>limit</ElementName><required>false</required><EffortAttribute z:Ref="i319"/><LowerAttribute z:Ref="i317"/><UpperAttribute z:Ref="i318"/><VelocityAttribute z:Ref="i320"/></URDFElement><URDFElement z:Id="i321" i:type="Calibration"><Attributes><Attribute z:Id="i322"><AttributeType>rising</AttributeType><IsRequired>false</IsRequired><Value i:nil="true"/></Attribute><Attribute z:Id="i323"><AttributeType>falling</AttributeType><IsRequired>false</IsRequired><Value i:nil="true"/></Attribute></Attributes><ChildElements/><ElementName>calibration</ElementName><required>false</required><FallingAttribute z:Ref="i323"/><RisingAttribute z:Ref="i322"/></URDFElement><URDFElement z:Id="i324" i:type="Dynamics"><Attributes><Attribute z:Id="i325"><AttributeType>damping</AttributeType><IsRequired>false</IsRequired><Value i:nil="true"/></Attribute><Attribute z:Id="i326"><AttributeType>friction</AttributeType><IsRequired>false</IsRequired><Value i:nil="true"/></Attribute></Attributes><ChildElements/><ElementName>dynamics</ElementName><required>false</required><DampingAttribute z:Ref="i325"/><FrictionAttribute z:Ref="i326"/></URDFElement><URDFElement z:Id="i327" i:type="SafetyController"><Attributes><Attribute z:Id="i328"><AttributeType>soft_upper_limit</AttributeType><IsRequired>false</IsRequired><Value i:nil="true"/></Attribute><Attribute z:Id="i329"><AttributeType>soft_lower_limit</AttributeType><IsRequired>false</IsRequired><Value i:nil="true"/></Attribute><Attribute z:Id="i330"><AttributeType>k_position</AttributeType><IsRequired>false</IsRequired><Value i:nil="true"/></Attribute><Attribute z:Id="i331"><AttributeType>k_velocity</AttributeType><IsRequired>true</IsRequired><Value i:nil="true"/></Attribute></Attributes><ChildElements/><ElementName>safety_controller</ElementName><required>false</required><KPositionAttribute z:Ref="i330"/><KVelocityAttribute z:Ref="i331"/><SoftLowerAttribute z:Ref="i329"/><SoftUpperAttribute z:Ref="i328"/></URDFElement><URDFElement z:Id="i332" i:type="Mimic"><Attributes><Attribute z:Id="i333"><AttributeType>joint</AttributeType><IsRequired>true</IsRequired><Value i:nil="true"/></Attribute><Attribute z:Id="i334"><AttributeType>multiplier</AttributeType><IsRequired>false</IsRequired><Value i:nil="true"/></Attribute><Attribute z:Id="i335"><AttributeType>offset</AttributeType><IsRequired>false</IsRequired><Value i:nil="true"/></Attribute></Attributes><ChildElements/><ElementName>mimic</ElementName><required>false</required><JointNameAttribute z:Ref="i333"/><MultiplierAttribute z:Ref="i334"/><OffsetAttribute z:Ref="i335"/></URDFElement></ChildElements><ElementName>joint</ElementName><required>false</required><Axis z:Ref="i314"/><AxisName>Automatically Generate</AxisName><Calibration z:Ref="i321"/><Child z:Ref="i312"/><CoordinateSystemName>Automatically Generate</CoordinateSystemName><Dynamics z:Ref="i324"/><Limit z:Ref="i316"/><Mimic z:Ref="i332"/><NameAttribute z:Ref="i305"/><Origin z:Ref="i307"/><Parent z:Ref="i310"/><Safety z:Ref="i327"/><TypeAttribute z:Ref="i306"/></URDFElement></ChildElements><ElementName>link</ElementName><required>true</required><Children><Link z:Id="i336"><Attributes><Attribute z:Id="i337"><AttributeType>name</AttributeType><IsRequired>true</IsRequired><Value i:type="a:string" xmlns:a="http://www.w3.org/2001/XMLSchema">Link5</Value></Attribute></Attributes><ChildElements><URDFElement z:Id="i338" i:type="Inertial"><Attributes/><ChildElements><URDFElement z:Id="i339" i:type="Origin"><Attributes><Attribute z:Id="i340"><AttributeType>xyz</AttributeType><IsRequired>true</IsRequired><Value i:type="a:ArrayOfdouble" xmlns:a="http://schemas.microsoft.com/2003/10/Serialization/Arrays"><a:double>0</a:double><a:double>0</a:double><a:double>0</a:double></Value></Attribute><Attribute z:Id="i341"><AttributeType>rpy</AttributeType><IsRequired>true</IsRequired><Value i:type="a:ArrayOfdouble" xmlns:a="http://schemas.microsoft.com/2003/10/Serialization/Arrays"><a:double>0</a:double><a:double>0</a:double><a:double>0</a:double></Value></Attribute></Attributes><ChildElements/><ElementName>origin</ElementName><required>false</required><RPYAttribute z:Ref="i341"/><XYZAttribute z:Ref="i340"/><isCustomized>false</isCustomized></URDFElement><URDFElement z:Id="i342" i:type="Mass"><Attributes><Attribute z:Id="i343"><AttributeType>value</AttributeType><IsRequired>true</IsRequired><Value i:type="a:double" xmlns:a="http://www.w3.org/2001/XMLSchema">0</Value></Attribute></Attributes><ChildElements/><ElementName>mass</ElementName><required>false</required><ValueAttribute z:Ref="i343"/></URDFElement><URDFElement z:Id="i344" i:type="Inertia"><Attributes><Attribute z:Id="i345"><AttributeType>ixx</AttributeType><IsRequired>true</IsRequired><Value i:type="a:double" xmlns:a="http://www.w3.org/2001/XMLSchema">0</Value></Attribute><Attribute z:Id="i346"><AttributeType>ixy</AttributeType><IsRequired>true</IsRequired><Value i:type="a:double" xmlns:a="http://www.w3.org/2001/XMLSchema">0</Value></Attribute><Attribute z:Id="i347"><AttributeType>ixz</AttributeType><IsRequired>true</IsRequired><Value i:type="a:double" xmlns:a="http://www.w3.org/2001/XMLSchema">0</Value></Attribute><Attribute z:Id="i348"><AttributeType>iyy</AttributeType><IsRequired>true</IsRequired><Value i:type="a:double" xmlns:a="http://www.w3.org/2001/XMLSchema">0</Value></Attribute><Attribute z:Id="i349"><AttributeType>iyz</AttributeType><IsRequired>true</IsRequired><Value i:type="a:double" xmlns:a="http://www.w3.org/2001/XMLSchema">0</Value></Attribute><Attribute z:Id="i350"><AttributeType>izz</AttributeType><IsRequired>true</IsRequired><Value i:type="a:double" xmlns:a="http://www.w3.org/2001/XMLSchema">0</Value></Attribute></Attributes><ChildElements/><ElementName>inertia</ElementName><required>false</required><IxxAttribute z:Ref="i345"/><IxyAttribute z:Ref="i346"/><IxzAttribute z:Ref="i347"/><IyyAttribute z:Ref="i348"/><IyzAttribute z:Ref="i349"/><IzzAttribute z:Ref="i350"/></URDFElement></ChildElements><ElementName>inertial</ElementName><required>false</required><Inertia z:Ref="i344"/><Mass z:Ref="i342"/><Origin z:Ref="i339"/></URDFElement><URDFElement z:Id="i351" i:type="Visual"><Attributes/><ChildElements><URDFElement z:Id="i352" i:type="Origin"><Attributes><Attribute z:Id="i353"><AttributeType>xyz</AttributeType><IsRequired>true</IsRequired><Value i:type="a:ArrayOfdouble" xmlns:a="http://schemas.microsoft.com/2003/10/Serialization/Arrays"><a:double>0</a:double><a:double>0</a:double><a:double>0</a:double></Value></Attribute><Attribute z:Id="i354"><AttributeType>rpy</AttributeType><IsRequired>true</IsRequired><Value i:type="a:ArrayOfdouble" xmlns:a="http://schemas.microsoft.com/2003/10/Serialization/Arrays"><a:double>0</a:double><a:double>0</a:double><a:double>0</a:double></Value></Attribute></Attributes><ChildElements/><ElementName>origin</ElementName><required>false</required><RPYAttribute z:Ref="i354"/><XYZAttribute z:Ref="i353"/><isCustomized>false</isCustomized></URDFElement><URDFElement z:Id="i355" i:type="Geometry"><Attributes/><ChildElements><URDFElement z:Id="i356" i:type="Mesh"><Attributes><Attribute z:Id="i357"><AttributeType>filename</AttributeType><IsRequired>true</IsRequired><Value i:nil="true"/></Attribute></Attributes><ChildElements/><ElementName>mesh</ElementName><required>false</required><FilenameAttribute z:Ref="i357"/></URDFElement></ChildElements><ElementName>geometry</ElementName><required>true</required><Mesh z:Ref="i356"/></URDFElement><URDFElement z:Id="i358" i:type="Material"><Attributes><Attribute z:Id="i359"><AttributeType>name</AttributeType><IsRequired>true</IsRequired><Value i:type="a:string" xmlns:a="http://www.w3.org/2001/XMLSchema"/></Attribute></Attributes><ChildElements><URDFElement z:Id="i360" i:type="Color"><Attributes><Attribute z:Id="i361"><AttributeType>rgba</AttributeType><IsRequired>true</IsRequired><Value i:type="a:ArrayOfdouble" xmlns:a="http://schemas.microsoft.com/2003/10/Serialization/Arrays"><a:double>1</a:double><a:double>1</a:double><a:double>1</a:double><a:double>1</a:double></Value></Attribute></Attributes><ChildElements/><ElementName>color</ElementName><required>false</required><RGBAAttribute z:Ref="i361"/></URDFElement><URDFElement z:Id="i362" i:type="Texture"><Attributes><Attribute z:Id="i363"><AttributeType>filename</AttributeType><IsRequired>true</IsRequired><Value i:nil="true"/></Attribute></Attributes><ChildElements/><ElementName>texture</ElementName><required>false</required><FilenameAttribute z:Ref="i363"/><wFilename/></URDFElement></ChildElements><ElementName>material</ElementName><required>false</required><Color z:Ref="i360"/><NameAttribute z:Ref="i359"/><Texture z:Ref="i362"/></URDFElement></ChildElements><ElementName>visual</ElementName><required>false</required><Geometry z:Ref="i355"/><Material z:Ref="i358"/><Origin z:Ref="i352"/></URDFElement><URDFElement z:Id="i364" i:type="Collision"><Attributes/><ChildElements><URDFElement z:Id="i365" i:type="Origin"><Attributes><Attribute z:Id="i366"><AttributeType>xyz</AttributeType><IsRequired>true</IsRequired><Value i:type="a:ArrayOfdouble" xmlns:a="http://schemas.microsoft.com/2003/10/Serialization/Arrays"><a:double>0</a:double><a:double>0</a:double><a:double>0</a:double></Value></Attribute><Attribute z:Id="i367"><AttributeType>rpy</AttributeType><IsRequired>true</IsRequired><Value i:type="a:ArrayOfdouble" xmlns:a="http://schemas.microsoft.com/2003/10/Serialization/Arrays"><a:double>0</a:double><a:double>0</a:double><a:double>0</a:double></Value></Attribute></Attributes><ChildElements/><ElementName>origin</ElementName><required>false</required><RPYAttribute z:Ref="i367"/><XYZAttribute z:Ref="i366"/><isCustomized>false</isCustomized></URDFElement><URDFElement z:Id="i368" i:type="Geometry"><Attributes/><ChildElements><URDFElement z:Id="i369" i:type="Mesh"><Attributes><Attribute z:Id="i370"><AttributeType>filename</AttributeType><IsRequired>true</IsRequired><Value i:nil="true"/></Attribute></Attributes><ChildElements/><ElementName>mesh</ElementName><required>false</required><FilenameAttribute z:Ref="i370"/></URDFElement></ChildElements><ElementName>geometry</ElementName><required>true</required><Mesh z:Ref="i369"/></URDFElement></ChildElements><ElementName>collision</ElementName><required>false</required><Geometry z:Ref="i368"/><Origin z:Ref="i365"/></URDFElement><URDFElement z:Id="i371" i:type="Joint"><Attributes><Attribute z:Id="i372"><AttributeType>name</AttributeType><IsRequired>true</IsRequired><Value i:type="a:string" xmlns:a="http://www.w3.org/2001/XMLSchema">joint5</Value></Attribute><Attribute z:Id="i373"><AttributeType>type</AttributeType><IsRequired>true</IsRequired><Value i:type="a:string" xmlns:a="http://www.w3.org/2001/XMLSchema">Automatically Detect</Value></Attribute></Attributes><ChildElements><URDFElement z:Id="i374" i:type="Origin"><Attributes><Attribute z:Id="i375"><AttributeType>xyz</AttributeType><IsRequired>true</IsRequired><Value i:type="a:ArrayOfdouble" xmlns:a="http://schemas.microsoft.com/2003/10/Serialization/Arrays"><a:double>0</a:double><a:double>0</a:double><a:double>0</a:double></Value></Attribute><Attribute z:Id="i376"><AttributeType>rpy</AttributeType><IsRequired>true</IsRequired><Value i:type="a:ArrayOfdouble" xmlns:a="http://schemas.microsoft.com/2003/10/Serialization/Arrays"><a:double>0</a:double><a:double>0</a:double><a:double>0</a:double></Value></Attribute></Attributes><ChildElements/><ElementName>origin</ElementName><required>false</required><RPYAttribute z:Ref="i376"/><XYZAttribute z:Ref="i375"/><isCustomized>false</isCustomized></URDFElement><URDFElement z:Id="i377" i:type="ParentLink"><Attributes><Attribute z:Id="i378"><AttributeType>link</AttributeType><IsRequired>true</IsRequired><Value i:type="a:string" xmlns:a="http://www.w3.org/2001/XMLSchema"/></Attribute></Attributes><ChildElements/><ElementName>parent</ElementName><required>true</required><NameAttribute z:Ref="i378"/></URDFElement><URDFElement z:Id="i379" i:type="ChildLink"><Attributes><Attribute z:Id="i380"><AttributeType>link</AttributeType><IsRequired>true</IsRequired><Value i:type="a:string" xmlns:a="http://www.w3.org/2001/XMLSchema"/></Attribute></Attributes><ChildElements/><ElementName>child</ElementName><required>true</required><NameAttribute z:Ref="i380"/></URDFElement><URDFElement z:Id="i381" i:type="Axis"><Attributes><Attribute z:Id="i382"><AttributeType>xyz</AttributeType><IsRequired>true</IsRequired><Value i:type="a:ArrayOfdouble" xmlns:a="http://schemas.microsoft.com/2003/10/Serialization/Arrays"><a:double>0</a:double><a:double>0</a:double><a:double>0</a:double></Value></Attribute></Attributes><ChildElements/><ElementName>axis</ElementName><required>false</required><XYZAttribute z:Ref="i382"/></URDFElement><URDFElement z:Id="i383" i:type="Limit"><Attributes><Attribute z:Id="i384"><AttributeType>lower</AttributeType><IsRequired>false</IsRequired><Value i:nil="true"/></Attribute><Attribute z:Id="i385"><AttributeType>upper</AttributeType><IsRequired>false</IsRequired><Value i:nil="true"/></Attribute><Attribute z:Id="i386"><AttributeType>effort</AttributeType><IsRequired>true</IsRequired><Value i:nil="true"/></Attribute><Attribute z:Id="i387"><AttributeType>velocity</AttributeType><IsRequired>true</IsRequired><Value i:nil="true"/></Attribute></Attributes><ChildElements/><ElementName>limit</ElementName><required>false</required><EffortAttribute z:Ref="i386"/><LowerAttribute z:Ref="i384"/><UpperAttribute z:Ref="i385"/><VelocityAttribute z:Ref="i387"/></URDFElement><URDFElement z:Id="i388" i:type="Calibration"><Attributes><Attribute z:Id="i389"><AttributeType>rising</AttributeType><IsRequired>false</IsRequired><Value i:nil="true"/></Attribute><Attribute z:Id="i390"><AttributeType>falling</AttributeType><IsRequired>false</IsRequired><Value i:nil="true"/></Attribute></Attributes><ChildElements/><ElementName>calibration</ElementName><required>false</required><FallingAttribute z:Ref="i390"/><RisingAttribute z:Ref="i389"/></URDFElement><URDFElement z:Id="i391" i:type="Dynamics"><Attributes><Attribute z:Id="i392"><AttributeType>damping</AttributeType><IsRequired>false</IsRequired><Value i:nil="true"/></Attribute><Attribute z:Id="i393"><AttributeType>friction</AttributeType><IsRequired>false</IsRequired><Value i:nil="true"/></Attribute></Attributes><ChildElements/><ElementName>dynamics</ElementName><required>false</required><DampingAttribute z:Ref="i392"/><FrictionAttribute z:Ref="i393"/></URDFElement><URDFElement z:Id="i394" i:type="SafetyController"><Attributes><Attribute z:Id="i395"><AttributeType>soft_upper_limit</AttributeType><IsRequired>false</IsRequired><Value i:nil="true"/></Attribute><Attribute z:Id="i396"><AttributeType>soft_lower_limit</AttributeType><IsRequired>false</IsRequired><Value i:nil="true"/></Attribute><Attribute z:Id="i397"><AttributeType>k_position</AttributeType><IsRequired>false</IsRequired><Value i:nil="true"/></Attribute><Attribute z:Id="i398"><AttributeType>k_velocity</AttributeType><IsRequired>true</IsRequired><Value i:nil="true"/></Attribute></Attributes><ChildElements/><ElementName>safety_controller</ElementName><required>false</required><KPositionAttribute z:Ref="i397"/><KVelocityAttribute z:Ref="i398"/><SoftLowerAttribute z:Ref="i396"/><SoftUpperAttribute z:Ref="i395"/></URDFElement><URDFElement z:Id="i399" i:type="Mimic"><Attributes><Attribute z:Id="i400"><AttributeType>joint</AttributeType><IsRequired>true</IsRequired><Value i:nil="true"/></Attribute><Attribute z:Id="i401"><AttributeType>multiplier</AttributeType><IsRequired>false</IsRequired><Value i:nil="true"/></Attribute><Attribute z:Id="i402"><AttributeType>offset</AttributeType><IsRequired>false</IsRequired><Value i:nil="true"/></Attribute></Attributes><ChildElements/><ElementName>mimic</ElementName><required>false</required><JointNameAttribute z:Ref="i400"/><MultiplierAttribute z:Ref="i401"/><OffsetAttribute z:Ref="i402"/></URDFElement></ChildElements><ElementName>joint</ElementName><required>false</required><Axis z:Ref="i381"/><AxisName>Automatically Generate</AxisName><Calibration z:Ref="i388"/><Child z:Ref="i379"/><CoordinateSystemName>Automatically Generate</CoordinateSystemName><Dynamics z:Ref="i391"/><Limit z:Ref="i383"/><Mimic z:Ref="i399"/><NameAttribute z:Ref="i372"/><Origin z:Ref="i374"/><Parent z:Ref="i377"/><Safety z:Ref="i394"/><TypeAttribute z:Ref="i373"/></URDFElement></ChildElements><ElementName>link</ElementName><required>true</required><Children><Link z:Id="i403"><Attributes><Attribute z:Id="i404"><AttributeType>name</AttributeType><IsRequired>true</IsRequired><Value i:type="a:string" xmlns:a="http://www.w3.org/2001/XMLSchema">Link6</Value></Attribute></Attributes><ChildElements><URDFElement z:Id="i405" i:type="Inertial"><Attributes/><ChildElements><URDFElement z:Id="i406" i:type="Origin"><Attributes><Attribute z:Id="i407"><AttributeType>xyz</AttributeType><IsRequired>true</IsRequired><Value i:type="a:ArrayOfdouble" xmlns:a="http://schemas.microsoft.com/2003/10/Serialization/Arrays"><a:double>0</a:double><a:double>0</a:double><a:double>0</a:double></Value></Attribute><Attribute z:Id="i408"><AttributeType>rpy</AttributeType><IsRequired>true</IsRequired><Value i:type="a:ArrayOfdouble" xmlns:a="http://schemas.microsoft.com/2003/10/Serialization/Arrays"><a:double>0</a:double><a:double>0</a:double><a:double>0</a:double></Value></Attribute></Attributes><ChildElements/><ElementName>origin</ElementName><required>false</required><RPYAttribute z:Ref="i408"/><XYZAttribute z:Ref="i407"/><isCustomized>false</isCustomized></URDFElement><URDFElement z:Id="i409" i:type="Mass"><Attributes><Attribute z:Id="i410"><AttributeType>value</AttributeType><IsRequired>true</IsRequired><Value i:type="a:double" xmlns:a="http://www.w3.org/2001/XMLSchema">0</Value></Attribute></Attributes><ChildElements/><ElementName>mass</ElementName><required>false</required><ValueAttribute z:Ref="i410"/></URDFElement><URDFElement z:Id="i411" i:type="Inertia"><Attributes><Attribute z:Id="i412"><AttributeType>ixx</AttributeType><IsRequired>true</IsRequired><Value i:type="a:double" xmlns:a="http://www.w3.org/2001/XMLSchema">0</Value></Attribute><Attribute z:Id="i413"><AttributeType>ixy</AttributeType><IsRequired>true</IsRequired><Value i:type="a:double" xmlns:a="http://www.w3.org/2001/XMLSchema">0</Value></Attribute><Attribute z:Id="i414"><AttributeType>ixz</AttributeType><IsRequired>true</IsRequired><Value i:type="a:double" xmlns:a="http://www.w3.org/2001/XMLSchema">0</Value></Attribute><Attribute z:Id="i415"><AttributeType>iyy</AttributeType><IsRequired>true</IsRequired><Value i:type="a:double" xmlns:a="http://www.w3.org/2001/XMLSchema">0</Value></Attribute><Attribute z:Id="i416"><AttributeType>iyz</AttributeType><IsRequired>true</IsRequired><Value i:type="a:double" xmlns:a="http://www.w3.org/2001/XMLSchema">0</Value></Attribute><Attribute z:Id="i417"><AttributeType>izz</AttributeType><IsRequired>true</IsRequired><Value i:type="a:double" xmlns:a="http://www.w3.org/2001/XMLSchema">0</Value></Attribute></Attributes><ChildElements/><ElementName>inertia</ElementName><required>false</required><IxxAttribute z:Ref="i412"/><IxyAttribute z:Ref="i413"/><IxzAttribute z:Ref="i414"/><IyyAttribute z:Ref="i415"/><IyzAttribute z:Ref="i416"/><IzzAttribute z:Ref="i417"/></URDFElement></ChildElements><ElementName>inertial</ElementName><required>false</required><Inertia z:Ref="i411"/><Mass z:Ref="i409"/><Origin z:Ref="i406"/></URDFElement><URDFElement z:Id="i418" i:type="Visual"><Attributes/><ChildElements><URDFElement z:Id="i419" i:type="Origin"><Attributes><Attribute z:Id="i420"><AttributeType>xyz</AttributeType><IsRequired>true</IsRequired><Value i:type="a:ArrayOfdouble" xmlns:a="http://schemas.microsoft.com/2003/10/Serialization/Arrays"><a:double>0</a:double><a:double>0</a:double><a:double>0</a:double></Value></Attribute><Attribute z:Id="i421"><AttributeType>rpy</AttributeType><IsRequired>true</IsRequired><Value i:type="a:ArrayOfdouble" xmlns:a="http://schemas.microsoft.com/2003/10/Serialization/Arrays"><a:double>0</a:double><a:double>0</a:double><a:double>0</a:double></Value></Attribute></Attributes><ChildElements/><ElementName>origin</ElementName><required>false</required><RPYAttribute z:Ref="i421"/><XYZAttribute z:Ref="i420"/><isCustomized>false</isCustomized></URDFElement><URDFElement z:Id="i422" i:type="Geometry"><Attributes/><ChildElements><URDFElement z:Id="i423" i:type="Mesh"><Attributes><Attribute z:Id="i424"><AttributeType>filename</AttributeType><IsRequired>true</IsRequired><Value i:nil="true"/></Attribute></Attributes><ChildElements/><ElementName>mesh</ElementName><required>false</required><FilenameAttribute z:Ref="i424"/></URDFElement></ChildElements><ElementName>geometry</ElementName><required>true</required><Mesh z:Ref="i423"/></URDFElement><URDFElement z:Id="i425" i:type="Material"><Attributes><Attribute z:Id="i426"><AttributeType>name</AttributeType><IsRequired>true</IsRequired><Value i:type="a:string" xmlns:a="http://www.w3.org/2001/XMLSchema"/></Attribute></Attributes><ChildElements><URDFElement z:Id="i427" i:type="Color"><Attributes><Attribute z:Id="i428"><AttributeType>rgba</AttributeType><IsRequired>true</IsRequired><Value i:type="a:ArrayOfdouble" xmlns:a="http://schemas.microsoft.com/2003/10/Serialization/Arrays"><a:double>1</a:double><a:double>1</a:double><a:double>1</a:double><a:double>1</a:double></Value></Attribute></Attributes><ChildElements/><ElementName>color</ElementName><required>false</required><RGBAAttribute z:Ref="i428"/></URDFElement><URDFElement z:Id="i429" i:type="Texture"><Attributes><Attribute z:Id="i430"><AttributeType>filename</AttributeType><IsRequired>true</IsRequired><Value i:nil="true"/></Attribute></Attributes><ChildElements/><ElementName>texture</ElementName><required>false</required><FilenameAttribute z:Ref="i430"/><wFilename/></URDFElement></ChildElements><ElementName>material</ElementName><required>false</required><Color z:Ref="i427"/><NameAttribute z:Ref="i426"/><Texture z:Ref="i429"/></URDFElement></ChildElements><ElementName>visual</ElementName><required>false</required><Geometry z:Ref="i422"/><Material z:Ref="i425"/><Origin z:Ref="i419"/></URDFElement><URDFElement z:Id="i431" i:type="Collision"><Attributes/><ChildElements><URDFElement z:Id="i432" i:type="Origin"><Attributes><Attribute z:Id="i433"><AttributeType>xyz</AttributeType><IsRequired>true</IsRequired><Value i:type="a:ArrayOfdouble" xmlns:a="http://schemas.microsoft.com/2003/10/Serialization/Arrays"><a:double>0</a:double><a:double>0</a:double><a:double>0</a:double></Value></Attribute><Attribute z:Id="i434"><AttributeType>rpy</AttributeType><IsRequired>true</IsRequired><Value i:type="a:ArrayOfdouble" xmlns:a="http://schemas.microsoft.com/2003/10/Serialization/Arrays"><a:double>0</a:double><a:double>0</a:double><a:double>0</a:double></Value></Attribute></Attributes><ChildElements/><ElementName>origin</ElementName><required>false</required><RPYAttribute z:Ref="i434"/><XYZAttribute z:Ref="i433"/><isCustomized>false</isCustomized></URDFElement><URDFElement z:Id="i435" i:type="Geometry"><Attributes/><ChildElements><URDFElement z:Id="i436" i:type="Mesh"><Attributes><Attribute z:Id="i437"><AttributeType>filename</AttributeType><IsRequired>true</IsRequired><Value i:nil="true"/></Attribute></Attributes><ChildElements/><ElementName>mesh</ElementName><required>false</required><FilenameAttribute z:Ref="i437"/></URDFElement></ChildElements><ElementName>geometry</ElementName><required>true</required><Mesh z:Ref="i436"/></URDFElement></ChildElements><ElementName>collision</ElementName><required>false</required><Geometry z:Ref="i435"/><Origin z:Ref="i432"/></URDFElement><URDFElement z:Id="i438" i:type="Joint"><Attributes><Attribute z:Id="i439"><AttributeType>name</AttributeType><IsRequired>true</IsRequired><Value i:type="a:string" xmlns:a="http://www.w3.org/2001/XMLSchema">joint6</Value></Attribute><Attribute z:Id="i440"><AttributeType>type</AttributeType><IsRequired>true</IsRequired><Value i:type="a:string" xmlns:a="http://www.w3.org/2001/XMLSchema">Automatically Detect</Value></Attribute></Attributes><ChildElements><URDFElement z:Id="i441" i:type="Origin"><Attributes><Attribute z:Id="i442"><AttributeType>xyz</AttributeType><IsRequired>true</IsRequired><Value i:type="a:ArrayOfdouble" xmlns:a="http://schemas.microsoft.com/2003/10/Serialization/Arrays"><a:double>0</a:double><a:double>0</a:double><a:double>0</a:double></Value></Attribute><Attribute z:Id="i443"><AttributeType>rpy</AttributeType><IsRequired>true</IsRequired><Value i:type="a:ArrayOfdouble" xmlns:a="http://schemas.microsoft.com/2003/10/Serialization/Arrays"><a:double>0</a:double><a:double>0</a:double><a:double>0</a:double></Value></Attribute></Attributes><ChildElements/><ElementName>origin</ElementName><required>false</required><RPYAttribute z:Ref="i443"/><XYZAttribute z:Ref="i442"/><isCustomized>false</isCustomized></URDFElement><URDFElement z:Id="i444" i:type="ParentLink"><Attributes><Attribute z:Id="i445"><AttributeType>link</AttributeType><IsRequired>true</IsRequired><Value i:type="a:string" xmlns:a="http://www.w3.org/2001/XMLSchema"/></Attribute></Attributes><ChildElements/><ElementName>parent</ElementName><required>true</required><NameAttribute z:Ref="i445"/></URDFElement><URDFElement z:Id="i446" i:type="ChildLink"><Attributes><Attribute z:Id="i447"><AttributeType>link</AttributeType><IsRequired>true</IsRequired><Value i:type="a:string" xmlns:a="http://www.w3.org/2001/XMLSchema"/></Attribute></Attributes><ChildElements/><ElementName>child</ElementName><required>true</required><NameAttribute z:Ref="i447"/></URDFElement><URDFElement z:Id="i448" i:type="Axis"><Attributes><Attribute z:Id="i449"><AttributeType>xyz</AttributeType><IsRequired>true</IsRequired><Value i:type="a:ArrayOfdouble" xmlns:a="http://schemas.microsoft.com/2003/10/Serialization/Arrays"><a:double>0</a:double><a:double>0</a:double><a:double>0</a:double></Value></Attribute></Attributes><ChildElements/><ElementName>axis</ElementName><required>false</required><XYZAttribute z:Ref="i449"/></URDFElement><URDFElement z:Id="i450" i:type="Limit"><Attributes><Attribute z:Id="i451"><AttributeType>lower</AttributeType><IsRequired>false</IsRequired><Value i:nil="true"/></Attribute><Attribute z:Id="i452"><AttributeType>upper</AttributeType><IsRequired>false</IsRequired><Value i:nil="true"/></Attribute><Attribute z:Id="i453"><AttributeType>effort</AttributeType><IsRequired>true</IsRequired><Value i:nil="true"/></Attribute><Attribute z:Id="i454"><AttributeType>velocity</AttributeType><IsRequired>true</IsRequired><Value i:nil="true"/></Attribute></Attributes><ChildElements/><ElementName>limit</ElementName><required>false</required><EffortAttribute z:Ref="i453"/><LowerAttribute z:Ref="i451"/><UpperAttribute z:Ref="i452"/><VelocityAttribute z:Ref="i454"/></URDFElement><URDFElement z:Id="i455" i:type="Calibration"><Attributes><Attribute z:Id="i456"><AttributeType>rising</AttributeType><IsRequired>false</IsRequired><Value i:nil="true"/></Attribute><Attribute z:Id="i457"><AttributeType>falling</AttributeType><IsRequired>false</IsRequired><Value i:nil="true"/></Attribute></Attributes><ChildElements/><ElementName>calibration</ElementName><required>false</required><FallingAttribute z:Ref="i457"/><RisingAttribute z:Ref="i456"/></URDFElement><URDFElement z:Id="i458" i:type="Dynamics"><Attributes><Attribute z:Id="i459"><AttributeType>damping</AttributeType><IsRequired>false</IsRequired><Value i:nil="true"/></Attribute><Attribute z:Id="i460"><AttributeType>friction</AttributeType><IsRequired>false</IsRequired><Value i:nil="true"/></Attribute></Attributes><ChildElements/><ElementName>dynamics</ElementName><required>false</required><DampingAttribute z:Ref="i459"/><FrictionAttribute z:Ref="i460"/></URDFElement><URDFElement z:Id="i461" i:type="SafetyController"><Attributes><Attribute z:Id="i462"><AttributeType>soft_upper_limit</AttributeType><IsRequired>false</IsRequired><Value i:nil="true"/></Attribute><Attribute z:Id="i463"><AttributeType>soft_lower_limit</AttributeType><IsRequired>false</IsRequired><Value i:nil="true"/></Attribute><Attribute z:Id="i464"><AttributeType>k_position</AttributeType><IsRequired>false</IsRequired><Value i:nil="true"/></Attribute><Attribute z:Id="i465"><AttributeType>k_velocity</AttributeType><IsRequired>true</IsRequired><Value i:nil="true"/></Attribute></Attributes><ChildElements/><ElementName>safety_controller</ElementName><required>false</required><KPositionAttribute z:Ref="i464"/><KVelocityAttribute z:Ref="i465"/><SoftLowerAttribute z:Ref="i463"/><SoftUpperAttribute z:Ref="i462"/></URDFElement><URDFElement z:Id="i466" i:type="Mimic"><Attributes><Attribute z:Id="i467"><AttributeType>joint</AttributeType><IsRequired>true</IsRequired><Value i:nil="true"/></Attribute><Attribute z:Id="i468"><AttributeType>multiplier</AttributeType><IsRequired>false</IsRequired><Value i:nil="true"/></Attribute><Attribute z:Id="i469"><AttributeType>offset</AttributeType><IsRequired>false</IsRequired><Value i:nil="true"/></Attribute></Attributes><ChildElements/><ElementName>mimic</ElementName><required>false</required><JointNameAttribute z:Ref="i467"/><MultiplierAttribute z:Ref="i468"/><OffsetAttribute z:Ref="i469"/></URDFElement></ChildElements><ElementName>joint</ElementName><required>false</required><Axis z:Ref="i448"/><AxisName>Automatically Generate</AxisName><Calibration z:Ref="i455"/><Child z:Ref="i446"/><CoordinateSystemName>Automatically Generate</CoordinateSystemName><Dynamics z:Ref="i458"/><Limit z:Ref="i450"/><Mimic z:Ref="i466"/><NameAttribute z:Ref="i439"/><Origin z:Ref="i441"/><Parent z:Ref="i444"/><Safety z:Ref="i461"/><TypeAttribute z:Ref="i440"/></URDFElement></ChildElements><ElementName>link</ElementName><required>true</required><Children/><Collision z:Ref="i431"/><Inertial z:Ref="i405"/><Joint z:Ref="i438"/><NameAttribute z:Ref="i404"/><Parent z:Ref="i336"/><STLQualityFine>false</STLQualityFine><SWComponentPIDs xmlns:a="http://schemas.microsoft.com/2003/10/Serialization/Arrays"><a:base64Binary>UEYAAAUAAAD//v8uVwByAGkAcwB0ACgAMwApACAAdABvACAARQBuAGQAIABsAGkAbgBrAF8AMgAwADIAMwAtADEAQABBAHMAcwBlAG0AYgBsAHkAXwB2AGUAcgBzAGkAbwBuAF8AMgAEAAAAEAAAAAEAAAABAAAALAAAAA==</a:base64Binary><a:base64Binary>UEYAAAUAAAD//v8vRQBuAGQAXwBlAGYAZgBlAGMAdABvAHIAXwBtAG8AdQBuAHQAaQBuAGcAXwAyADAAMgAzAC0AMQBAAEEAcwBzAGUAbQBiAGwAeQBfAHYAZQByAHMAaQBvAG4AXwAyAAQAAAAQAAAAAQAAAAEAAAAiAAAA</a:base64Binary></SWComponentPIDs><SWMainComponentPID i:nil="true"/><Visual z:Ref="i418"/><isFixedFrame>false</isFixedFrame><isIncomplete>false</isIncomplete></Link></Children><Collision z:Ref="i364"/><Inertial z:Ref="i338"/><Joint z:Ref="i371"/><NameAttribute z:Ref="i337"/><Parent z:Ref="i269"/><STLQualityFine>false</STLQualityFine><SWComponentPIDs xmlns:a="http://schemas.microsoft.com/2003/10/Serialization/Arrays"><a:base64Binary>UEYAAAUAAAD//v8uVwByAGkAcwB0ACgAMgApACAAdABvACAAVwByAGkAcwB0ACgAMwApACAAbABpAG4AawAtADEAQABBAHMAcwBlAG0AYgBsAHkAXwB2AGUAcgBzAGkAbwBuAF8AMgAEAAAAEAAAAAEAAAABAAAAJwAAAA==</a:base64Binary></SWComponentPIDs><SWMainComponentPID i:nil="true"/><Visual z:Ref="i351"/><isFixedFrame>false</isFixedFrame><isIncomplete>false</isIncomplete></Link></Children><Collision z:Ref="i297"/><Inertial z:Ref="i271"/><Joint z:Ref="i304"/><NameAttribute z:Ref="i270"/><Parent z:Ref="i202"/><STLQualityFine>false</STLQualityFine><SWComponentPIDs xmlns:a="http://schemas.microsoft.com/2003/10/Serialization/Arrays"><a:base64Binary>UEYAAAUAAAD//v8uVwByAGkAcwB0ACgAMQApACAAdABvACAAVwByAGkAcwB0ACgAMgApACAAbABpAG4AawAtADEAQABBAHMAcwBlAG0AYgBsAHkAXwB2AGUAcgBzAGkAbwBuAF8AMgAEAAAAEAAAAAEAAAABAAAAJQAAAA==</a:base64Binary></SWComponentPIDs><SWMainComponentPID i:nil="true"/><Visual z:Ref="i284"/><isFixedFrame>false</isFixedFrame><isIncomplete>false</isIncomplete></Link></Children><Collision z:Ref="i230"/><Inertial z:Ref="i204"/><Joint z:Ref="i237"/><NameAttribute z:Ref="i203"/><Parent z:Ref="i135"/><STLQualityFine>false</STLQualityFine><SWComponentPIDs xmlns:a="http://schemas.microsoft.com/2003/10/Serialization/Arrays"><a:base64Binary>UEYAAAUAAAD//v8pZQBsAGIAbwB3AF8AdwByAGkAcwB0AF8AbQBvAGQAaQBmAGkAZQBkAC0AMQBAAEEAcwBzAGUAbQBiAGwAeQBfAHYAZQByAHMAaQBvAG4AXwAyAAQAAAAQAAAAAQAAAAEAAAAhAAAA</a:base64Binary></SWComponentPIDs><SWMainComponentPID i:nil="true"/><Visual z:Ref="i217"/><isFixedFrame>false</isFixedFrame><isIncomplete>false</isIncomplete></Link></Children><Collision z:Ref="i163"/><Inertial z:Ref="i137"/><Joint z:Ref="i170"/><NameAttribute z:Ref="i136"/><Parent z:Ref="i68"/><STLQualityFine>false</STLQualityFine><SWComponentPIDs xmlns:a="http://schemas.microsoft.com/2003/10/Serialization/Arrays"><a:base64Binary>UEYAAAUAAAD//v8rcwBoAG8AdQBsAGQAZQByAF8AdABvAF8AZQBsAGIAbwB3AF8AMgAwADIAMwAtADEAQABBAHMAcwBlAG0AYgBsAHkAXwB2AGUAcgBzAGkAbwBuAF8AMgAEAAAAEAAAAAEAAAABAAAAJAAAAA==</a:base64Binary></SWComponentPIDs><SWMainComponentPID i:nil="true"/><Visual z:Ref="i150"/><isFixedFrame>false</isFixedFrame><isIncomplete>false</isIncomplete></Link></Children><Collision z:Ref="i96"/><Inertial z:Ref="i70"/><Joint z:Ref="i103"/><NameAttribute z:Ref="i69"/><Parent z:Ref="i1"/><STLQualityFine>false</STLQualityFine><SWComponentPIDs xmlns:a="http://schemas.microsoft.com/2003/10/Serialization/Arrays"><a:base64Binary>UEYAAAUAAAD//v8qcgBoAGkAbgBvAF8AcABsAGEAdABmAG8AcgBtAF8AMgBfADIAMAAyADMALQAxAEAAQQBzAHMAZQBtAGIAbAB5AF8AdgBlAHIAcwBpAG8AbgBfADIABAAAABAAAAABAAAAAQAAACMAAAA=</a:base64Binary></SWComponentPIDs><SWMainComponentPID i:nil="true"/><Visual z:Ref="i83"/><isFixedFrame>false</isFixedFrame><isIncomplete>false</isIncomplete></Link></Children><Collision z:Ref="i29"/><Inertial z:Ref="i3"/><Joint z:Ref="i36"/><NameAttribute z:Ref="i2"/><Parent i:nil="true"/><STLQualityFine>false</STLQualityFine><SWComponentPIDs xmlns:a="http://schemas.microsoft.com/2003/10/Serialization/Arrays"><a:base64Binary>UEYAAAUAAAD//v8eQgBhAHMAZQBfADIAMAAyADMALQAyAEAAQQBzAHMAZQBtAGIAbAB5AF8AdgBlAHIAcwBpAG8AbgBfADIABAAAABAAAAABAAAAAQAAACAAAAA=</a:base64Binary></SWComponentPIDs><SWMainComponentPID i:nil="true"/><Visual z:Ref="i16"/><isFixedFrame>false</isFixedFrame><isIncomplete>false</isIncomplete></Link>
2025-12-25 18:35:43,498 INFO  AssemblyExportForm.cs: 309 - Saving URDF package to D:\Home\Home\Assembly_version_2
2025-12-25 18:35:43,501 INFO  ExportHelper.cs: 147 - Beginning the export process
2025-12-25 18:35:43,504 INFO  ExportHelper.cs: 153 - Creating package directories with name Assembly_version_2 and save path D:\Home\Home
2025-12-25 18:35:46,945 INFO  ExportHelper.cs: 162 - Creating CMakeLists.txt at D:\Home\Home\Assembly_version_2\CMakeLists.txt
2025-12-25 18:35:46,947 INFO  ExportHelper.cs: 166 - Creating joint names config at D:\Home\Home\Assembly_version_2\config\joint_names_Assembly_version_2.yaml
2025-12-25 18:35:46,949 INFO  ExportHelper.cs: 170 - Creating package.xml at D:\Home\Home\Assembly_version_2\package.xml
2025-12-25 18:35:46,950 INFO  PackageXMLWriter.cs: 21 - Creating package.xml at D:\Home\Home\Assembly_version_2\package.xml
2025-12-25 18:35:46,956 INFO  ExportHelper.cs: 177 - Creating RVIZ launch file in D:\Home\Home\Assembly_version_2\launch\
2025-12-25 18:35:46,959 INFO  ExportHelper.cs: 182 - Creating Gazebo launch file in D:\Home\Home\Assembly_version_2\launch\
2025-12-25 18:35:46,961 INFO  ExportHelper.cs: 187 - Saving existing STL preferences
2025-12-25 18:35:46,962 INFO  ExportHelper.cs: 450 - Saving users preferences
2025-12-25 18:35:46,964 INFO  ExportHelper.cs: 190 - Modifying STL preferences
2025-12-25 18:35:46,965 INFO  ExportHelper.cs: 464 - Setting STL preferences
2025-12-25 18:35:46,974 INFO  ExportHelper.cs: 196 - Found 0 hidden components 
2025-12-25 18:35:46,975 INFO  ExportHelper.cs: 197 - Hiding all components
2025-12-25 18:35:47,027 INFO  ExportHelper.cs: 204 - Beginning individual files export
2025-12-25 18:35:47,031 INFO  ExportHelper.cs: 270 - Exporting link: base_link
2025-12-25 18:35:47,032 INFO  ExportHelper.cs: 272 - Link base_link has 1 children
2025-12-25 18:35:47,033 INFO  ExportHelper.cs: 270 - Exporting link: Link1
2025-12-25 18:35:47,034 INFO  ExportHelper.cs: 272 - Link Link1 has 1 children
2025-12-25 18:35:47,035 INFO  ExportHelper.cs: 270 - Exporting link: Link2
2025-12-25 18:35:47,037 INFO  ExportHelper.cs: 272 - Link Link2 has 1 children
2025-12-25 18:35:47,038 INFO  ExportHelper.cs: 270 - Exporting link: Link3
2025-12-25 18:35:47,038 INFO  ExportHelper.cs: 272 - Link Link3 has 1 children
2025-12-25 18:35:47,040 INFO  ExportHelper.cs: 270 - Exporting link: Link4
2025-12-25 18:35:47,040 INFO  ExportHelper.cs: 272 - Link Link4 has 1 children
2025-12-25 18:35:47,042 INFO  ExportHelper.cs: 270 - Exporting link: Link5
2025-12-25 18:35:47,043 INFO  ExportHelper.cs: 272 - Link Link5 has 1 children
2025-12-25 18:35:47,044 INFO  ExportHelper.cs: 270 - Exporting link: Link6
2025-12-25 18:35:47,044 INFO  ExportHelper.cs: 272 - Link Link6 has 0 children
2025-12-25 18:35:47,045 INFO  ExportHelper.cs: 317 - Link6: Exporting STL with coordinate frame Origin_joint6
2025-12-25 18:35:47,046 INFO  ExportHelper.cs: 322 - Link6: Reference geometry name 
2025-12-25 18:35:47,083 INFO  ExportHelper.cs: 330 - Saving STL to D:\Home\Home\Assembly_version_2\meshes\Link6.STL
2025-12-25 18:35:47,309 INFO  ExportHelper.cs: 405 - Removing SW header in STL file
2025-12-25 18:35:47,316 INFO  ExportHelper.cs: 317 - Link5: Exporting STL with coordinate frame Origin_joint5
2025-12-25 18:35:47,316 INFO  ExportHelper.cs: 322 - Link5: Reference geometry name 
2025-12-25 18:35:47,392 INFO  ExportHelper.cs: 330 - Saving STL to D:\Home\Home\Assembly_version_2\meshes\Link5.STL
2025-12-25 18:35:47,438 INFO  ExportHelper.cs: 405 - Removing SW header in STL file
2025-12-25 18:35:47,439 INFO  ExportHelper.cs: 317 - Link4: Exporting STL with coordinate frame Origin_joint4
2025-12-25 18:35:47,439 INFO  ExportHelper.cs: 322 - Link4: Reference geometry name 
2025-12-25 18:35:47,465 INFO  ExportHelper.cs: 330 - Saving STL to D:\Home\Home\Assembly_version_2\meshes\Link4.STL
2025-12-25 18:35:47,511 INFO  ExportHelper.cs: 405 - Removing SW header in STL file
2025-12-25 18:35:47,512 INFO  ExportHelper.cs: 317 - Link3: Exporting STL with coordinate frame Origin_joint3
2025-12-25 18:35:47,513 INFO  ExportHelper.cs: 322 - Link3: Reference geometry name 
2025-12-25 18:35:47,536 INFO  ExportHelper.cs: 330 - Saving STL to D:\Home\Home\Assembly_version_2\meshes\Link3.STL
2025-12-25 18:35:47,613 INFO  ExportHelper.cs: 405 - Removing SW header in STL file
2025-12-25 18:35:47,615 INFO  ExportHelper.cs: 317 - Link2: Exporting STL with coordinate frame Origin_joint2
2025-12-25 18:35:47,615 INFO  ExportHelper.cs: 322 - Link2: Reference geometry name 
2025-12-25 18:35:47,639 INFO  ExportHelper.cs: 330 - Saving STL to D:\Home\Home\Assembly_version_2\meshes\Link2.STL
2025-12-25 18:35:47,713 INFO  ExportHelper.cs: 405 - Removing SW header in STL file
2025-12-25 18:35:47,714 INFO  ExportHelper.cs: 317 - Link1: Exporting STL with coordinate frame Origin_joint1
2025-12-25 18:35:47,715 INFO  ExportHelper.cs: 322 - Link1: Reference geometry name 
2025-12-25 18:35:47,739 INFO  ExportHelper.cs: 330 - Saving STL to D:\Home\Home\Assembly_version_2\meshes\Link1.STL
2025-12-25 18:35:47,783 INFO  ExportHelper.cs: 405 - Removing SW header in STL file
2025-12-25 18:35:47,783 INFO  ExportHelper.cs: 317 - base_link: Exporting STL with coordinate frame Origin_global
2025-12-25 18:35:47,784 INFO  ExportHelper.cs: 322 - base_link: Reference geometry name 
2025-12-25 18:35:47,808 INFO  ExportHelper.cs: 330 - Saving STL to D:\Home\Home\Assembly_version_2\meshes\base_link.STL
2025-12-25 18:35:47,851 INFO  ExportHelper.cs: 405 - Removing SW header in STL file
2025-12-25 18:35:47,852 INFO  ExportHelper.cs: 145 - Showing all components except previously hidden components
2025-12-25 18:35:47,910 INFO  ExportHelper.cs: 145 - Resetting STL preferences
2025-12-25 18:35:47,912 INFO  ExportHelper.cs: 478 - Returning STL preferences to user preferences
2025-12-25 18:35:47,913 INFO  ExportHelper.cs: 228 - Writing URDF file to D:\Home\Home\Assembly_version_2\urdf\Assembly_version_2.urdf
2025-12-25 18:35:48,035 INFO  CSVImportExport.cs: 32 - Writing CSV file D:\Home\Home\Assembly_version_2\urdf\Assembly_version_2.csv
2025-12-25 18:35:48,063 ERROR CSVImportExport.cs: 130 - The following columns were not written to the CSV: Link.Joint.ChildLink.link,
2025-12-25 18:35:48,064 ERROR CSVImportExport.cs: 130 - The following columns were not written to the CSV: Link.Joint.ChildLink.link,
2025-12-25 18:35:48,064 ERROR CSVImportExport.cs: 130 - The following columns were not written to the CSV: Link.Joint.ChildLink.link,
2025-12-25 18:35:48,065 ERROR CSVImportExport.cs: 130 - The following columns were not written to the CSV: Link.Joint.ChildLink.link,
2025-12-25 18:35:48,065 ERROR CSVImportExport.cs: 130 - The following columns were not written to the CSV: Link.Joint.ChildLink.link,
2025-12-25 18:35:48,066 ERROR CSVImportExport.cs: 130 - The following columns were not written to the CSV: Link.Joint.ChildLink.link,
2025-12-25 18:35:48,066 ERROR CSVImportExport.cs: 130 - The following columns were not written to the CSV: Link.Joint.ChildLink.link,
2025-12-25 18:35:48,067 INFO  ExportHelper.cs: 234 - Copying log file
2025-12-25 18:35:48,071 INFO  ExportHelper.cs: 439 - Copying C:\Users\RAKESH BALLA\sw2urdf_logs\sw2urdf.log to D:\Home\Home\Assembly_version_2\export.log
2025-12-25 18:35:48,073 INFO  ExportHelper.cs: 237 - Resetting STL preferences
2025-12-25 18:35:48,073 INFO  ExportHelper.cs: 478 - Returning STL preferences to user preferences
2025-12-25 18:41:44,503 INFO  SwAddin.cs: 294 - Assembly export called for file Assembly_version_2
2025-12-25 18:41:48,392 INFO  SwAddin.cs: 313 - Saving assembly
2025-12-25 18:41:48,566 INFO  SwAddin.cs: 316 - Opening property manager
2025-12-25 18:41:48,567 INFO  ExportHelperExtension.cs: 1125 - Retrieving features of type [CoordSys] from Assembly_version_2
2025-12-25 18:41:48,567 INFO  ExportHelperExtension.cs: 1136 - Found 46 in Assembly_version_2
2025-12-25 18:41:48,568 INFO  ExportHelperExtension.cs: 1145 - Found 0 features of type [CoordSys] in Assembly_version_2
2025-12-25 18:41:48,569 INFO  ExportHelperExtension.cs: 1148 - Proceeding through assembly components
2025-12-25 18:41:48,570 INFO  ExportHelperExtension.cs: 1160 - 8 components to check
2025-12-25 18:41:48,570 INFO  ExportHelperExtension.cs: 1125 - Retrieving features of type [CoordSys] from End_effector_mounting_2023-1
2025-12-25 18:41:48,571 INFO  ExportHelperExtension.cs: 1136 - Found 25 in End_effector_mounting_2023-1
2025-12-25 18:41:48,573 INFO  ExportHelperExtension.cs: 1145 - Found 0 features of type [CoordSys] in End_effector_mounting_2023-1
2025-12-25 18:41:48,573 INFO  ExportHelperExtension.cs: 1125 - Retrieving features of type [CoordSys] from shoulder_to_elbow_2023-1
2025-12-25 18:41:48,573 INFO  ExportHelperExtension.cs: 1136 - Found 71 in shoulder_to_elbow_2023-1
2025-12-25 18:41:48,574 INFO  ExportHelperExtension.cs: 1145 - Found 0 features of type [CoordSys] in shoulder_to_elbow_2023-1
2025-12-25 18:41:48,574 INFO  ExportHelperExtension.cs: 1125 - Retrieving features of type [CoordSys] from Wrist(2) to Wrist(3) link-1
2025-12-25 18:41:48,575 INFO  ExportHelperExtension.cs: 1136 - Found 60 in Wrist(2) to Wrist(3) link-1
2025-12-25 18:41:48,575 INFO  ExportHelperExtension.cs: 1145 - Found 0 features of type [CoordSys] in Wrist(2) to Wrist(3) link-1
2025-12-25 18:41:48,575 INFO  ExportHelperExtension.cs: 1125 - Retrieving features of type [CoordSys] from Base_2023-2
2025-12-25 18:41:48,577 INFO  ExportHelperExtension.cs: 1136 - Found 46 in Base_2023-2
2025-12-25 18:41:48,577 INFO  ExportHelperExtension.cs: 1145 - Found 0 features of type [CoordSys] in Base_2023-2
2025-12-25 18:41:48,578 INFO  ExportHelperExtension.cs: 1125 - Retrieving features of type [CoordSys] from elbow_wrist_modified-1
2025-12-25 18:41:48,578 INFO  ExportHelperExtension.cs: 1136 - Found 89 in elbow_wrist_modified-1
2025-12-25 18:41:48,579 INFO  ExportHelperExtension.cs: 1145 - Found 0 features of type [CoordSys] in elbow_wrist_modified-1
2025-12-25 18:41:48,579 INFO  ExportHelperExtension.cs: 1125 - Retrieving features of type [CoordSys] from rhino_platform_2_2023-1
2025-12-25 18:41:48,580 INFO  ExportHelperExtension.cs: 1136 - Found 49 in rhino_platform_2_2023-1
2025-12-25 18:41:48,580 INFO  ExportHelperExtension.cs: 1145 - Found 0 features of type [CoordSys] in rhino_platform_2_2023-1
2025-12-25 18:41:48,581 INFO  ExportHelperExtension.cs: 1125 - Retrieving features of type [CoordSys] from Wrist(1) to Wrist(2) link-1
2025-12-25 18:41:48,581 INFO  ExportHelperExtension.cs: 1136 - Found 60 in Wrist(1) to Wrist(2) link-1
2025-12-25 18:41:48,582 INFO  ExportHelperExtension.cs: 1145 - Found 0 features of type [CoordSys] in Wrist(1) to Wrist(2) link-1
2025-12-25 18:41:48,582 INFO  ExportHelperExtension.cs: 1125 - Retrieving features of type [CoordSys] from Wrist(3) to End link_2023-1
2025-12-25 18:41:48,582 INFO  ExportHelperExtension.cs: 1136 - Found 47 in Wrist(3) to End link_2023-1
2025-12-25 18:41:48,584 INFO  ExportHelperExtension.cs: 1145 - Found 0 features of type [CoordSys] in Wrist(3) to End link_2023-1
2025-12-25 18:41:48,584 INFO  ExportHelperExtension.cs: 1125 - Retrieving features of type [RefAxis] from Assembly_version_2
2025-12-25 18:41:48,585 INFO  ExportHelperExtension.cs: 1136 - Found 46 in Assembly_version_2
2025-12-25 18:41:48,586 INFO  ExportHelperExtension.cs: 1145 - Found 0 features of type [RefAxis] in Assembly_version_2
2025-12-25 18:41:48,586 INFO  ExportHelperExtension.cs: 1148 - Proceeding through assembly components
2025-12-25 18:41:48,586 INFO  ExportHelperExtension.cs: 1160 - 8 components to check
2025-12-25 18:41:48,587 INFO  ExportHelperExtension.cs: 1125 - Retrieving features of type [RefAxis] from End_effector_mounting_2023-1
2025-12-25 18:41:48,587 INFO  ExportHelperExtension.cs: 1136 - Found 25 in End_effector_mounting_2023-1
2025-12-25 18:41:48,587 INFO  ExportHelperExtension.cs: 1145 - Found 0 features of type [RefAxis] in End_effector_mounting_2023-1
2025-12-25 18:41:48,588 INFO  ExportHelperExtension.cs: 1125 - Retrieving features of type [RefAxis] from shoulder_to_elbow_2023-1
2025-12-25 18:41:48,588 INFO  ExportHelperExtension.cs: 1136 - Found 71 in shoulder_to_elbow_2023-1
2025-12-25 18:41:48,589 INFO  ExportHelperExtension.cs: 1145 - Found 0 features of type [RefAxis] in shoulder_to_elbow_2023-1
2025-12-25 18:41:48,592 INFO  ExportHelperExtension.cs: 1125 - Retrieving features of type [RefAxis] from Wrist(2) to Wrist(3) link-1
2025-12-25 18:41:48,629 INFO  ExportHelperExtension.cs: 1136 - Found 60 in Wrist(2) to Wrist(3) link-1
2025-12-25 18:41:48,631 INFO  ExportHelperExtension.cs: 1145 - Found 0 features of type [RefAxis] in Wrist(2) to Wrist(3) link-1
2025-12-25 18:41:48,631 INFO  ExportHelperExtension.cs: 1125 - Retrieving features of type [RefAxis] from Base_2023-2
2025-12-25 18:41:48,631 INFO  ExportHelperExtension.cs: 1136 - Found 46 in Base_2023-2
2025-12-25 18:41:48,633 INFO  ExportHelperExtension.cs: 1145 - Found 0 features of type [RefAxis] in Base_2023-2
2025-12-25 18:41:48,633 INFO  ExportHelperExtension.cs: 1125 - Retrieving features of type [RefAxis] from elbow_wrist_modified-1
2025-12-25 18:41:48,634 INFO  ExportHelperExtension.cs: 1136 - Found 89 in elbow_wrist_modified-1
2025-12-25 18:41:48,635 INFO  ExportHelperExtension.cs: 1145 - Found 0 features of type [RefAxis] in elbow_wrist_modified-1
2025-12-25 18:41:48,635 INFO  ExportHelperExtension.cs: 1125 - Retrieving features of type [RefAxis] from rhino_platform_2_2023-1
2025-12-25 18:41:48,635 INFO  ExportHelperExtension.cs: 1136 - Found 49 in rhino_platform_2_2023-1
2025-12-25 18:41:48,636 INFO  ExportHelperExtension.cs: 1145 - Found 0 features of type [RefAxis] in rhino_platform_2_2023-1
2025-12-25 18:41:48,636 INFO  ExportHelperExtension.cs: 1125 - Retrieving features of type [RefAxis] from Wrist(1) to Wrist(2) link-1
2025-12-25 18:41:48,636 INFO  ExportHelperExtension.cs: 1136 - Found 60 in Wrist(1) to Wrist(2) link-1
2025-12-25 18:41:48,637 INFO  ExportHelperExtension.cs: 1145 - Found 0 features of type [RefAxis] in Wrist(1) to Wrist(2) link-1
2025-12-25 18:41:48,637 INFO  ExportHelperExtension.cs: 1125 - Retrieving features of type [RefAxis] from Wrist(3) to End link_2023-1
2025-12-25 18:41:48,638 INFO  ExportHelperExtension.cs: 1136 - Found 47 in Wrist(3) to End link_2023-1
2025-12-25 18:41:48,638 INFO  ExportHelperExtension.cs: 1145 - Found 0 features of type [RefAxis] in Wrist(3) to End link_2023-1
2025-12-25 18:41:48,832 INFO  SwAddin.cs: 339 - Loading config tree
2025-12-25 18:41:48,832 INFO  ExportPropertyManagerExtension.cs: 520 - Starting new configuration
2025-12-25 18:41:48,836 INFO  SwAddin.cs: 344 - Showing property manager
2025-12-25 18:42:14,509 INFO  ExportPropertyManager.cs: 1136 - OnNumberBoxTrackingCompleted called. This method no longer throws an Exception. It just silently does nothing. Ok, except for this logging message
2025-12-25 18:42:43,086 INFO  ExportPropertyManager.cs: 416 - Configuration canceled
2025-12-25 18:42:43,159 INFO  ExportPropertyManager.cs: 1142 - AfterClose called. This method no longer throws an Exception. It just silently does nothing. Ok, except for this logging message
2025-12-25 18:43:32,396 INFO  SwAddin.cs: 294 - Assembly export called for file Assembly_version_2
2025-12-25 18:43:33,950 INFO  SwAddin.cs: 313 - Saving assembly
2025-12-25 18:43:34,124 INFO  SwAddin.cs: 316 - Opening property manager
2025-12-25 18:43:34,125 INFO  ExportHelperExtension.cs: 1125 - Retrieving features of type [CoordSys] from Assembly_version_2
2025-12-25 18:43:34,126 INFO  ExportHelperExtension.cs: 1136 - Found 46 in Assembly_version_2
2025-12-25 18:43:34,126 INFO  ExportHelperExtension.cs: 1145 - Found 0 features of type [CoordSys] in Assembly_version_2
2025-12-25 18:43:34,127 INFO  ExportHelperExtension.cs: 1148 - Proceeding through assembly components
2025-12-25 18:43:34,128 INFO  ExportHelperExtension.cs: 1160 - 8 components to check
2025-12-25 18:43:34,129 INFO  ExportHelperExtension.cs: 1125 - Retrieving features of type [CoordSys] from End_effector_mounting_2023-1
2025-12-25 18:43:34,129 INFO  ExportHelperExtension.cs: 1136 - Found 25 in End_effector_mounting_2023-1
2025-12-25 18:43:34,130 INFO  ExportHelperExtension.cs: 1145 - Found 0 features of type [CoordSys] in End_effector_mounting_2023-1
2025-12-25 18:43:34,131 INFO  ExportHelperExtension.cs: 1125 - Retrieving features of type [CoordSys] from shoulder_to_elbow_2023-1
2025-12-25 18:43:34,131 INFO  ExportHelperExtension.cs: 1136 - Found 71 in shoulder_to_elbow_2023-1
2025-12-25 18:43:34,132 INFO  ExportHelperExtension.cs: 1145 - Found 0 features of type [CoordSys] in shoulder_to_elbow_2023-1
2025-12-25 18:43:34,132 INFO  ExportHelperExtension.cs: 1125 - Retrieving features of type [CoordSys] from Wrist(2) to Wrist(3) link-1
2025-12-25 18:43:34,133 INFO  ExportHelperExtension.cs: 1136 - Found 60 in Wrist(2) to Wrist(3) link-1
2025-12-25 18:43:34,134 INFO  ExportHelperExtension.cs: 1145 - Found 0 features of type [CoordSys] in Wrist(2) to Wrist(3) link-1
2025-12-25 18:43:34,134 INFO  ExportHelperExtension.cs: 1125 - Retrieving features of type [CoordSys] from Base_2023-2
2025-12-25 18:43:34,135 INFO  ExportHelperExtension.cs: 1136 - Found 46 in Base_2023-2
2025-12-25 18:43:34,136 INFO  ExportHelperExtension.cs: 1145 - Found 0 features of type [CoordSys] in Base_2023-2
2025-12-25 18:43:34,136 INFO  ExportHelperExtension.cs: 1125 - Retrieving features of type [CoordSys] from elbow_wrist_modified-1
2025-12-25 18:43:34,137 INFO  ExportHelperExtension.cs: 1136 - Found 89 in elbow_wrist_modified-1
2025-12-25 18:43:34,138 INFO  ExportHelperExtension.cs: 1145 - Found 0 features of type [CoordSys] in elbow_wrist_modified-1
2025-12-25 18:43:34,138 INFO  ExportHelperExtension.cs: 1125 - Retrieving features of type [CoordSys] from rhino_platform_2_2023-1
2025-12-25 18:43:34,138 INFO  ExportHelperExtension.cs: 1136 - Found 49 in rhino_platform_2_2023-1
2025-12-25 18:43:34,139 INFO  ExportHelperExtension.cs: 1145 - Found 0 features of type [CoordSys] in rhino_platform_2_2023-1
2025-12-25 18:43:34,140 INFO  ExportHelperExtension.cs: 1125 - Retrieving features of type [CoordSys] from Wrist(1) to Wrist(2) link-1
2025-12-25 18:43:34,140 INFO  ExportHelperExtension.cs: 1136 - Found 60 in Wrist(1) to Wrist(2) link-1
2025-12-25 18:43:34,141 INFO  ExportHelperExtension.cs: 1145 - Found 0 features of type [CoordSys] in Wrist(1) to Wrist(2) link-1
2025-12-25 18:43:34,141 INFO  ExportHelperExtension.cs: 1125 - Retrieving features of type [CoordSys] from Wrist(3) to End link_2023-1
2025-12-25 18:43:34,142 INFO  ExportHelperExtension.cs: 1136 - Found 47 in Wrist(3) to End link_2023-1
2025-12-25 18:43:34,142 INFO  ExportHelperExtension.cs: 1145 - Found 0 features of type [CoordSys] in Wrist(3) to End link_2023-1
2025-12-25 18:43:34,143 INFO  ExportHelperExtension.cs: 1125 - Retrieving features of type [RefAxis] from Assembly_version_2
2025-12-25 18:43:34,143 INFO  ExportHelperExtension.cs: 1136 - Found 46 in Assembly_version_2
2025-12-25 18:43:34,144 INFO  ExportHelperExtension.cs: 1145 - Found 0 features of type [RefAxis] in Assembly_version_2
2025-12-25 18:43:34,144 INFO  ExportHelperExtension.cs: 1148 - Proceeding through assembly components
2025-12-25 18:43:34,145 INFO  ExportHelperExtension.cs: 1160 - 8 components to check
2025-12-25 18:43:34,145 INFO  ExportHelperExtension.cs: 1125 - Retrieving features of type [RefAxis] from End_effector_mounting_2023-1
2025-12-25 18:43:34,146 INFO  ExportHelperExtension.cs: 1136 - Found 25 in End_effector_mounting_2023-1
2025-12-25 18:43:34,146 INFO  ExportHelperExtension.cs: 1145 - Found 0 features of type [RefAxis] in End_effector_mounting_2023-1
2025-12-25 18:43:34,147 INFO  ExportHelperExtension.cs: 1125 - Retrieving features of type [RefAxis] from shoulder_to_elbow_2023-1
2025-12-25 18:43:34,147 INFO  ExportHelperExtension.cs: 1136 - Found 71 in shoulder_to_elbow_2023-1
2025-12-25 18:43:34,148 INFO  ExportHelperExtension.cs: 1145 - Found 0 features of type [RefAxis] in shoulder_to_elbow_2023-1
2025-12-25 18:43:34,149 INFO  ExportHelperExtension.cs: 1125 - Retrieving features of type [RefAxis] from Wrist(2) to Wrist(3) link-1
2025-12-25 18:43:34,149 INFO  ExportHelperExtension.cs: 1136 - Found 60 in Wrist(2) to Wrist(3) link-1
2025-12-25 18:43:34,150 INFO  ExportHelperExtension.cs: 1145 - Found 0 features of type [RefAxis] in Wrist(2) to Wrist(3) link-1
2025-12-25 18:43:34,150 INFO  ExportHelperExtension.cs: 1125 - Retrieving features of type [RefAxis] from Base_2023-2
2025-12-25 18:43:34,151 INFO  ExportHelperExtension.cs: 1136 - Found 46 in Base_2023-2
2025-12-25 18:43:34,151 INFO  ExportHelperExtension.cs: 1145 - Found 0 features of type [RefAxis] in Base_2023-2
2025-12-25 18:43:34,152 INFO  ExportHelperExtension.cs: 1125 - Retrieving features of type [RefAxis] from elbow_wrist_modified-1
2025-12-25 18:43:34,152 INFO  ExportHelperExtension.cs: 1136 - Found 89 in elbow_wrist_modified-1
2025-12-25 18:43:34,153 INFO  ExportHelperExtension.cs: 1145 - Found 0 features of type [RefAxis] in elbow_wrist_modified-1
2025-12-25 18:43:34,154 INFO  ExportHelperExtension.cs: 1125 - Retrieving features of type [RefAxis] from rhino_platform_2_2023-1
2025-12-25 18:43:34,154 INFO  ExportHelperExtension.cs: 1136 - Found 49 in rhino_platform_2_2023-1
2025-12-25 18:43:34,155 INFO  ExportHelperExtension.cs: 1145 - Found 0 features of type [RefAxis] in rhino_platform_2_2023-1
2025-12-25 18:43:34,155 INFO  ExportHelperExtension.cs: 1125 - Retrieving features of type [RefAxis] from Wrist(1) to Wrist(2) link-1
2025-12-25 18:43:34,156 INFO  ExportHelperExtension.cs: 1136 - Found 60 in Wrist(1) to Wrist(2) link-1
2025-12-25 18:43:34,156 INFO  ExportHelperExtension.cs: 1145 - Found 0 features of type [RefAxis] in Wrist(1) to Wrist(2) link-1
2025-12-25 18:43:34,157 INFO  ExportHelperExtension.cs: 1125 - Retrieving features of type [RefAxis] from Wrist(3) to End link_2023-1
2025-12-25 18:43:34,157 INFO  ExportHelperExtension.cs: 1136 - Found 47 in Wrist(3) to End link_2023-1
2025-12-25 18:43:34,158 INFO  ExportHelperExtension.cs: 1145 - Found 0 features of type [RefAxis] in Wrist(3) to End link_2023-1
2025-12-25 18:43:34,345 INFO  SwAddin.cs: 339 - Loading config tree
2025-12-25 18:43:34,346 INFO  ExportPropertyManagerExtension.cs: 520 - Starting new configuration
2025-12-25 18:43:34,349 INFO  SwAddin.cs: 344 - Showing property manager
2025-12-25 18:43:41,743 INFO  ExportPropertyManager.cs: 1136 - OnNumberBoxTrackingCompleted called. This method no longer throws an Exception. It just silently does nothing. Ok, except for this logging message
2025-12-25 18:43:54,394 INFO  ExportPropertyManager.cs: 1136 - OnNumberBoxTrackingCompleted called. This method no longer throws an Exception. It just silently does nothing. Ok, except for this logging message
2025-12-25 18:44:13,205 INFO  ExportPropertyManager.cs: 1136 - OnNumberBoxTrackingCompleted called. This method no longer throws an Exception. It just silently does nothing. Ok, except for this logging message
2025-12-25 18:45:03,179 INFO  ExportPropertyManager.cs: 416 - Configuration canceled
2025-12-25 18:45:03,254 INFO  ExportPropertyManager.cs: 1142 - AfterClose called. This method no longer throws an Exception. It just silently does nothing. Ok, except for this logging message
2025-12-25 18:47:51,105 INFO  SwAddin.cs: 294 - Assembly export called for file Assembly_version_2
2025-12-25 18:47:51,106 INFO  SwAddin.cs: 299 - Save is required
2025-12-25 18:47:51,106 INFO  SwAddin.cs: 313 - Saving assembly
2025-12-25 18:47:52,669 INFO  SwAddin.cs: 316 - Opening property manager
2025-12-25 18:47:52,669 INFO  ExportHelperExtension.cs: 1125 - Retrieving features of type [CoordSys] from Assembly_version_2
2025-12-25 18:47:52,677 INFO  ExportHelperExtension.cs: 1136 - Found 46 in Assembly_version_2
2025-12-25 18:47:52,677 INFO  ExportHelperExtension.cs: 1145 - Found 0 features of type [CoordSys] in Assembly_version_2
2025-12-25 18:47:52,679 INFO  ExportHelperExtension.cs: 1148 - Proceeding through assembly components
2025-12-25 18:47:52,680 INFO  ExportHelperExtension.cs: 1160 - 8 components to check
2025-12-25 18:47:52,680 INFO  ExportHelperExtension.cs: 1125 - Retrieving features of type [CoordSys] from End_effector_mounting_2023-1
2025-12-25 18:47:52,682 INFO  ExportHelperExtension.cs: 1136 - Found 25 in End_effector_mounting_2023-1
2025-12-25 18:47:52,682 INFO  ExportHelperExtension.cs: 1145 - Found 0 features of type [CoordSys] in End_effector_mounting_2023-1
2025-12-25 18:47:52,682 INFO  ExportHelperExtension.cs: 1125 - Retrieving features of type [CoordSys] from shoulder_to_elbow_2023-1
2025-12-25 18:47:52,684 INFO  ExportHelperExtension.cs: 1136 - Found 71 in shoulder_to_elbow_2023-1
2025-12-25 18:47:52,685 INFO  ExportHelperExtension.cs: 1145 - Found 0 features of type [CoordSys] in shoulder_to_elbow_2023-1
2025-12-25 18:47:52,685 INFO  ExportHelperExtension.cs: 1125 - Retrieving features of type [CoordSys] from Wrist(2) to Wrist(3) link-1
2025-12-25 18:47:52,687 INFO  ExportHelperExtension.cs: 1136 - Found 60 in Wrist(2) to Wrist(3) link-1
2025-12-25 18:47:52,687 INFO  ExportHelperExtension.cs: 1145 - Found 0 features of type [CoordSys] in Wrist(2) to Wrist(3) link-1
2025-12-25 18:47:52,689 INFO  ExportHelperExtension.cs: 1125 - Retrieving features of type [CoordSys] from Base_2023-2
2025-12-25 18:47:52,689 INFO  ExportHelperExtension.cs: 1136 - Found 46 in Base_2023-2
2025-12-25 18:47:52,691 INFO  ExportHelperExtension.cs: 1145 - Found 0 features of type [CoordSys] in Base_2023-2
2025-12-25 18:47:52,691 INFO  ExportHelperExtension.cs: 1125 - Retrieving features of type [CoordSys] from elbow_wrist_modified-1
2025-12-25 18:47:52,691 INFO  ExportHelperExtension.cs: 1136 - Found 89 in elbow_wrist_modified-1
2025-12-25 18:47:52,693 INFO  ExportHelperExtension.cs: 1145 - Found 0 features of type [CoordSys] in elbow_wrist_modified-1
2025-12-25 18:47:52,693 INFO  ExportHelperExtension.cs: 1125 - Retrieving features of type [CoordSys] from rhino_platform_2_2023-1
2025-12-25 18:47:52,695 INFO  ExportHelperExtension.cs: 1136 - Found 49 in rhino_platform_2_2023-1
2025-12-25 18:47:52,695 INFO  ExportHelperExtension.cs: 1145 - Found 0 features of type [CoordSys] in rhino_platform_2_2023-1
2025-12-25 18:47:52,695 INFO  ExportHelperExtension.cs: 1125 - Retrieving features of type [CoordSys] from Wrist(1) to Wrist(2) link-1
2025-12-25 18:47:52,697 INFO  ExportHelperExtension.cs: 1136 - Found 60 in Wrist(1) to Wrist(2) link-1
2025-12-25 18:47:52,699 INFO  ExportHelperExtension.cs: 1145 - Found 0 features of type [CoordSys] in Wrist(1) to Wrist(2) link-1
2025-12-25 18:47:52,699 INFO  ExportHelperExtension.cs: 1125 - Retrieving features of type [CoordSys] from Wrist(3) to End link_2023-1
2025-12-25 18:47:52,700 INFO  ExportHelperExtension.cs: 1136 - Found 47 in Wrist(3) to End link_2023-1
2025-12-25 18:47:52,700 INFO  ExportHelperExtension.cs: 1145 - Found 0 features of type [CoordSys] in Wrist(3) to End link_2023-1
2025-12-25 18:47:52,700 INFO  ExportHelperExtension.cs: 1125 - Retrieving features of type [RefAxis] from Assembly_version_2
2025-12-25 18:47:52,700 INFO  ExportHelperExtension.cs: 1136 - Found 46 in Assembly_version_2
2025-12-25 18:47:52,704 INFO  ExportHelperExtension.cs: 1145 - Found 0 features of type [RefAxis] in Assembly_version_2
2025-12-25 18:47:52,704 INFO  ExportHelperExtension.cs: 1148 - Proceeding through assembly components
2025-12-25 18:47:52,704 INFO  ExportHelperExtension.cs: 1160 - 8 components to check
2025-12-25 18:47:52,704 INFO  ExportHelperExtension.cs: 1125 - Retrieving features of type [RefAxis] from End_effector_mounting_2023-1
2025-12-25 18:47:52,708 INFO  ExportHelperExtension.cs: 1136 - Found 25 in End_effector_mounting_2023-1
2025-12-25 18:47:52,708 INFO  ExportHelperExtension.cs: 1145 - Found 0 features of type [RefAxis] in End_effector_mounting_2023-1
2025-12-25 18:47:52,710 INFO  ExportHelperExtension.cs: 1125 - Retrieving features of type [RefAxis] from shoulder_to_elbow_2023-1
2025-12-25 18:47:52,710 INFO  ExportHelperExtension.cs: 1136 - Found 71 in shoulder_to_elbow_2023-1
2025-12-25 18:47:52,712 INFO  ExportHelperExtension.cs: 1145 - Found 0 features of type [RefAxis] in shoulder_to_elbow_2023-1
2025-12-25 18:47:52,712 INFO  ExportHelperExtension.cs: 1125 - Retrieving features of type [RefAxis] from Wrist(2) to Wrist(3) link-1
2025-12-25 18:47:52,712 INFO  ExportHelperExtension.cs: 1136 - Found 60 in Wrist(2) to Wrist(3) link-1
2025-12-25 18:47:52,714 INFO  ExportHelperExtension.cs: 1145 - Found 0 features of type [RefAxis] in Wrist(2) to Wrist(3) link-1
2025-12-25 18:47:52,714 INFO  ExportHelperExtension.cs: 1125 - Retrieving features of type [RefAxis] from Base_2023-2
2025-12-25 18:47:52,714 INFO  ExportHelperExtension.cs: 1136 - Found 46 in Base_2023-2
2025-12-25 18:47:52,714 INFO  ExportHelperExtension.cs: 1145 - Found 0 features of type [RefAxis] in Base_2023-2
2025-12-25 18:47:52,714 INFO  ExportHelperExtension.cs: 1125 - Retrieving features of type [RefAxis] from elbow_wrist_modified-1
2025-12-25 18:47:52,717 INFO  ExportHelperExtension.cs: 1136 - Found 89 in elbow_wrist_modified-1
2025-12-25 18:47:52,718 INFO  ExportHelperExtension.cs: 1145 - Found 0 features of type [RefAxis] in elbow_wrist_modified-1
2025-12-25 18:47:52,718 INFO  ExportHelperExtension.cs: 1125 - Retrieving features of type [RefAxis] from rhino_platform_2_2023-1
2025-12-25 18:47:52,718 INFO  ExportHelperExtension.cs: 1136 - Found 49 in rhino_platform_2_2023-1
2025-12-25 18:47:52,718 INFO  ExportHelperExtension.cs: 1145 - Found 0 features of type [RefAxis] in rhino_platform_2_2023-1
2025-12-25 18:47:52,721 INFO  ExportHelperExtension.cs: 1125 - Retrieving features of type [RefAxis] from Wrist(1) to Wrist(2) link-1
2025-12-25 18:47:52,721 INFO  ExportHelperExtension.cs: 1136 - Found 60 in Wrist(1) to Wrist(2) link-1
2025-12-25 18:47:52,721 INFO  ExportHelperExtension.cs: 1145 - Found 0 features of type [RefAxis] in Wrist(1) to Wrist(2) link-1
2025-12-25 18:47:52,724 INFO  ExportHelperExtension.cs: 1125 - Retrieving features of type [RefAxis] from Wrist(3) to End link_2023-1
2025-12-25 18:47:52,724 INFO  ExportHelperExtension.cs: 1136 - Found 47 in Wrist(3) to End link_2023-1
2025-12-25 18:47:52,724 INFO  ExportHelperExtension.cs: 1145 - Found 0 features of type [RefAxis] in Wrist(3) to End link_2023-1
2025-12-25 18:47:52,825 INFO  SwAddin.cs: 339 - Loading config tree
2025-12-25 18:47:52,825 INFO  ExportPropertyManagerExtension.cs: 520 - Starting new configuration
2025-12-25 18:47:52,835 INFO  SwAddin.cs: 344 - Showing property manager
2025-12-25 18:47:59,264 INFO  ExportPropertyManager.cs: 1136 - OnNumberBoxTrackingCompleted called. This method no longer throws an Exception. It just silently does nothing. Ok, except for this logging message
2025-12-25 18:48:14,253 INFO  ExportPropertyManager.cs: 1136 - OnNumberBoxTrackingCompleted called. This method no longer throws an Exception. It just silently does nothing. Ok, except for this logging message
2025-12-25 18:48:37,087 INFO  ExportPropertyManager.cs: 1136 - OnNumberBoxTrackingCompleted called. This method no longer throws an Exception. It just silently does nothing. Ok, except for this logging message
2025-12-25 18:49:07,579 INFO  ExportPropertyManager.cs: 1136 - OnNumberBoxTrackingCompleted called. This method no longer throws an Exception. It just silently does nothing. Ok, except for this logging message
2025-12-25 18:49:33,619 INFO  ExportPropertyManager.cs: 1136 - OnNumberBoxTrackingCompleted called. This method no longer throws an Exception. It just silently does nothing. Ok, except for this logging message
2025-12-25 18:50:02,524 INFO  ExportPropertyManager.cs: 1136 - OnNumberBoxTrackingCompleted called. This method no longer throws an Exception. It just silently does nothing. Ok, except for this logging message
2025-12-25 18:50:29,259 INFO  ExportPropertyManager.cs: 422 - Configuration saved
2025-12-25 18:50:29,378 INFO  ExportPropertyManager.cs: 1142 - AfterClose called. This method no longer throws an Exception. It just silently does nothing. Ok, except for this logging message
2025-12-25 18:52:51,833 INFO  SwAddin.cs: 294 - Assembly export called for file Assembly_version_2
2025-12-25 18:52:51,834 INFO  SwAddin.cs: 299 - Save is required
2025-12-25 18:52:51,834 INFO  SwAddin.cs: 313 - Saving assembly
2025-12-25 18:52:52,219 INFO  SwAddin.cs: 316 - Opening property manager
2025-12-25 18:52:52,220 INFO  ExportHelperExtension.cs: 1125 - Retrieving features of type [CoordSys] from Assembly_version_2
2025-12-25 18:52:52,221 INFO  ExportHelperExtension.cs: 1136 - Found 45 in Assembly_version_2
2025-12-25 18:52:52,222 INFO  ExportHelperExtension.cs: 1145 - Found 0 features of type [CoordSys] in Assembly_version_2
2025-12-25 18:52:52,223 INFO  ExportHelperExtension.cs: 1148 - Proceeding through assembly components
2025-12-25 18:52:52,223 INFO  ExportHelperExtension.cs: 1160 - 8 components to check
2025-12-25 18:52:52,224 INFO  ExportHelperExtension.cs: 1125 - Retrieving features of type [CoordSys] from End_effector_mounting_2023-1
2025-12-25 18:52:52,225 INFO  ExportHelperExtension.cs: 1136 - Found 25 in End_effector_mounting_2023-1
2025-12-25 18:52:52,225 INFO  ExportHelperExtension.cs: 1145 - Found 0 features of type [CoordSys] in End_effector_mounting_2023-1
2025-12-25 18:52:52,227 INFO  ExportHelperExtension.cs: 1125 - Retrieving features of type [CoordSys] from shoulder_to_elbow_2023-1
2025-12-25 18:52:52,228 INFO  ExportHelperExtension.cs: 1136 - Found 71 in shoulder_to_elbow_2023-1
2025-12-25 18:52:52,229 INFO  ExportHelperExtension.cs: 1145 - Found 0 features of type [CoordSys] in shoulder_to_elbow_2023-1
2025-12-25 18:52:52,230 INFO  ExportHelperExtension.cs: 1125 - Retrieving features of type [CoordSys] from Wrist(2) to Wrist(3) link-1
2025-12-25 18:52:52,230 INFO  ExportHelperExtension.cs: 1136 - Found 60 in Wrist(2) to Wrist(3) link-1
2025-12-25 18:52:52,232 INFO  ExportHelperExtension.cs: 1145 - Found 0 features of type [CoordSys] in Wrist(2) to Wrist(3) link-1
2025-12-25 18:52:52,232 INFO  ExportHelperExtension.cs: 1125 - Retrieving features of type [CoordSys] from Base_2023-2
2025-12-25 18:52:52,233 INFO  ExportHelperExtension.cs: 1136 - Found 46 in Base_2023-2
2025-12-25 18:52:52,234 INFO  ExportHelperExtension.cs: 1145 - Found 0 features of type [CoordSys] in Base_2023-2
2025-12-25 18:52:52,235 INFO  ExportHelperExtension.cs: 1125 - Retrieving features of type [CoordSys] from elbow_wrist_modified-1
2025-12-25 18:52:52,236 INFO  ExportHelperExtension.cs: 1136 - Found 89 in elbow_wrist_modified-1
2025-12-25 18:52:52,237 INFO  ExportHelperExtension.cs: 1145 - Found 0 features of type [CoordSys] in elbow_wrist_modified-1
2025-12-25 18:52:52,238 INFO  ExportHelperExtension.cs: 1125 - Retrieving features of type [CoordSys] from rhino_platform_2_2023-1
2025-12-25 18:52:52,239 INFO  ExportHelperExtension.cs: 1136 - Found 49 in rhino_platform_2_2023-1
2025-12-25 18:52:52,239 INFO  ExportHelperExtension.cs: 1145 - Found 0 features of type [CoordSys] in rhino_platform_2_2023-1
2025-12-25 18:52:52,240 INFO  ExportHelperExtension.cs: 1125 - Retrieving features of type [CoordSys] from Wrist(1) to Wrist(2) link-1
2025-12-25 18:52:52,241 INFO  ExportHelperExtension.cs: 1136 - Found 60 in Wrist(1) to Wrist(2) link-1
2025-12-25 18:52:52,242 INFO  ExportHelperExtension.cs: 1145 - Found 0 features of type [CoordSys] in Wrist(1) to Wrist(2) link-1
2025-12-25 18:52:52,243 INFO  ExportHelperExtension.cs: 1125 - Retrieving features of type [CoordSys] from Wrist(3) to End link_2023-1
2025-12-25 18:52:52,244 INFO  ExportHelperExtension.cs: 1136 - Found 47 in Wrist(3) to End link_2023-1
2025-12-25 18:52:52,245 INFO  ExportHelperExtension.cs: 1145 - Found 0 features of type [CoordSys] in Wrist(3) to End link_2023-1
2025-12-25 18:52:52,246 INFO  ExportHelperExtension.cs: 1125 - Retrieving features of type [RefAxis] from Assembly_version_2
2025-12-25 18:52:52,247 INFO  ExportHelperExtension.cs: 1136 - Found 45 in Assembly_version_2
2025-12-25 18:52:52,248 INFO  ExportHelperExtension.cs: 1145 - Found 0 features of type [RefAxis] in Assembly_version_2
2025-12-25 18:52:52,248 INFO  ExportHelperExtension.cs: 1148 - Proceeding through assembly components
2025-12-25 18:52:52,249 INFO  ExportHelperExtension.cs: 1160 - 8 components to check
2025-12-25 18:52:52,250 INFO  ExportHelperExtension.cs: 1125 - Retrieving features of type [RefAxis] from End_effector_mounting_2023-1
2025-12-25 18:52:52,250 INFO  ExportHelperExtension.cs: 1136 - Found 25 in End_effector_mounting_2023-1
2025-12-25 18:52:52,251 INFO  ExportHelperExtension.cs: 1145 - Found 0 features of type [RefAxis] in End_effector_mounting_2023-1
2025-12-25 18:52:52,251 INFO  ExportHelperExtension.cs: 1125 - Retrieving features of type [RefAxis] from shoulder_to_elbow_2023-1
2025-12-25 18:52:52,252 INFO  ExportHelperExtension.cs: 1136 - Found 71 in shoulder_to_elbow_2023-1
2025-12-25 18:52:52,253 INFO  ExportHelperExtension.cs: 1145 - Found 0 features of type [RefAxis] in shoulder_to_elbow_2023-1
2025-12-25 18:52:52,253 INFO  ExportHelperExtension.cs: 1125 - Retrieving features of type [RefAxis] from Wrist(2) to Wrist(3) link-1
2025-12-25 18:52:52,254 INFO  ExportHelperExtension.cs: 1136 - Found 60 in Wrist(2) to Wrist(3) link-1
2025-12-25 18:52:52,255 INFO  ExportHelperExtension.cs: 1145 - Found 0 features of type [RefAxis] in Wrist(2) to Wrist(3) link-1
2025-12-25 18:52:52,255 INFO  ExportHelperExtension.cs: 1125 - Retrieving features of type [RefAxis] from Base_2023-2
2025-12-25 18:52:52,256 INFO  ExportHelperExtension.cs: 1136 - Found 46 in Base_2023-2
2025-12-25 18:52:52,258 INFO  ExportHelperExtension.cs: 1145 - Found 0 features of type [RefAxis] in Base_2023-2
2025-12-25 18:52:52,258 INFO  ExportHelperExtension.cs: 1125 - Retrieving features of type [RefAxis] from elbow_wrist_modified-1
2025-12-25 18:52:52,259 INFO  ExportHelperExtension.cs: 1136 - Found 89 in elbow_wrist_modified-1
2025-12-25 18:52:52,260 INFO  ExportHelperExtension.cs: 1145 - Found 0 features of type [RefAxis] in elbow_wrist_modified-1
2025-12-25 18:52:52,260 INFO  ExportHelperExtension.cs: 1125 - Retrieving features of type [RefAxis] from rhino_platform_2_2023-1
2025-12-25 18:52:52,261 INFO  ExportHelperExtension.cs: 1136 - Found 49 in rhino_platform_2_2023-1
2025-12-25 18:52:52,261 INFO  ExportHelperExtension.cs: 1145 - Found 0 features of type [RefAxis] in rhino_platform_2_2023-1
2025-12-25 18:52:52,262 INFO  ExportHelperExtension.cs: 1125 - Retrieving features of type [RefAxis] from Wrist(1) to Wrist(2) link-1
2025-12-25 18:52:52,262 INFO  ExportHelperExtension.cs: 1136 - Found 60 in Wrist(1) to Wrist(2) link-1
2025-12-25 18:52:52,263 INFO  ExportHelperExtension.cs: 1145 - Found 0 features of type [RefAxis] in Wrist(1) to Wrist(2) link-1
2025-12-25 18:52:52,264 INFO  ExportHelperExtension.cs: 1125 - Retrieving features of type [RefAxis] from Wrist(3) to End link_2023-1
2025-12-25 18:52:52,264 INFO  ExportHelperExtension.cs: 1136 - Found 47 in Wrist(3) to End link_2023-1
2025-12-25 18:52:52,265 INFO  ExportHelperExtension.cs: 1145 - Found 0 features of type [RefAxis] in Wrist(3) to End link_2023-1
2025-12-25 18:52:52,451 INFO  SwAddin.cs: 339 - Loading config tree
2025-12-25 18:52:52,452 INFO  ExportPropertyManagerExtension.cs: 520 - Starting new configuration
2025-12-25 18:52:52,455 INFO  SwAddin.cs: 344 - Showing property manager
2025-12-25 18:53:03,474 INFO  ExportPropertyManager.cs: 1136 - OnNumberBoxTrackingCompleted called. This method no longer throws an Exception. It just silently does nothing. Ok, except for this logging message
2025-12-25 18:53:03,481 INFO  ExportPropertyManager.cs: 1136 - OnNumberBoxTrackingCompleted called. This method no longer throws an Exception. It just silently does nothing. Ok, except for this logging message
2025-12-25 18:53:22,147 INFO  ExportPropertyManager.cs: 1136 - OnNumberBoxTrackingCompleted called. This method no longer throws an Exception. It just silently does nothing. Ok, except for this logging message
2025-12-25 18:53:43,319 INFO  ExportPropertyManager.cs: 1136 - OnNumberBoxTrackingCompleted called. This method no longer throws an Exception. It just silently does nothing. Ok, except for this logging message
2025-12-25 18:54:06,489 INFO  ExportPropertyManager.cs: 1136 - OnNumberBoxTrackingCompleted called. This method no longer throws an Exception. It just silently does nothing. Ok, except for this logging message
2025-12-25 18:54:21,800 INFO  ExportPropertyManager.cs: 1136 - OnNumberBoxTrackingCompleted called. This method no longer throws an Exception. It just silently does nothing. Ok, except for this logging message
2025-12-25 18:54:35,744 INFO  ExportPropertyManager.cs: 1136 - OnNumberBoxTrackingCompleted called. This method no longer throws an Exception. It just silently does nothing. Ok, except for this logging message
2025-12-25 18:55:00,348 INFO  ExportPropertyManager.cs: 422 - Configuration saved
2025-12-25 18:55:02,234 INFO  ExportHelperExtension.cs: 347 - Creating joint Link1
2025-12-25 18:55:02,235 INFO  ExportHelperExtension.cs: 1397 - Fixing components for base_link
2025-12-25 18:55:02,236 INFO  ExportHelperExtension.cs: 1402 - Fixing 32
2025-12-25 18:55:02,423 INFO  ExportHelperExtension.cs: 828 - R1: 1, System.__ComObject, 1, System.Double[]
2025-12-25 18:55:02,423 INFO  ExportHelperExtension.cs: 841 - R2: 0, 0
2025-12-25 18:55:02,423 INFO  ExportHelperExtension.cs: 849 - L1: 0
2025-12-25 18:55:02,425 INFO  ExportHelperExtension.cs: 857 - L2: 0
2025-12-25 18:55:02,425 INFO  ExportHelperExtension.cs: 1352 - Unfixing component 32
2025-12-25 18:55:04,637 WARN  ExportHelperExtension.cs: 351 - Creating joint from parent base_link to child Link1 failed
2025-12-25 18:55:04,649 INFO  ExportHelperExtension.cs: 347 - Creating joint Link2
2025-12-25 18:55:04,649 INFO  ExportHelperExtension.cs: 1397 - Fixing components for Link1
2025-12-25 18:55:04,650 INFO  ExportHelperExtension.cs: 1402 - Fixing 35
2025-12-25 18:55:04,650 INFO  ExportHelperExtension.cs: 1402 - Fixing 32
2025-12-25 18:55:04,847 INFO  ExportHelperExtension.cs: 828 - R1: 1, System.__ComObject, 1, System.Double[]
2025-12-25 18:55:04,847 INFO  ExportHelperExtension.cs: 841 - R2: 0, 0
2025-12-25 18:55:04,848 INFO  ExportHelperExtension.cs: 849 - L1: 0
2025-12-25 18:55:04,848 INFO  ExportHelperExtension.cs: 857 - L2: 0
2025-12-25 18:55:04,849 INFO  ExportHelperExtension.cs: 1352 - Unfixing component 35
2025-12-25 18:55:04,849 INFO  ExportHelperExtension.cs: 1352 - Unfixing component 32
2025-12-25 18:55:07,133 WARN  ExportHelperExtension.cs: 351 - Creating joint from parent Link1 to child Link2 failed
2025-12-25 18:55:07,158 INFO  ExportHelperExtension.cs: 347 - Creating joint Link3
2025-12-25 18:55:07,159 INFO  ExportHelperExtension.cs: 1397 - Fixing components for Link2
2025-12-25 18:55:07,159 INFO  ExportHelperExtension.cs: 1402 - Fixing 36
2025-12-25 18:55:07,160 INFO  ExportHelperExtension.cs: 1402 - Fixing 35
2025-12-25 18:55:07,160 INFO  ExportHelperExtension.cs: 1402 - Fixing 32
2025-12-25 18:55:07,370 INFO  ExportHelperExtension.cs: 828 - R1: 1, System.__ComObject, 1, System.Double[]
2025-12-25 18:55:07,370 INFO  ExportHelperExtension.cs: 841 - R2: 0, 0
2025-12-25 18:55:07,371 INFO  ExportHelperExtension.cs: 849 - L1: 0
2025-12-25 18:55:07,371 INFO  ExportHelperExtension.cs: 857 - L2: 0
2025-12-25 18:55:07,372 INFO  ExportHelperExtension.cs: 1352 - Unfixing component 36
2025-12-25 18:55:07,372 INFO  ExportHelperExtension.cs: 1352 - Unfixing component 35
2025-12-25 18:55:07,372 INFO  ExportHelperExtension.cs: 1352 - Unfixing component 32
2025-12-25 18:55:09,691 WARN  ExportHelperExtension.cs: 351 - Creating joint from parent Link2 to child Link3 failed
2025-12-25 18:55:09,719 INFO  ExportHelperExtension.cs: 347 - Creating joint Link4
2025-12-25 18:55:09,719 INFO  ExportHelperExtension.cs: 1397 - Fixing components for Link3
2025-12-25 18:55:09,721 INFO  ExportHelperExtension.cs: 1402 - Fixing 33
2025-12-25 18:55:09,721 INFO  ExportHelperExtension.cs: 1402 - Fixing 36
2025-12-25 18:55:09,722 INFO  ExportHelperExtension.cs: 1402 - Fixing 35
2025-12-25 18:55:09,722 INFO  ExportHelperExtension.cs: 1402 - Fixing 32
2025-12-25 18:55:09,926 INFO  ExportHelperExtension.cs: 828 - R1: 1, System.__ComObject, 1, System.Double[]
2025-12-25 18:55:09,927 INFO  ExportHelperExtension.cs: 841 - R2: 0, 0
2025-12-25 18:55:09,927 INFO  ExportHelperExtension.cs: 849 - L1: 0
2025-12-25 18:55:09,928 INFO  ExportHelperExtension.cs: 857 - L2: 0
2025-12-25 18:55:09,928 INFO  ExportHelperExtension.cs: 1352 - Unfixing component 33
2025-12-25 18:55:09,929 INFO  ExportHelperExtension.cs: 1352 - Unfixing component 36
2025-12-25 18:55:09,929 INFO  ExportHelperExtension.cs: 1352 - Unfixing component 35
2025-12-25 18:55:09,929 INFO  ExportHelperExtension.cs: 1352 - Unfixing component 32
2025-12-25 18:55:12,325 WARN  ExportHelperExtension.cs: 351 - Creating joint from parent Link3 to child Link4 failed
2025-12-25 18:55:12,335 INFO  ExportHelperExtension.cs: 347 - Creating joint Link5
2025-12-25 18:55:12,335 INFO  ExportHelperExtension.cs: 1397 - Fixing components for Link4
2025-12-25 18:55:12,335 INFO  ExportHelperExtension.cs: 1402 - Fixing 37
2025-12-25 18:55:12,338 INFO  ExportHelperExtension.cs: 1402 - Fixing 33
2025-12-25 18:55:12,338 INFO  ExportHelperExtension.cs: 1402 - Fixing 36
2025-12-25 18:55:12,339 INFO  ExportHelperExtension.cs: 1402 - Fixing 35
2025-12-25 18:55:12,339 INFO  ExportHelperExtension.cs: 1402 - Fixing 32
2025-12-25 18:55:12,559 INFO  ExportHelperExtension.cs: 828 - R1: 1, System.__ComObject, 1, System.Double[]
2025-12-25 18:55:12,559 INFO  ExportHelperExtension.cs: 841 - R2: 0, 0
2025-12-25 18:55:12,559 INFO  ExportHelperExtension.cs: 849 - L1: 0
2025-12-25 18:55:12,561 INFO  ExportHelperExtension.cs: 857 - L2: 0
2025-12-25 18:55:12,561 INFO  ExportHelperExtension.cs: 1352 - Unfixing component 37
2025-12-25 18:55:12,561 INFO  ExportHelperExtension.cs: 1352 - Unfixing component 33
2025-12-25 18:55:12,563 INFO  ExportHelperExtension.cs: 1352 - Unfixing component 36
2025-12-25 18:55:12,563 INFO  ExportHelperExtension.cs: 1352 - Unfixing component 35
2025-12-25 18:55:12,563 INFO  ExportHelperExtension.cs: 1352 - Unfixing component 32
2025-12-25 18:55:15,049 WARN  ExportHelperExtension.cs: 351 - Creating joint from parent Link4 to child Link5 failed
2025-12-25 18:55:15,059 INFO  ExportHelperExtension.cs: 347 - Creating joint Link6
2025-12-25 18:55:15,060 INFO  ExportHelperExtension.cs: 1397 - Fixing components for Link5
2025-12-25 18:55:15,060 INFO  ExportHelperExtension.cs: 1402 - Fixing 39
2025-12-25 18:55:15,061 INFO  ExportHelperExtension.cs: 1402 - Fixing 37
2025-12-25 18:55:15,061 INFO  ExportHelperExtension.cs: 1402 - Fixing 33
2025-12-25 18:55:15,062 INFO  ExportHelperExtension.cs: 1402 - Fixing 36
2025-12-25 18:55:15,067 INFO  ExportHelperExtension.cs: 1402 - Fixing 35
2025-12-25 18:55:15,067 INFO  ExportHelperExtension.cs: 1402 - Fixing 32
2025-12-25 18:55:15,366 INFO  ExportHelperExtension.cs: 828 - R1: 1, System.__ComObject, 1, System.Double[]
2025-12-25 18:55:15,370 INFO  ExportHelperExtension.cs: 841 - R2: 0, 0
2025-12-25 18:55:15,370 INFO  ExportHelperExtension.cs: 849 - L1: 0
2025-12-25 18:55:15,370 INFO  ExportHelperExtension.cs: 857 - L2: 0
2025-12-25 18:55:15,371 INFO  ExportHelperExtension.cs: 1352 - Unfixing component 39
2025-12-25 18:55:15,371 INFO  ExportHelperExtension.cs: 1352 - Unfixing component 37
2025-12-25 18:55:15,371 INFO  ExportHelperExtension.cs: 1352 - Unfixing component 33
2025-12-25 18:55:15,371 INFO  ExportHelperExtension.cs: 1352 - Unfixing component 36
2025-12-25 18:55:15,371 INFO  ExportHelperExtension.cs: 1352 - Unfixing component 35
2025-12-25 18:55:15,371 INFO  ExportHelperExtension.cs: 1352 - Unfixing component 32
2025-12-25 18:55:17,838 WARN  ExportHelperExtension.cs: 351 - Creating joint from parent Link5 to child Link6 failed
2025-12-25 18:55:17,916 INFO  ExportHelperExtension.cs: 1125 - Retrieving features of type [CoordSys] from Assembly_version_2
2025-12-25 18:55:17,917 INFO  ExportHelperExtension.cs: 1136 - Found 60 in Assembly_version_2
2025-12-25 18:55:17,918 INFO  ExportHelperExtension.cs: 1145 - Found 7 features of type [CoordSys] in Assembly_version_2
2025-12-25 18:55:17,918 INFO  ExportHelperExtension.cs: 1148 - Proceeding through assembly components
2025-12-25 18:55:17,918 INFO  ExportHelperExtension.cs: 1160 - 8 components to check
2025-12-25 18:55:17,918 INFO  ExportHelperExtension.cs: 1125 - Retrieving features of type [CoordSys] from End_effector_mounting_2023-1
2025-12-25 18:55:17,920 INFO  ExportHelperExtension.cs: 1136 - Found 25 in End_effector_mounting_2023-1
2025-12-25 18:55:17,920 INFO  ExportHelperExtension.cs: 1145 - Found 0 features of type [CoordSys] in End_effector_mounting_2023-1
2025-12-25 18:55:17,921 INFO  ExportHelperExtension.cs: 1125 - Retrieving features of type [CoordSys] from shoulder_to_elbow_2023-1
2025-12-25 18:55:17,921 INFO  ExportHelperExtension.cs: 1136 - Found 71 in shoulder_to_elbow_2023-1
2025-12-25 18:55:17,922 INFO  ExportHelperExtension.cs: 1145 - Found 0 features of type [CoordSys] in shoulder_to_elbow_2023-1
2025-12-25 18:55:17,922 INFO  ExportHelperExtension.cs: 1125 - Retrieving features of type [CoordSys] from Wrist(2) to Wrist(3) link-1
2025-12-25 18:55:17,922 INFO  ExportHelperExtension.cs: 1136 - Found 60 in Wrist(2) to Wrist(3) link-1
2025-12-25 18:55:17,923 INFO  ExportHelperExtension.cs: 1145 - Found 0 features of type [CoordSys] in Wrist(2) to Wrist(3) link-1
2025-12-25 18:55:17,923 INFO  ExportHelperExtension.cs: 1125 - Retrieving features of type [CoordSys] from Base_2023-2
2025-12-25 18:55:17,923 INFO  ExportHelperExtension.cs: 1136 - Found 46 in Base_2023-2
2025-12-25 18:55:17,925 INFO  ExportHelperExtension.cs: 1145 - Found 0 features of type [CoordSys] in Base_2023-2
2025-12-25 18:55:17,925 INFO  ExportHelperExtension.cs: 1125 - Retrieving features of type [CoordSys] from elbow_wrist_modified-1
2025-12-25 18:55:17,926 INFO  ExportHelperExtension.cs: 1136 - Found 89 in elbow_wrist_modified-1
2025-12-25 18:55:17,926 INFO  ExportHelperExtension.cs: 1145 - Found 0 features of type [CoordSys] in elbow_wrist_modified-1
2025-12-25 18:55:17,926 INFO  ExportHelperExtension.cs: 1125 - Retrieving features of type [CoordSys] from rhino_platform_2_2023-1
2025-12-25 18:55:17,927 INFO  ExportHelperExtension.cs: 1136 - Found 49 in rhino_platform_2_2023-1
2025-12-25 18:55:17,927 INFO  ExportHelperExtension.cs: 1145 - Found 0 features of type [CoordSys] in rhino_platform_2_2023-1
2025-12-25 18:55:17,928 INFO  ExportHelperExtension.cs: 1125 - Retrieving features of type [CoordSys] from Wrist(1) to Wrist(2) link-1
2025-12-25 18:55:17,929 INFO  ExportHelperExtension.cs: 1136 - Found 60 in Wrist(1) to Wrist(2) link-1
2025-12-25 18:55:17,930 INFO  ExportHelperExtension.cs: 1145 - Found 0 features of type [CoordSys] in Wrist(1) to Wrist(2) link-1
2025-12-25 18:55:17,930 INFO  ExportHelperExtension.cs: 1125 - Retrieving features of type [CoordSys] from Wrist(3) to End link_2023-1
2025-12-25 18:55:17,930 INFO  ExportHelperExtension.cs: 1136 - Found 47 in Wrist(3) to End link_2023-1
2025-12-25 18:55:17,931 INFO  ExportHelperExtension.cs: 1145 - Found 0 features of type [CoordSys] in Wrist(3) to End link_2023-1
2025-12-25 18:55:17,931 INFO  ExportHelperExtension.cs: 1125 - Retrieving features of type [RefAxis] from Assembly_version_2
2025-12-25 18:55:17,932 INFO  ExportHelperExtension.cs: 1136 - Found 60 in Assembly_version_2
2025-12-25 18:55:17,932 INFO  ExportHelperExtension.cs: 1145 - Found 6 features of type [RefAxis] in Assembly_version_2
2025-12-25 18:55:17,932 INFO  ExportHelperExtension.cs: 1148 - Proceeding through assembly components
2025-12-25 18:55:17,933 INFO  ExportHelperExtension.cs: 1160 - 8 components to check
2025-12-25 18:55:17,933 INFO  ExportHelperExtension.cs: 1125 - Retrieving features of type [RefAxis] from End_effector_mounting_2023-1
2025-12-25 18:55:17,933 INFO  ExportHelperExtension.cs: 1136 - Found 25 in End_effector_mounting_2023-1
2025-12-25 18:55:17,934 INFO  ExportHelperExtension.cs: 1145 - Found 0 features of type [RefAxis] in End_effector_mounting_2023-1
2025-12-25 18:55:17,934 INFO  ExportHelperExtension.cs: 1125 - Retrieving features of type [RefAxis] from shoulder_to_elbow_2023-1
2025-12-25 18:55:17,934 INFO  ExportHelperExtension.cs: 1136 - Found 71 in shoulder_to_elbow_2023-1
2025-12-25 18:55:17,935 INFO  ExportHelperExtension.cs: 1145 - Found 0 features of type [RefAxis] in shoulder_to_elbow_2023-1
2025-12-25 18:55:17,935 INFO  ExportHelperExtension.cs: 1125 - Retrieving features of type [RefAxis] from Wrist(2) to Wrist(3) link-1
2025-12-25 18:55:17,937 INFO  ExportHelperExtension.cs: 1136 - Found 60 in Wrist(2) to Wrist(3) link-1
2025-12-25 18:55:17,937 INFO  ExportHelperExtension.cs: 1145 - Found 0 features of type [RefAxis] in Wrist(2) to Wrist(3) link-1
2025-12-25 18:55:17,938 INFO  ExportHelperExtension.cs: 1125 - Retrieving features of type [RefAxis] from Base_2023-2
2025-12-25 18:55:17,938 INFO  ExportHelperExtension.cs: 1136 - Found 46 in Base_2023-2
2025-12-25 18:55:17,939 INFO  ExportHelperExtension.cs: 1145 - Found 0 features of type [RefAxis] in Base_2023-2
2025-12-25 18:55:17,939 INFO  ExportHelperExtension.cs: 1125 - Retrieving features of type [RefAxis] from elbow_wrist_modified-1
2025-12-25 18:55:17,939 INFO  ExportHelperExtension.cs: 1136 - Found 89 in elbow_wrist_modified-1
2025-12-25 18:55:17,942 INFO  ExportHelperExtension.cs: 1145 - Found 0 features of type [RefAxis] in elbow_wrist_modified-1
2025-12-25 18:55:17,943 INFO  ExportHelperExtension.cs: 1125 - Retrieving features of type [RefAxis] from rhino_platform_2_2023-1
2025-12-25 18:55:17,970 INFO  ExportHelperExtension.cs: 1136 - Found 49 in rhino_platform_2_2023-1
2025-12-25 18:55:17,972 INFO  ExportHelperExtension.cs: 1145 - Found 0 features of type [RefAxis] in rhino_platform_2_2023-1
2025-12-25 18:55:17,972 INFO  ExportHelperExtension.cs: 1125 - Retrieving features of type [RefAxis] from Wrist(1) to Wrist(2) link-1
2025-12-25 18:55:17,972 INFO  ExportHelperExtension.cs: 1136 - Found 60 in Wrist(1) to Wrist(2) link-1
2025-12-25 18:55:17,973 INFO  ExportHelperExtension.cs: 1145 - Found 0 features of type [RefAxis] in Wrist(1) to Wrist(2) link-1
2025-12-25 18:55:17,973 INFO  ExportHelperExtension.cs: 1125 - Retrieving features of type [RefAxis] from Wrist(3) to End link_2023-1
2025-12-25 18:55:17,974 INFO  ExportHelperExtension.cs: 1136 - Found 47 in Wrist(3) to End link_2023-1
2025-12-25 18:55:17,974 INFO  ExportHelperExtension.cs: 1145 - Found 0 features of type [RefAxis] in Wrist(3) to End link_2023-1
2025-12-25 18:55:18,039 INFO  ExportPropertyManager.cs: 1142 - AfterClose called. This method no longer throws an Exception. It just silently does nothing. Ok, except for this logging message
2025-12-25 18:55:52,789 INFO  AssemblyExportForm.cs: 253 - Completing URDF export
2025-12-25 18:55:52,791 INFO  ConfigurationSerialization.cs: 276 - URDF Configuration found
<Link z:Id="i1" xmlns="http://schemas.datacontract.org/2004/07/SW2URDF" xmlns:i="http://www.w3.org/2001/XMLSchema-instance" xmlns:z="http://schemas.microsoft.com/2003/10/Serialization/"><Attributes><Attribute z:Id="i2"><AttributeType>name</AttributeType><IsRequired>true</IsRequired><Value i:type="a:string" xmlns:a="http://www.w3.org/2001/XMLSchema">base_link</Value></Attribute></Attributes><ChildElements><URDFElement z:Id="i3" i:type="Inertial"><Attributes/><ChildElements><URDFElement z:Id="i4" i:type="Origin"><Attributes><Attribute z:Id="i5"><AttributeType>xyz</AttributeType><IsRequired>true</IsRequired><Value i:type="a:ArrayOfdouble" xmlns:a="http://schemas.microsoft.com/2003/10/Serialization/Arrays"><a:double>0</a:double><a:double>0</a:double><a:double>0</a:double></Value></Attribute><Attribute z:Id="i6"><AttributeType>rpy</AttributeType><IsRequired>true</IsRequired><Value i:type="a:ArrayOfdouble" xmlns:a="http://schemas.microsoft.com/2003/10/Serialization/Arrays"><a:double>0</a:double><a:double>0</a:double><a:double>0</a:double></Value></Attribute></Attributes><ChildElements/><ElementName>origin</ElementName><required>false</required><RPYAttribute z:Ref="i6"/><XYZAttribute z:Ref="i5"/><isCustomized>false</isCustomized></URDFElement><URDFElement z:Id="i7" i:type="Mass"><Attributes><Attribute z:Id="i8"><AttributeType>value</AttributeType><IsRequired>true</IsRequired><Value i:type="a:double" xmlns:a="http://www.w3.org/2001/XMLSchema">0</Value></Attribute></Attributes><ChildElements/><ElementName>mass</ElementName><required>false</required><ValueAttribute z:Ref="i8"/></URDFElement><URDFElement z:Id="i9" i:type="Inertia"><Attributes><Attribute z:Id="i10"><AttributeType>ixx</AttributeType><IsRequired>true</IsRequired><Value i:type="a:double" xmlns:a="http://www.w3.org/2001/XMLSchema">0</Value></Attribute><Attribute z:Id="i11"><AttributeType>ixy</AttributeType><IsRequired>true</IsRequired><Value i:type="a:double" xmlns:a="http://www.w3.org/2001/XMLSchema">0</Value></Attribute><Attribute z:Id="i12"><AttributeType>ixz</AttributeType><IsRequired>true</IsRequired><Value i:type="a:double" xmlns:a="http://www.w3.org/2001/XMLSchema">0</Value></Attribute><Attribute z:Id="i13"><AttributeType>iyy</AttributeType><IsRequired>true</IsRequired><Value i:type="a:double" xmlns:a="http://www.w3.org/2001/XMLSchema">0</Value></Attribute><Attribute z:Id="i14"><AttributeType>iyz</AttributeType><IsRequired>true</IsRequired><Value i:type="a:double" xmlns:a="http://www.w3.org/2001/XMLSchema">0</Value></Attribute><Attribute z:Id="i15"><AttributeType>izz</AttributeType><IsRequired>true</IsRequired><Value i:type="a:double" xmlns:a="http://www.w3.org/2001/XMLSchema">0</Value></Attribute></Attributes><ChildElements/><ElementName>inertia</ElementName><required>false</required><IxxAttribute z:Ref="i10"/><IxyAttribute z:Ref="i11"/><IxzAttribute z:Ref="i12"/><IyyAttribute z:Ref="i13"/><IyzAttribute z:Ref="i14"/><IzzAttribute z:Ref="i15"/></URDFElement></ChildElements><ElementName>inertial</ElementName><required>false</required><Inertia z:Ref="i9"/><Mass z:Ref="i7"/><Origin z:Ref="i4"/></URDFElement><URDFElement z:Id="i16" i:type="Visual"><Attributes/><ChildElements><URDFElement z:Id="i17" i:type="Origin"><Attributes><Attribute z:Id="i18"><AttributeType>xyz</AttributeType><IsRequired>true</IsRequired><Value i:type="a:ArrayOfdouble" xmlns:a="http://schemas.microsoft.com/2003/10/Serialization/Arrays"><a:double>0</a:double><a:double>0</a:double><a:double>0</a:double></Value></Attribute><Attribute z:Id="i19"><AttributeType>rpy</AttributeType><IsRequired>true</IsRequired><Value i:type="a:ArrayOfdouble" xmlns:a="http://schemas.microsoft.com/2003/10/Serialization/Arrays"><a:double>0</a:double><a:double>0</a:double><a:double>0</a:double></Value></Attribute></Attributes><ChildElements/><ElementName>origin</ElementName><required>false</required><RPYAttribute z:Ref="i19"/><XYZAttribute z:Ref="i18"/><isCustomized>false</isCustomized></URDFElement><URDFElement z:Id="i20" i:type="Geometry"><Attributes/><ChildElements><URDFElement z:Id="i21" i:type="Mesh"><Attributes><Attribute z:Id="i22"><AttributeType>filename</AttributeType><IsRequired>true</IsRequired><Value i:nil="true"/></Attribute></Attributes><ChildElements/><ElementName>mesh</ElementName><required>false</required><FilenameAttribute z:Ref="i22"/></URDFElement></ChildElements><ElementName>geometry</ElementName><required>true</required><Mesh z:Ref="i21"/></URDFElement><URDFElement z:Id="i23" i:type="Material"><Attributes><Attribute z:Id="i24"><AttributeType>name</AttributeType><IsRequired>true</IsRequired><Value i:type="a:string" xmlns:a="http://www.w3.org/2001/XMLSchema"/></Attribute></Attributes><ChildElements><URDFElement z:Id="i25" i:type="Color"><Attributes><Attribute z:Id="i26"><AttributeType>rgba</AttributeType><IsRequired>true</IsRequired><Value i:type="a:ArrayOfdouble" xmlns:a="http://schemas.microsoft.com/2003/10/Serialization/Arrays"><a:double>1</a:double><a:double>1</a:double><a:double>1</a:double><a:double>1</a:double></Value></Attribute></Attributes><ChildElements/><ElementName>color</ElementName><required>false</required><RGBAAttribute z:Ref="i26"/></URDFElement><URDFElement z:Id="i27" i:type="Texture"><Attributes><Attribute z:Id="i28"><AttributeType>filename</AttributeType><IsRequired>true</IsRequired><Value i:nil="true"/></Attribute></Attributes><ChildElements/><ElementName>texture</ElementName><required>false</required><FilenameAttribute z:Ref="i28"/><wFilename/></URDFElement></ChildElements><ElementName>material</ElementName><required>false</required><Color z:Ref="i25"/><NameAttribute z:Ref="i24"/><Texture z:Ref="i27"/></URDFElement></ChildElements><ElementName>visual</ElementName><required>false</required><Geometry z:Ref="i20"/><Material z:Ref="i23"/><Origin z:Ref="i17"/></URDFElement><URDFElement z:Id="i29" i:type="Collision"><Attributes/><ChildElements><URDFElement z:Id="i30" i:type="Origin"><Attributes><Attribute z:Id="i31"><AttributeType>xyz</AttributeType><IsRequired>true</IsRequired><Value i:type="a:ArrayOfdouble" xmlns:a="http://schemas.microsoft.com/2003/10/Serialization/Arrays"><a:double>0</a:double><a:double>0</a:double><a:double>0</a:double></Value></Attribute><Attribute z:Id="i32"><AttributeType>rpy</AttributeType><IsRequired>true</IsRequired><Value i:type="a:ArrayOfdouble" xmlns:a="http://schemas.microsoft.com/2003/10/Serialization/Arrays"><a:double>0</a:double><a:double>0</a:double><a:double>0</a:double></Value></Attribute></Attributes><ChildElements/><ElementName>origin</ElementName><required>false</required><RPYAttribute z:Ref="i32"/><XYZAttribute z:Ref="i31"/><isCustomized>false</isCustomized></URDFElement><URDFElement z:Id="i33" i:type="Geometry"><Attributes/><ChildElements><URDFElement z:Id="i34" i:type="Mesh"><Attributes><Attribute z:Id="i35"><AttributeType>filename</AttributeType><IsRequired>true</IsRequired><Value i:nil="true"/></Attribute></Attributes><ChildElements/><ElementName>mesh</ElementName><required>false</required><FilenameAttribute z:Ref="i35"/></URDFElement></ChildElements><ElementName>geometry</ElementName><required>true</required><Mesh z:Ref="i34"/></URDFElement></ChildElements><ElementName>collision</ElementName><required>false</required><Geometry z:Ref="i33"/><Origin z:Ref="i30"/></URDFElement><URDFElement z:Id="i36" i:type="Joint"><Attributes><Attribute z:Id="i37"><AttributeType>name</AttributeType><IsRequired>true</IsRequired><Value i:type="a:string" xmlns:a="http://www.w3.org/2001/XMLSchema"/></Attribute><Attribute z:Id="i38"><AttributeType>type</AttributeType><IsRequired>true</IsRequired><Value i:type="a:string" xmlns:a="http://www.w3.org/2001/XMLSchema"/></Attribute></Attributes><ChildElements><URDFElement z:Id="i39" i:type="Origin"><Attributes><Attribute z:Id="i40"><AttributeType>xyz</AttributeType><IsRequired>true</IsRequired><Value i:type="a:ArrayOfdouble" xmlns:a="http://schemas.microsoft.com/2003/10/Serialization/Arrays"><a:double>0</a:double><a:double>0</a:double><a:double>0</a:double></Value></Attribute><Attribute z:Id="i41"><AttributeType>rpy</AttributeType><IsRequired>true</IsRequired><Value i:type="a:ArrayOfdouble" xmlns:a="http://schemas.microsoft.com/2003/10/Serialization/Arrays"><a:double>0</a:double><a:double>0</a:double><a:double>0</a:double></Value></Attribute></Attributes><ChildElements/><ElementName>origin</ElementName><required>false</required><RPYAttribute z:Ref="i41"/><XYZAttribute z:Ref="i40"/><isCustomized>false</isCustomized></URDFElement><URDFElement z:Id="i42" i:type="ParentLink"><Attributes><Attribute z:Id="i43"><AttributeType>link</AttributeType><IsRequired>true</IsRequired><Value i:type="a:string" xmlns:a="http://www.w3.org/2001/XMLSchema"/></Attribute></Attributes><ChildElements/><ElementName>parent</ElementName><required>true</required><NameAttribute z:Ref="i43"/></URDFElement><URDFElement z:Id="i44" i:type="ChildLink"><Attributes><Attribute z:Id="i45"><AttributeType>link</AttributeType><IsRequired>true</IsRequired><Value i:type="a:string" xmlns:a="http://www.w3.org/2001/XMLSchema"/></Attribute></Attributes><ChildElements/><ElementName>child</ElementName><required>true</required><NameAttribute z:Ref="i45"/></URDFElement><URDFElement z:Id="i46" i:type="Axis"><Attributes><Attribute z:Id="i47"><AttributeType>xyz</AttributeType><IsRequired>true</IsRequired><Value i:type="a:ArrayOfdouble" xmlns:a="http://schemas.microsoft.com/2003/10/Serialization/Arrays"><a:double>0</a:double><a:double>0</a:double><a:double>0</a:double></Value></Attribute></Attributes><ChildElements/><ElementName>axis</ElementName><required>false</required><XYZAttribute z:Ref="i47"/></URDFElement><URDFElement z:Id="i48" i:type="Limit"><Attributes><Attribute z:Id="i49"><AttributeType>lower</AttributeType><IsRequired>false</IsRequired><Value i:nil="true"/></Attribute><Attribute z:Id="i50"><AttributeType>upper</AttributeType><IsRequired>false</IsRequired><Value i:nil="true"/></Attribute><Attribute z:Id="i51"><AttributeType>effort</AttributeType><IsRequired>true</IsRequired><Value i:nil="true"/></Attribute><Attribute z:Id="i52"><AttributeType>velocity</AttributeType><IsRequired>true</IsRequired><Value i:nil="true"/></Attribute></Attributes><ChildElements/><ElementName>limit</ElementName><required>false</required><EffortAttribute z:Ref="i51"/><LowerAttribute z:Ref="i49"/><UpperAttribute z:Ref="i50"/><VelocityAttribute z:Ref="i52"/></URDFElement><URDFElement z:Id="i53" i:type="Calibration"><Attributes><Attribute z:Id="i54"><AttributeType>rising</AttributeType><IsRequired>false</IsRequired><Value i:nil="true"/></Attribute><Attribute z:Id="i55"><AttributeType>falling</AttributeType><IsRequired>false</IsRequired><Value i:nil="true"/></Attribute></Attributes><ChildElements/><ElementName>calibration</ElementName><required>false</required><FallingAttribute z:Ref="i55"/><RisingAttribute z:Ref="i54"/></URDFElement><URDFElement z:Id="i56" i:type="Dynamics"><Attributes><Attribute z:Id="i57"><AttributeType>damping</AttributeType><IsRequired>false</IsRequired><Value i:nil="true"/></Attribute><Attribute z:Id="i58"><AttributeType>friction</AttributeType><IsRequired>false</IsRequired><Value i:nil="true"/></Attribute></Attributes><ChildElements/><ElementName>dynamics</ElementName><required>false</required><DampingAttribute z:Ref="i57"/><FrictionAttribute z:Ref="i58"/></URDFElement><URDFElement z:Id="i59" i:type="SafetyController"><Attributes><Attribute z:Id="i60"><AttributeType>soft_upper_limit</AttributeType><IsRequired>false</IsRequired><Value i:nil="true"/></Attribute><Attribute z:Id="i61"><AttributeType>soft_lower_limit</AttributeType><IsRequired>false</IsRequired><Value i:nil="true"/></Attribute><Attribute z:Id="i62"><AttributeType>k_position</AttributeType><IsRequired>false</IsRequired><Value i:nil="true"/></Attribute><Attribute z:Id="i63"><AttributeType>k_velocity</AttributeType><IsRequired>true</IsRequired><Value i:nil="true"/></Attribute></Attributes><ChildElements/><ElementName>safety_controller</ElementName><required>false</required><KPositionAttribute z:Ref="i62"/><KVelocityAttribute z:Ref="i63"/><SoftLowerAttribute z:Ref="i61"/><SoftUpperAttribute z:Ref="i60"/></URDFElement><URDFElement z:Id="i64" i:type="Mimic"><Attributes><Attribute z:Id="i65"><AttributeType>joint</AttributeType><IsRequired>true</IsRequired><Value i:nil="true"/></Attribute><Attribute z:Id="i66"><AttributeType>multiplier</AttributeType><IsRequired>false</IsRequired><Value i:nil="true"/></Attribute><Attribute z:Id="i67"><AttributeType>offset</AttributeType><IsRequired>false</IsRequired><Value i:nil="true"/></Attribute></Attributes><ChildElements/><ElementName>mimic</ElementName><required>false</required><JointNameAttribute z:Ref="i65"/><MultiplierAttribute z:Ref="i66"/><OffsetAttribute z:Ref="i67"/></URDFElement></ChildElements><ElementName>joint</ElementName><required>false</required><Axis z:Ref="i46"/><AxisName/><Calibration z:Ref="i53"/><Child z:Ref="i44"/><CoordinateSystemName>Automatically Generate</CoordinateSystemName><Dynamics z:Ref="i56"/><Limit z:Ref="i48"/><Mimic z:Ref="i64"/><NameAttribute z:Ref="i37"/><Origin z:Ref="i39"/><Parent z:Ref="i42"/><Safety z:Ref="i59"/><TypeAttribute z:Ref="i38"/></URDFElement></ChildElements><ElementName>link</ElementName><required>true</required><Children><Link z:Id="i68"><Attributes><Attribute z:Id="i69"><AttributeType>name</AttributeType><IsRequired>true</IsRequired><Value i:type="a:string" xmlns:a="http://www.w3.org/2001/XMLSchema">Link1</Value></Attribute></Attributes><ChildElements><URDFElement z:Id="i70" i:type="Inertial"><Attributes/><ChildElements><URDFElement z:Id="i71" i:type="Origin"><Attributes><Attribute z:Id="i72"><AttributeType>xyz</AttributeType><IsRequired>true</IsRequired><Value i:type="a:ArrayOfdouble" xmlns:a="http://schemas.microsoft.com/2003/10/Serialization/Arrays"><a:double>0</a:double><a:double>0</a:double><a:double>0</a:double></Value></Attribute><Attribute z:Id="i73"><AttributeType>rpy</AttributeType><IsRequired>true</IsRequired><Value i:type="a:ArrayOfdouble" xmlns:a="http://schemas.microsoft.com/2003/10/Serialization/Arrays"><a:double>0</a:double><a:double>0</a:double><a:double>0</a:double></Value></Attribute></Attributes><ChildElements/><ElementName>origin</ElementName><required>false</required><RPYAttribute z:Ref="i73"/><XYZAttribute z:Ref="i72"/><isCustomized>false</isCustomized></URDFElement><URDFElement z:Id="i74" i:type="Mass"><Attributes><Attribute z:Id="i75"><AttributeType>value</AttributeType><IsRequired>true</IsRequired><Value i:type="a:double" xmlns:a="http://www.w3.org/2001/XMLSchema">0</Value></Attribute></Attributes><ChildElements/><ElementName>mass</ElementName><required>false</required><ValueAttribute z:Ref="i75"/></URDFElement><URDFElement z:Id="i76" i:type="Inertia"><Attributes><Attribute z:Id="i77"><AttributeType>ixx</AttributeType><IsRequired>true</IsRequired><Value i:type="a:double" xmlns:a="http://www.w3.org/2001/XMLSchema">0</Value></Attribute><Attribute z:Id="i78"><AttributeType>ixy</AttributeType><IsRequired>true</IsRequired><Value i:type="a:double" xmlns:a="http://www.w3.org/2001/XMLSchema">0</Value></Attribute><Attribute z:Id="i79"><AttributeType>ixz</AttributeType><IsRequired>true</IsRequired><Value i:type="a:double" xmlns:a="http://www.w3.org/2001/XMLSchema">0</Value></Attribute><Attribute z:Id="i80"><AttributeType>iyy</AttributeType><IsRequired>true</IsRequired><Value i:type="a:double" xmlns:a="http://www.w3.org/2001/XMLSchema">0</Value></Attribute><Attribute z:Id="i81"><AttributeType>iyz</AttributeType><IsRequired>true</IsRequired><Value i:type="a:double" xmlns:a="http://www.w3.org/2001/XMLSchema">0</Value></Attribute><Attribute z:Id="i82"><AttributeType>izz</AttributeType><IsRequired>true</IsRequired><Value i:type="a:double" xmlns:a="http://www.w3.org/2001/XMLSchema">0</Value></Attribute></Attributes><ChildElements/><ElementName>inertia</ElementName><required>false</required><IxxAttribute z:Ref="i77"/><IxyAttribute z:Ref="i78"/><IxzAttribute z:Ref="i79"/><IyyAttribute z:Ref="i80"/><IyzAttribute z:Ref="i81"/><IzzAttribute z:Ref="i82"/></URDFElement></ChildElements><ElementName>inertial</ElementName><required>false</required><Inertia z:Ref="i76"/><Mass z:Ref="i74"/><Origin z:Ref="i71"/></URDFElement><URDFElement z:Id="i83" i:type="Visual"><Attributes/><ChildElements><URDFElement z:Id="i84" i:type="Origin"><Attributes><Attribute z:Id="i85"><AttributeType>xyz</AttributeType><IsRequired>true</IsRequired><Value i:type="a:ArrayOfdouble" xmlns:a="http://schemas.microsoft.com/2003/10/Serialization/Arrays"><a:double>0</a:double><a:double>0</a:double><a:double>0</a:double></Value></Attribute><Attribute z:Id="i86"><AttributeType>rpy</AttributeType><IsRequired>true</IsRequired><Value i:type="a:ArrayOfdouble" xmlns:a="http://schemas.microsoft.com/2003/10/Serialization/Arrays"><a:double>0</a:double><a:double>0</a:double><a:double>0</a:double></Value></Attribute></Attributes><ChildElements/><ElementName>origin</ElementName><required>false</required><RPYAttribute z:Ref="i86"/><XYZAttribute z:Ref="i85"/><isCustomized>false</isCustomized></URDFElement><URDFElement z:Id="i87" i:type="Geometry"><Attributes/><ChildElements><URDFElement z:Id="i88" i:type="Mesh"><Attributes><Attribute z:Id="i89"><AttributeType>filename</AttributeType><IsRequired>true</IsRequired><Value i:nil="true"/></Attribute></Attributes><ChildElements/><ElementName>mesh</ElementName><required>false</required><FilenameAttribute z:Ref="i89"/></URDFElement></ChildElements><ElementName>geometry</ElementName><required>true</required><Mesh z:Ref="i88"/></URDFElement><URDFElement z:Id="i90" i:type="Material"><Attributes><Attribute z:Id="i91"><AttributeType>name</AttributeType><IsRequired>true</IsRequired><Value i:type="a:string" xmlns:a="http://www.w3.org/2001/XMLSchema"/></Attribute></Attributes><ChildElements><URDFElement z:Id="i92" i:type="Color"><Attributes><Attribute z:Id="i93"><AttributeType>rgba</AttributeType><IsRequired>true</IsRequired><Value i:type="a:ArrayOfdouble" xmlns:a="http://schemas.microsoft.com/2003/10/Serialization/Arrays"><a:double>1</a:double><a:double>1</a:double><a:double>1</a:double><a:double>1</a:double></Value></Attribute></Attributes><ChildElements/><ElementName>color</ElementName><required>false</required><RGBAAttribute z:Ref="i93"/></URDFElement><URDFElement z:Id="i94" i:type="Texture"><Attributes><Attribute z:Id="i95"><AttributeType>filename</AttributeType><IsRequired>true</IsRequired><Value i:nil="true"/></Attribute></Attributes><ChildElements/><ElementName>texture</ElementName><required>false</required><FilenameAttribute z:Ref="i95"/><wFilename/></URDFElement></ChildElements><ElementName>material</ElementName><required>false</required><Color z:Ref="i92"/><NameAttribute z:Ref="i91"/><Texture z:Ref="i94"/></URDFElement></ChildElements><ElementName>visual</ElementName><required>false</required><Geometry z:Ref="i87"/><Material z:Ref="i90"/><Origin z:Ref="i84"/></URDFElement><URDFElement z:Id="i96" i:type="Collision"><Attributes/><ChildElements><URDFElement z:Id="i97" i:type="Origin"><Attributes><Attribute z:Id="i98"><AttributeType>xyz</AttributeType><IsRequired>true</IsRequired><Value i:type="a:ArrayOfdouble" xmlns:a="http://schemas.microsoft.com/2003/10/Serialization/Arrays"><a:double>0</a:double><a:double>0</a:double><a:double>0</a:double></Value></Attribute><Attribute z:Id="i99"><AttributeType>rpy</AttributeType><IsRequired>true</IsRequired><Value i:type="a:ArrayOfdouble" xmlns:a="http://schemas.microsoft.com/2003/10/Serialization/Arrays"><a:double>0</a:double><a:double>0</a:double><a:double>0</a:double></Value></Attribute></Attributes><ChildElements/><ElementName>origin</ElementName><required>false</required><RPYAttribute z:Ref="i99"/><XYZAttribute z:Ref="i98"/><isCustomized>false</isCustomized></URDFElement><URDFElement z:Id="i100" i:type="Geometry"><Attributes/><ChildElements><URDFElement z:Id="i101" i:type="Mesh"><Attributes><Attribute z:Id="i102"><AttributeType>filename</AttributeType><IsRequired>true</IsRequired><Value i:nil="true"/></Attribute></Attributes><ChildElements/><ElementName>mesh</ElementName><required>false</required><FilenameAttribute z:Ref="i102"/></URDFElement></ChildElements><ElementName>geometry</ElementName><required>true</required><Mesh z:Ref="i101"/></URDFElement></ChildElements><ElementName>collision</ElementName><required>false</required><Geometry z:Ref="i100"/><Origin z:Ref="i97"/></URDFElement><URDFElement z:Id="i103" i:type="Joint"><Attributes><Attribute z:Id="i104"><AttributeType>name</AttributeType><IsRequired>true</IsRequired><Value i:type="a:string" xmlns:a="http://www.w3.org/2001/XMLSchema">joint1</Value></Attribute><Attribute z:Id="i105"><AttributeType>type</AttributeType><IsRequired>true</IsRequired><Value i:type="a:string" xmlns:a="http://www.w3.org/2001/XMLSchema">Automatically Detect</Value></Attribute></Attributes><ChildElements><URDFElement z:Id="i106" i:type="Origin"><Attributes><Attribute z:Id="i107"><AttributeType>xyz</AttributeType><IsRequired>true</IsRequired><Value i:type="a:ArrayOfdouble" xmlns:a="http://schemas.microsoft.com/2003/10/Serialization/Arrays"><a:double>0</a:double><a:double>0</a:double><a:double>0</a:double></Value></Attribute><Attribute z:Id="i108"><AttributeType>rpy</AttributeType><IsRequired>true</IsRequired><Value i:type="a:ArrayOfdouble" xmlns:a="http://schemas.microsoft.com/2003/10/Serialization/Arrays"><a:double>0</a:double><a:double>0</a:double><a:double>0</a:double></Value></Attribute></Attributes><ChildElements/><ElementName>origin</ElementName><required>false</required><RPYAttribute z:Ref="i108"/><XYZAttribute z:Ref="i107"/><isCustomized>false</isCustomized></URDFElement><URDFElement z:Id="i109" i:type="ParentLink"><Attributes><Attribute z:Id="i110"><AttributeType>link</AttributeType><IsRequired>true</IsRequired><Value i:type="a:string" xmlns:a="http://www.w3.org/2001/XMLSchema"/></Attribute></Attributes><ChildElements/><ElementName>parent</ElementName><required>true</required><NameAttribute z:Ref="i110"/></URDFElement><URDFElement z:Id="i111" i:type="ChildLink"><Attributes><Attribute z:Id="i112"><AttributeType>link</AttributeType><IsRequired>true</IsRequired><Value i:type="a:string" xmlns:a="http://www.w3.org/2001/XMLSchema"/></Attribute></Attributes><ChildElements/><ElementName>child</ElementName><required>true</required><NameAttribute z:Ref="i112"/></URDFElement><URDFElement z:Id="i113" i:type="Axis"><Attributes><Attribute z:Id="i114"><AttributeType>xyz</AttributeType><IsRequired>true</IsRequired><Value i:type="a:ArrayOfdouble" xmlns:a="http://schemas.microsoft.com/2003/10/Serialization/Arrays"><a:double>0</a:double><a:double>0</a:double><a:double>0</a:double></Value></Attribute></Attributes><ChildElements/><ElementName>axis</ElementName><required>false</required><XYZAttribute z:Ref="i114"/></URDFElement><URDFElement z:Id="i115" i:type="Limit"><Attributes><Attribute z:Id="i116"><AttributeType>lower</AttributeType><IsRequired>false</IsRequired><Value i:nil="true"/></Attribute><Attribute z:Id="i117"><AttributeType>upper</AttributeType><IsRequired>false</IsRequired><Value i:nil="true"/></Attribute><Attribute z:Id="i118"><AttributeType>effort</AttributeType><IsRequired>true</IsRequired><Value i:nil="true"/></Attribute><Attribute z:Id="i119"><AttributeType>velocity</AttributeType><IsRequired>true</IsRequired><Value i:nil="true"/></Attribute></Attributes><ChildElements/><ElementName>limit</ElementName><required>false</required><EffortAttribute z:Ref="i118"/><LowerAttribute z:Ref="i116"/><UpperAttribute z:Ref="i117"/><VelocityAttribute z:Ref="i119"/></URDFElement><URDFElement z:Id="i120" i:type="Calibration"><Attributes><Attribute z:Id="i121"><AttributeType>rising</AttributeType><IsRequired>false</IsRequired><Value i:nil="true"/></Attribute><Attribute z:Id="i122"><AttributeType>falling</AttributeType><IsRequired>false</IsRequired><Value i:nil="true"/></Attribute></Attributes><ChildElements/><ElementName>calibration</ElementName><required>false</required><FallingAttribute z:Ref="i122"/><RisingAttribute z:Ref="i121"/></URDFElement><URDFElement z:Id="i123" i:type="Dynamics"><Attributes><Attribute z:Id="i124"><AttributeType>damping</AttributeType><IsRequired>false</IsRequired><Value i:nil="true"/></Attribute><Attribute z:Id="i125"><AttributeType>friction</AttributeType><IsRequired>false</IsRequired><Value i:nil="true"/></Attribute></Attributes><ChildElements/><ElementName>dynamics</ElementName><required>false</required><DampingAttribute z:Ref="i124"/><FrictionAttribute z:Ref="i125"/></URDFElement><URDFElement z:Id="i126" i:type="SafetyController"><Attributes><Attribute z:Id="i127"><AttributeType>soft_upper_limit</AttributeType><IsRequired>false</IsRequired><Value i:nil="true"/></Attribute><Attribute z:Id="i128"><AttributeType>soft_lower_limit</AttributeType><IsRequired>false</IsRequired><Value i:nil="true"/></Attribute><Attribute z:Id="i129"><AttributeType>k_position</AttributeType><IsRequired>false</IsRequired><Value i:nil="true"/></Attribute><Attribute z:Id="i130"><AttributeType>k_velocity</AttributeType><IsRequired>true</IsRequired><Value i:nil="true"/></Attribute></Attributes><ChildElements/><ElementName>safety_controller</ElementName><required>false</required><KPositionAttribute z:Ref="i129"/><KVelocityAttribute z:Ref="i130"/><SoftLowerAttribute z:Ref="i128"/><SoftUpperAttribute z:Ref="i127"/></URDFElement><URDFElement z:Id="i131" i:type="Mimic"><Attributes><Attribute z:Id="i132"><AttributeType>joint</AttributeType><IsRequired>true</IsRequired><Value i:nil="true"/></Attribute><Attribute z:Id="i133"><AttributeType>multiplier</AttributeType><IsRequired>false</IsRequired><Value i:nil="true"/></Attribute><Attribute z:Id="i134"><AttributeType>offset</AttributeType><IsRequired>false</IsRequired><Value i:nil="true"/></Attribute></Attributes><ChildElements/><ElementName>mimic</ElementName><required>false</required><JointNameAttribute z:Ref="i132"/><MultiplierAttribute z:Ref="i133"/><OffsetAttribute z:Ref="i134"/></URDFElement></ChildElements><ElementName>joint</ElementName><required>false</required><Axis z:Ref="i113"/><AxisName>Automatically Generate</AxisName><Calibration z:Ref="i120"/><Child z:Ref="i111"/><CoordinateSystemName>Automatically Generate</CoordinateSystemName><Dynamics z:Ref="i123"/><Limit z:Ref="i115"/><Mimic z:Ref="i131"/><NameAttribute z:Ref="i104"/><Origin z:Ref="i106"/><Parent z:Ref="i109"/><Safety z:Ref="i126"/><TypeAttribute z:Ref="i105"/></URDFElement></ChildElements><ElementName>link</ElementName><required>true</required><Children><Link z:Id="i135"><Attributes><Attribute z:Id="i136"><AttributeType>name</AttributeType><IsRequired>true</IsRequired><Value i:type="a:string" xmlns:a="http://www.w3.org/2001/XMLSchema">Link2</Value></Attribute></Attributes><ChildElements><URDFElement z:Id="i137" i:type="Inertial"><Attributes/><ChildElements><URDFElement z:Id="i138" i:type="Origin"><Attributes><Attribute z:Id="i139"><AttributeType>xyz</AttributeType><IsRequired>true</IsRequired><Value i:type="a:ArrayOfdouble" xmlns:a="http://schemas.microsoft.com/2003/10/Serialization/Arrays"><a:double>0</a:double><a:double>0</a:double><a:double>0</a:double></Value></Attribute><Attribute z:Id="i140"><AttributeType>rpy</AttributeType><IsRequired>true</IsRequired><Value i:type="a:ArrayOfdouble" xmlns:a="http://schemas.microsoft.com/2003/10/Serialization/Arrays"><a:double>0</a:double><a:double>0</a:double><a:double>0</a:double></Value></Attribute></Attributes><ChildElements/><ElementName>origin</ElementName><required>false</required><RPYAttribute z:Ref="i140"/><XYZAttribute z:Ref="i139"/><isCustomized>false</isCustomized></URDFElement><URDFElement z:Id="i141" i:type="Mass"><Attributes><Attribute z:Id="i142"><AttributeType>value</AttributeType><IsRequired>true</IsRequired><Value i:type="a:double" xmlns:a="http://www.w3.org/2001/XMLSchema">0</Value></Attribute></Attributes><ChildElements/><ElementName>mass</ElementName><required>false</required><ValueAttribute z:Ref="i142"/></URDFElement><URDFElement z:Id="i143" i:type="Inertia"><Attributes><Attribute z:Id="i144"><AttributeType>ixx</AttributeType><IsRequired>true</IsRequired><Value i:type="a:double" xmlns:a="http://www.w3.org/2001/XMLSchema">0</Value></Attribute><Attribute z:Id="i145"><AttributeType>ixy</AttributeType><IsRequired>true</IsRequired><Value i:type="a:double" xmlns:a="http://www.w3.org/2001/XMLSchema">0</Value></Attribute><Attribute z:Id="i146"><AttributeType>ixz</AttributeType><IsRequired>true</IsRequired><Value i:type="a:double" xmlns:a="http://www.w3.org/2001/XMLSchema">0</Value></Attribute><Attribute z:Id="i147"><AttributeType>iyy</AttributeType><IsRequired>true</IsRequired><Value i:type="a:double" xmlns:a="http://www.w3.org/2001/XMLSchema">0</Value></Attribute><Attribute z:Id="i148"><AttributeType>iyz</AttributeType><IsRequired>true</IsRequired><Value i:type="a:double" xmlns:a="http://www.w3.org/2001/XMLSchema">0</Value></Attribute><Attribute z:Id="i149"><AttributeType>izz</AttributeType><IsRequired>true</IsRequired><Value i:type="a:double" xmlns:a="http://www.w3.org/2001/XMLSchema">0</Value></Attribute></Attributes><ChildElements/><ElementName>inertia</ElementName><required>false</required><IxxAttribute z:Ref="i144"/><IxyAttribute z:Ref="i145"/><IxzAttribute z:Ref="i146"/><IyyAttribute z:Ref="i147"/><IyzAttribute z:Ref="i148"/><IzzAttribute z:Ref="i149"/></URDFElement></ChildElements><ElementName>inertial</ElementName><required>false</required><Inertia z:Ref="i143"/><Mass z:Ref="i141"/><Origin z:Ref="i138"/></URDFElement><URDFElement z:Id="i150" i:type="Visual"><Attributes/><ChildElements><URDFElement z:Id="i151" i:type="Origin"><Attributes><Attribute z:Id="i152"><AttributeType>xyz</AttributeType><IsRequired>true</IsRequired><Value i:type="a:ArrayOfdouble" xmlns:a="http://schemas.microsoft.com/2003/10/Serialization/Arrays"><a:double>0</a:double><a:double>0</a:double><a:double>0</a:double></Value></Attribute><Attribute z:Id="i153"><AttributeType>rpy</AttributeType><IsRequired>true</IsRequired><Value i:type="a:ArrayOfdouble" xmlns:a="http://schemas.microsoft.com/2003/10/Serialization/Arrays"><a:double>0</a:double><a:double>0</a:double><a:double>0</a:double></Value></Attribute></Attributes><ChildElements/><ElementName>origin</ElementName><required>false</required><RPYAttribute z:Ref="i153"/><XYZAttribute z:Ref="i152"/><isCustomized>false</isCustomized></URDFElement><URDFElement z:Id="i154" i:type="Geometry"><Attributes/><ChildElements><URDFElement z:Id="i155" i:type="Mesh"><Attributes><Attribute z:Id="i156"><AttributeType>filename</AttributeType><IsRequired>true</IsRequired><Value i:nil="true"/></Attribute></Attributes><ChildElements/><ElementName>mesh</ElementName><required>false</required><FilenameAttribute z:Ref="i156"/></URDFElement></ChildElements><ElementName>geometry</ElementName><required>true</required><Mesh z:Ref="i155"/></URDFElement><URDFElement z:Id="i157" i:type="Material"><Attributes><Attribute z:Id="i158"><AttributeType>name</AttributeType><IsRequired>true</IsRequired><Value i:type="a:string" xmlns:a="http://www.w3.org/2001/XMLSchema"/></Attribute></Attributes><ChildElements><URDFElement z:Id="i159" i:type="Color"><Attributes><Attribute z:Id="i160"><AttributeType>rgba</AttributeType><IsRequired>true</IsRequired><Value i:type="a:ArrayOfdouble" xmlns:a="http://schemas.microsoft.com/2003/10/Serialization/Arrays"><a:double>1</a:double><a:double>1</a:double><a:double>1</a:double><a:double>1</a:double></Value></Attribute></Attributes><ChildElements/><ElementName>color</ElementName><required>false</required><RGBAAttribute z:Ref="i160"/></URDFElement><URDFElement z:Id="i161" i:type="Texture"><Attributes><Attribute z:Id="i162"><AttributeType>filename</AttributeType><IsRequired>true</IsRequired><Value i:nil="true"/></Attribute></Attributes><ChildElements/><ElementName>texture</ElementName><required>false</required><FilenameAttribute z:Ref="i162"/><wFilename/></URDFElement></ChildElements><ElementName>material</ElementName><required>false</required><Color z:Ref="i159"/><NameAttribute z:Ref="i158"/><Texture z:Ref="i161"/></URDFElement></ChildElements><ElementName>visual</ElementName><required>false</required><Geometry z:Ref="i154"/><Material z:Ref="i157"/><Origin z:Ref="i151"/></URDFElement><URDFElement z:Id="i163" i:type="Collision"><Attributes/><ChildElements><URDFElement z:Id="i164" i:type="Origin"><Attributes><Attribute z:Id="i165"><AttributeType>xyz</AttributeType><IsRequired>true</IsRequired><Value i:type="a:ArrayOfdouble" xmlns:a="http://schemas.microsoft.com/2003/10/Serialization/Arrays"><a:double>0</a:double><a:double>0</a:double><a:double>0</a:double></Value></Attribute><Attribute z:Id="i166"><AttributeType>rpy</AttributeType><IsRequired>true</IsRequired><Value i:type="a:ArrayOfdouble" xmlns:a="http://schemas.microsoft.com/2003/10/Serialization/Arrays"><a:double>0</a:double><a:double>0</a:double><a:double>0</a:double></Value></Attribute></Attributes><ChildElements/><ElementName>origin</ElementName><required>false</required><RPYAttribute z:Ref="i166"/><XYZAttribute z:Ref="i165"/><isCustomized>false</isCustomized></URDFElement><URDFElement z:Id="i167" i:type="Geometry"><Attributes/><ChildElements><URDFElement z:Id="i168" i:type="Mesh"><Attributes><Attribute z:Id="i169"><AttributeType>filename</AttributeType><IsRequired>true</IsRequired><Value i:nil="true"/></Attribute></Attributes><ChildElements/><ElementName>mesh</ElementName><required>false</required><FilenameAttribute z:Ref="i169"/></URDFElement></ChildElements><ElementName>geometry</ElementName><required>true</required><Mesh z:Ref="i168"/></URDFElement></ChildElements><ElementName>collision</ElementName><required>false</required><Geometry z:Ref="i167"/><Origin z:Ref="i164"/></URDFElement><URDFElement z:Id="i170" i:type="Joint"><Attributes><Attribute z:Id="i171"><AttributeType>name</AttributeType><IsRequired>true</IsRequired><Value i:type="a:string" xmlns:a="http://www.w3.org/2001/XMLSchema">joint2</Value></Attribute><Attribute z:Id="i172"><AttributeType>type</AttributeType><IsRequired>true</IsRequired><Value i:type="a:string" xmlns:a="http://www.w3.org/2001/XMLSchema">Automatically Detect</Value></Attribute></Attributes><ChildElements><URDFElement z:Id="i173" i:type="Origin"><Attributes><Attribute z:Id="i174"><AttributeType>xyz</AttributeType><IsRequired>true</IsRequired><Value i:type="a:ArrayOfdouble" xmlns:a="http://schemas.microsoft.com/2003/10/Serialization/Arrays"><a:double>0</a:double><a:double>0</a:double><a:double>0</a:double></Value></Attribute><Attribute z:Id="i175"><AttributeType>rpy</AttributeType><IsRequired>true</IsRequired><Value i:type="a:ArrayOfdouble" xmlns:a="http://schemas.microsoft.com/2003/10/Serialization/Arrays"><a:double>0</a:double><a:double>0</a:double><a:double>0</a:double></Value></Attribute></Attributes><ChildElements/><ElementName>origin</ElementName><required>false</required><RPYAttribute z:Ref="i175"/><XYZAttribute z:Ref="i174"/><isCustomized>false</isCustomized></URDFElement><URDFElement z:Id="i176" i:type="ParentLink"><Attributes><Attribute z:Id="i177"><AttributeType>link</AttributeType><IsRequired>true</IsRequired><Value i:type="a:string" xmlns:a="http://www.w3.org/2001/XMLSchema"/></Attribute></Attributes><ChildElements/><ElementName>parent</ElementName><required>true</required><NameAttribute z:Ref="i177"/></URDFElement><URDFElement z:Id="i178" i:type="ChildLink"><Attributes><Attribute z:Id="i179"><AttributeType>link</AttributeType><IsRequired>true</IsRequired><Value i:type="a:string" xmlns:a="http://www.w3.org/2001/XMLSchema"/></Attribute></Attributes><ChildElements/><ElementName>child</ElementName><required>true</required><NameAttribute z:Ref="i179"/></URDFElement><URDFElement z:Id="i180" i:type="Axis"><Attributes><Attribute z:Id="i181"><AttributeType>xyz</AttributeType><IsRequired>true</IsRequired><Value i:type="a:ArrayOfdouble" xmlns:a="http://schemas.microsoft.com/2003/10/Serialization/Arrays"><a:double>0</a:double><a:double>0</a:double><a:double>0</a:double></Value></Attribute></Attributes><ChildElements/><ElementName>axis</ElementName><required>false</required><XYZAttribute z:Ref="i181"/></URDFElement><URDFElement z:Id="i182" i:type="Limit"><Attributes><Attribute z:Id="i183"><AttributeType>lower</AttributeType><IsRequired>false</IsRequired><Value i:nil="true"/></Attribute><Attribute z:Id="i184"><AttributeType>upper</AttributeType><IsRequired>false</IsRequired><Value i:nil="true"/></Attribute><Attribute z:Id="i185"><AttributeType>effort</AttributeType><IsRequired>true</IsRequired><Value i:nil="true"/></Attribute><Attribute z:Id="i186"><AttributeType>velocity</AttributeType><IsRequired>true</IsRequired><Value i:nil="true"/></Attribute></Attributes><ChildElements/><ElementName>limit</ElementName><required>false</required><EffortAttribute z:Ref="i185"/><LowerAttribute z:Ref="i183"/><UpperAttribute z:Ref="i184"/><VelocityAttribute z:Ref="i186"/></URDFElement><URDFElement z:Id="i187" i:type="Calibration"><Attributes><Attribute z:Id="i188"><AttributeType>rising</AttributeType><IsRequired>false</IsRequired><Value i:nil="true"/></Attribute><Attribute z:Id="i189"><AttributeType>falling</AttributeType><IsRequired>false</IsRequired><Value i:nil="true"/></Attribute></Attributes><ChildElements/><ElementName>calibration</ElementName><required>false</required><FallingAttribute z:Ref="i189"/><RisingAttribute z:Ref="i188"/></URDFElement><URDFElement z:Id="i190" i:type="Dynamics"><Attributes><Attribute z:Id="i191"><AttributeType>damping</AttributeType><IsRequired>false</IsRequired><Value i:nil="true"/></Attribute><Attribute z:Id="i192"><AttributeType>friction</AttributeType><IsRequired>false</IsRequired><Value i:nil="true"/></Attribute></Attributes><ChildElements/><ElementName>dynamics</ElementName><required>false</required><DampingAttribute z:Ref="i191"/><FrictionAttribute z:Ref="i192"/></URDFElement><URDFElement z:Id="i193" i:type="SafetyController"><Attributes><Attribute z:Id="i194"><AttributeType>soft_upper_limit</AttributeType><IsRequired>false</IsRequired><Value i:nil="true"/></Attribute><Attribute z:Id="i195"><AttributeType>soft_lower_limit</AttributeType><IsRequired>false</IsRequired><Value i:nil="true"/></Attribute><Attribute z:Id="i196"><AttributeType>k_position</AttributeType><IsRequired>false</IsRequired><Value i:nil="true"/></Attribute><Attribute z:Id="i197"><AttributeType>k_velocity</AttributeType><IsRequired>true</IsRequired><Value i:nil="true"/></Attribute></Attributes><ChildElements/><ElementName>safety_controller</ElementName><required>false</required><KPositionAttribute z:Ref="i196"/><KVelocityAttribute z:Ref="i197"/><SoftLowerAttribute z:Ref="i195"/><SoftUpperAttribute z:Ref="i194"/></URDFElement><URDFElement z:Id="i198" i:type="Mimic"><Attributes><Attribute z:Id="i199"><AttributeType>joint</AttributeType><IsRequired>true</IsRequired><Value i:nil="true"/></Attribute><Attribute z:Id="i200"><AttributeType>multiplier</AttributeType><IsRequired>false</IsRequired><Value i:nil="true"/></Attribute><Attribute z:Id="i201"><AttributeType>offset</AttributeType><IsRequired>false</IsRequired><Value i:nil="true"/></Attribute></Attributes><ChildElements/><ElementName>mimic</ElementName><required>false</required><JointNameAttribute z:Ref="i199"/><MultiplierAttribute z:Ref="i200"/><OffsetAttribute z:Ref="i201"/></URDFElement></ChildElements><ElementName>joint</ElementName><required>false</required><Axis z:Ref="i180"/><AxisName>Automatically Generate</AxisName><Calibration z:Ref="i187"/><Child z:Ref="i178"/><CoordinateSystemName>Automatically Generate</CoordinateSystemName><Dynamics z:Ref="i190"/><Limit z:Ref="i182"/><Mimic z:Ref="i198"/><NameAttribute z:Ref="i171"/><Origin z:Ref="i173"/><Parent z:Ref="i176"/><Safety z:Ref="i193"/><TypeAttribute z:Ref="i172"/></URDFElement></ChildElements><ElementName>link</ElementName><required>true</required><Children><Link z:Id="i202"><Attributes><Attribute z:Id="i203"><AttributeType>name</AttributeType><IsRequired>true</IsRequired><Value i:type="a:string" xmlns:a="http://www.w3.org/2001/XMLSchema">Link3</Value></Attribute></Attributes><ChildElements><URDFElement z:Id="i204" i:type="Inertial"><Attributes/><ChildElements><URDFElement z:Id="i205" i:type="Origin"><Attributes><Attribute z:Id="i206"><AttributeType>xyz</AttributeType><IsRequired>true</IsRequired><Value i:type="a:ArrayOfdouble" xmlns:a="http://schemas.microsoft.com/2003/10/Serialization/Arrays"><a:double>0</a:double><a:double>0</a:double><a:double>0</a:double></Value></Attribute><Attribute z:Id="i207"><AttributeType>rpy</AttributeType><IsRequired>true</IsRequired><Value i:type="a:ArrayOfdouble" xmlns:a="http://schemas.microsoft.com/2003/10/Serialization/Arrays"><a:double>0</a:double><a:double>0</a:double><a:double>0</a:double></Value></Attribute></Attributes><ChildElements/><ElementName>origin</ElementName><required>false</required><RPYAttribute z:Ref="i207"/><XYZAttribute z:Ref="i206"/><isCustomized>false</isCustomized></URDFElement><URDFElement z:Id="i208" i:type="Mass"><Attributes><Attribute z:Id="i209"><AttributeType>value</AttributeType><IsRequired>true</IsRequired><Value i:type="a:double" xmlns:a="http://www.w3.org/2001/XMLSchema">0</Value></Attribute></Attributes><ChildElements/><ElementName>mass</ElementName><required>false</required><ValueAttribute z:Ref="i209"/></URDFElement><URDFElement z:Id="i210" i:type="Inertia"><Attributes><Attribute z:Id="i211"><AttributeType>ixx</AttributeType><IsRequired>true</IsRequired><Value i:type="a:double" xmlns:a="http://www.w3.org/2001/XMLSchema">0</Value></Attribute><Attribute z:Id="i212"><AttributeType>ixy</AttributeType><IsRequired>true</IsRequired><Value i:type="a:double" xmlns:a="http://www.w3.org/2001/XMLSchema">0</Value></Attribute><Attribute z:Id="i213"><AttributeType>ixz</AttributeType><IsRequired>true</IsRequired><Value i:type="a:double" xmlns:a="http://www.w3.org/2001/XMLSchema">0</Value></Attribute><Attribute z:Id="i214"><AttributeType>iyy</AttributeType><IsRequired>true</IsRequired><Value i:type="a:double" xmlns:a="http://www.w3.org/2001/XMLSchema">0</Value></Attribute><Attribute z:Id="i215"><AttributeType>iyz</AttributeType><IsRequired>true</IsRequired><Value i:type="a:double" xmlns:a="http://www.w3.org/2001/XMLSchema">0</Value></Attribute><Attribute z:Id="i216"><AttributeType>izz</AttributeType><IsRequired>true</IsRequired><Value i:type="a:double" xmlns:a="http://www.w3.org/2001/XMLSchema">0</Value></Attribute></Attributes><ChildElements/><ElementName>inertia</ElementName><required>false</required><IxxAttribute z:Ref="i211"/><IxyAttribute z:Ref="i212"/><IxzAttribute z:Ref="i213"/><IyyAttribute z:Ref="i214"/><IyzAttribute z:Ref="i215"/><IzzAttribute z:Ref="i216"/></URDFElement></ChildElements><ElementName>inertial</ElementName><required>false</required><Inertia z:Ref="i210"/><Mass z:Ref="i208"/><Origin z:Ref="i205"/></URDFElement><URDFElement z:Id="i217" i:type="Visual"><Attributes/><ChildElements><URDFElement z:Id="i218" i:type="Origin"><Attributes><Attribute z:Id="i219"><AttributeType>xyz</AttributeType><IsRequired>true</IsRequired><Value i:type="a:ArrayOfdouble" xmlns:a="http://schemas.microsoft.com/2003/10/Serialization/Arrays"><a:double>0</a:double><a:double>0</a:double><a:double>0</a:double></Value></Attribute><Attribute z:Id="i220"><AttributeType>rpy</AttributeType><IsRequired>true</IsRequired><Value i:type="a:ArrayOfdouble" xmlns:a="http://schemas.microsoft.com/2003/10/Serialization/Arrays"><a:double>0</a:double><a:double>0</a:double><a:double>0</a:double></Value></Attribute></Attributes><ChildElements/><ElementName>origin</ElementName><required>false</required><RPYAttribute z:Ref="i220"/><XYZAttribute z:Ref="i219"/><isCustomized>false</isCustomized></URDFElement><URDFElement z:Id="i221" i:type="Geometry"><Attributes/><ChildElements><URDFElement z:Id="i222" i:type="Mesh"><Attributes><Attribute z:Id="i223"><AttributeType>filename</AttributeType><IsRequired>true</IsRequired><Value i:nil="true"/></Attribute></Attributes><ChildElements/><ElementName>mesh</ElementName><required>false</required><FilenameAttribute z:Ref="i223"/></URDFElement></ChildElements><ElementName>geometry</ElementName><required>true</required><Mesh z:Ref="i222"/></URDFElement><URDFElement z:Id="i224" i:type="Material"><Attributes><Attribute z:Id="i225"><AttributeType>name</AttributeType><IsRequired>true</IsRequired><Value i:type="a:string" xmlns:a="http://www.w3.org/2001/XMLSchema"/></Attribute></Attributes><ChildElements><URDFElement z:Id="i226" i:type="Color"><Attributes><Attribute z:Id="i227"><AttributeType>rgba</AttributeType><IsRequired>true</IsRequired><Value i:type="a:ArrayOfdouble" xmlns:a="http://schemas.microsoft.com/2003/10/Serialization/Arrays"><a:double>1</a:double><a:double>1</a:double><a:double>1</a:double><a:double>1</a:double></Value></Attribute></Attributes><ChildElements/><ElementName>color</ElementName><required>false</required><RGBAAttribute z:Ref="i227"/></URDFElement><URDFElement z:Id="i228" i:type="Texture"><Attributes><Attribute z:Id="i229"><AttributeType>filename</AttributeType><IsRequired>true</IsRequired><Value i:nil="true"/></Attribute></Attributes><ChildElements/><ElementName>texture</ElementName><required>false</required><FilenameAttribute z:Ref="i229"/><wFilename/></URDFElement></ChildElements><ElementName>material</ElementName><required>false</required><Color z:Ref="i226"/><NameAttribute z:Ref="i225"/><Texture z:Ref="i228"/></URDFElement></ChildElements><ElementName>visual</ElementName><required>false</required><Geometry z:Ref="i221"/><Material z:Ref="i224"/><Origin z:Ref="i218"/></URDFElement><URDFElement z:Id="i230" i:type="Collision"><Attributes/><ChildElements><URDFElement z:Id="i231" i:type="Origin"><Attributes><Attribute z:Id="i232"><AttributeType>xyz</AttributeType><IsRequired>true</IsRequired><Value i:type="a:ArrayOfdouble" xmlns:a="http://schemas.microsoft.com/2003/10/Serialization/Arrays"><a:double>0</a:double><a:double>0</a:double><a:double>0</a:double></Value></Attribute><Attribute z:Id="i233"><AttributeType>rpy</AttributeType><IsRequired>true</IsRequired><Value i:type="a:ArrayOfdouble" xmlns:a="http://schemas.microsoft.com/2003/10/Serialization/Arrays"><a:double>0</a:double><a:double>0</a:double><a:double>0</a:double></Value></Attribute></Attributes><ChildElements/><ElementName>origin</ElementName><required>false</required><RPYAttribute z:Ref="i233"/><XYZAttribute z:Ref="i232"/><isCustomized>false</isCustomized></URDFElement><URDFElement z:Id="i234" i:type="Geometry"><Attributes/><ChildElements><URDFElement z:Id="i235" i:type="Mesh"><Attributes><Attribute z:Id="i236"><AttributeType>filename</AttributeType><IsRequired>true</IsRequired><Value i:nil="true"/></Attribute></Attributes><ChildElements/><ElementName>mesh</ElementName><required>false</required><FilenameAttribute z:Ref="i236"/></URDFElement></ChildElements><ElementName>geometry</ElementName><required>true</required><Mesh z:Ref="i235"/></URDFElement></ChildElements><ElementName>collision</ElementName><required>false</required><Geometry z:Ref="i234"/><Origin z:Ref="i231"/></URDFElement><URDFElement z:Id="i237" i:type="Joint"><Attributes><Attribute z:Id="i238"><AttributeType>name</AttributeType><IsRequired>true</IsRequired><Value i:type="a:string" xmlns:a="http://www.w3.org/2001/XMLSchema">joint3</Value></Attribute><Attribute z:Id="i239"><AttributeType>type</AttributeType><IsRequired>true</IsRequired><Value i:type="a:string" xmlns:a="http://www.w3.org/2001/XMLSchema">Automatically Detect</Value></Attribute></Attributes><ChildElements><URDFElement z:Id="i240" i:type="Origin"><Attributes><Attribute z:Id="i241"><AttributeType>xyz</AttributeType><IsRequired>true</IsRequired><Value i:type="a:ArrayOfdouble" xmlns:a="http://schemas.microsoft.com/2003/10/Serialization/Arrays"><a:double>0</a:double><a:double>0</a:double><a:double>0</a:double></Value></Attribute><Attribute z:Id="i242"><AttributeType>rpy</AttributeType><IsRequired>true</IsRequired><Value i:type="a:ArrayOfdouble" xmlns:a="http://schemas.microsoft.com/2003/10/Serialization/Arrays"><a:double>0</a:double><a:double>0</a:double><a:double>0</a:double></Value></Attribute></Attributes><ChildElements/><ElementName>origin</ElementName><required>false</required><RPYAttribute z:Ref="i242"/><XYZAttribute z:Ref="i241"/><isCustomized>false</isCustomized></URDFElement><URDFElement z:Id="i243" i:type="ParentLink"><Attributes><Attribute z:Id="i244"><AttributeType>link</AttributeType><IsRequired>true</IsRequired><Value i:type="a:string" xmlns:a="http://www.w3.org/2001/XMLSchema"/></Attribute></Attributes><ChildElements/><ElementName>parent</ElementName><required>true</required><NameAttribute z:Ref="i244"/></URDFElement><URDFElement z:Id="i245" i:type="ChildLink"><Attributes><Attribute z:Id="i246"><AttributeType>link</AttributeType><IsRequired>true</IsRequired><Value i:type="a:string" xmlns:a="http://www.w3.org/2001/XMLSchema"/></Attribute></Attributes><ChildElements/><ElementName>child</ElementName><required>true</required><NameAttribute z:Ref="i246"/></URDFElement><URDFElement z:Id="i247" i:type="Axis"><Attributes><Attribute z:Id="i248"><AttributeType>xyz</AttributeType><IsRequired>true</IsRequired><Value i:type="a:ArrayOfdouble" xmlns:a="http://schemas.microsoft.com/2003/10/Serialization/Arrays"><a:double>0</a:double><a:double>0</a:double><a:double>0</a:double></Value></Attribute></Attributes><ChildElements/><ElementName>axis</ElementName><required>false</required><XYZAttribute z:Ref="i248"/></URDFElement><URDFElement z:Id="i249" i:type="Limit"><Attributes><Attribute z:Id="i250"><AttributeType>lower</AttributeType><IsRequired>false</IsRequired><Value i:nil="true"/></Attribute><Attribute z:Id="i251"><AttributeType>upper</AttributeType><IsRequired>false</IsRequired><Value i:nil="true"/></Attribute><Attribute z:Id="i252"><AttributeType>effort</AttributeType><IsRequired>true</IsRequired><Value i:nil="true"/></Attribute><Attribute z:Id="i253"><AttributeType>velocity</AttributeType><IsRequired>true</IsRequired><Value i:nil="true"/></Attribute></Attributes><ChildElements/><ElementName>limit</ElementName><required>false</required><EffortAttribute z:Ref="i252"/><LowerAttribute z:Ref="i250"/><UpperAttribute z:Ref="i251"/><VelocityAttribute z:Ref="i253"/></URDFElement><URDFElement z:Id="i254" i:type="Calibration"><Attributes><Attribute z:Id="i255"><AttributeType>rising</AttributeType><IsRequired>false</IsRequired><Value i:nil="true"/></Attribute><Attribute z:Id="i256"><AttributeType>falling</AttributeType><IsRequired>false</IsRequired><Value i:nil="true"/></Attribute></Attributes><ChildElements/><ElementName>calibration</ElementName><required>false</required><FallingAttribute z:Ref="i256"/><RisingAttribute z:Ref="i255"/></URDFElement><URDFElement z:Id="i257" i:type="Dynamics"><Attributes><Attribute z:Id="i258"><AttributeType>damping</AttributeType><IsRequired>false</IsRequired><Value i:nil="true"/></Attribute><Attribute z:Id="i259"><AttributeType>friction</AttributeType><IsRequired>false</IsRequired><Value i:nil="true"/></Attribute></Attributes><ChildElements/><ElementName>dynamics</ElementName><required>false</required><DampingAttribute z:Ref="i258"/><FrictionAttribute z:Ref="i259"/></URDFElement><URDFElement z:Id="i260" i:type="SafetyController"><Attributes><Attribute z:Id="i261"><AttributeType>soft_upper_limit</AttributeType><IsRequired>false</IsRequired><Value i:nil="true"/></Attribute><Attribute z:Id="i262"><AttributeType>soft_lower_limit</AttributeType><IsRequired>false</IsRequired><Value i:nil="true"/></Attribute><Attribute z:Id="i263"><AttributeType>k_position</AttributeType><IsRequired>false</IsRequired><Value i:nil="true"/></Attribute><Attribute z:Id="i264"><AttributeType>k_velocity</AttributeType><IsRequired>true</IsRequired><Value i:nil="true"/></Attribute></Attributes><ChildElements/><ElementName>safety_controller</ElementName><required>false</required><KPositionAttribute z:Ref="i263"/><KVelocityAttribute z:Ref="i264"/><SoftLowerAttribute z:Ref="i262"/><SoftUpperAttribute z:Ref="i261"/></URDFElement><URDFElement z:Id="i265" i:type="Mimic"><Attributes><Attribute z:Id="i266"><AttributeType>joint</AttributeType><IsRequired>true</IsRequired><Value i:nil="true"/></Attribute><Attribute z:Id="i267"><AttributeType>multiplier</AttributeType><IsRequired>false</IsRequired><Value i:nil="true"/></Attribute><Attribute z:Id="i268"><AttributeType>offset</AttributeType><IsRequired>false</IsRequired><Value i:nil="true"/></Attribute></Attributes><ChildElements/><ElementName>mimic</ElementName><required>false</required><JointNameAttribute z:Ref="i266"/><MultiplierAttribute z:Ref="i267"/><OffsetAttribute z:Ref="i268"/></URDFElement></ChildElements><ElementName>joint</ElementName><required>false</required><Axis z:Ref="i247"/><AxisName>Automatically Generate</AxisName><Calibration z:Ref="i254"/><Child z:Ref="i245"/><CoordinateSystemName>Automatically Generate</CoordinateSystemName><Dynamics z:Ref="i257"/><Limit z:Ref="i249"/><Mimic z:Ref="i265"/><NameAttribute z:Ref="i238"/><Origin z:Ref="i240"/><Parent z:Ref="i243"/><Safety z:Ref="i260"/><TypeAttribute z:Ref="i239"/></URDFElement></ChildElements><ElementName>link</ElementName><required>true</required><Children><Link z:Id="i269"><Attributes><Attribute z:Id="i270"><AttributeType>name</AttributeType><IsRequired>true</IsRequired><Value i:type="a:string" xmlns:a="http://www.w3.org/2001/XMLSchema">Link4</Value></Attribute></Attributes><ChildElements><URDFElement z:Id="i271" i:type="Inertial"><Attributes/><ChildElements><URDFElement z:Id="i272" i:type="Origin"><Attributes><Attribute z:Id="i273"><AttributeType>xyz</AttributeType><IsRequired>true</IsRequired><Value i:type="a:ArrayOfdouble" xmlns:a="http://schemas.microsoft.com/2003/10/Serialization/Arrays"><a:double>0</a:double><a:double>0</a:double><a:double>0</a:double></Value></Attribute><Attribute z:Id="i274"><AttributeType>rpy</AttributeType><IsRequired>true</IsRequired><Value i:type="a:ArrayOfdouble" xmlns:a="http://schemas.microsoft.com/2003/10/Serialization/Arrays"><a:double>0</a:double><a:double>0</a:double><a:double>0</a:double></Value></Attribute></Attributes><ChildElements/><ElementName>origin</ElementName><required>false</required><RPYAttribute z:Ref="i274"/><XYZAttribute z:Ref="i273"/><isCustomized>false</isCustomized></URDFElement><URDFElement z:Id="i275" i:type="Mass"><Attributes><Attribute z:Id="i276"><AttributeType>value</AttributeType><IsRequired>true</IsRequired><Value i:type="a:double" xmlns:a="http://www.w3.org/2001/XMLSchema">0</Value></Attribute></Attributes><ChildElements/><ElementName>mass</ElementName><required>false</required><ValueAttribute z:Ref="i276"/></URDFElement><URDFElement z:Id="i277" i:type="Inertia"><Attributes><Attribute z:Id="i278"><AttributeType>ixx</AttributeType><IsRequired>true</IsRequired><Value i:type="a:double" xmlns:a="http://www.w3.org/2001/XMLSchema">0</Value></Attribute><Attribute z:Id="i279"><AttributeType>ixy</AttributeType><IsRequired>true</IsRequired><Value i:type="a:double" xmlns:a="http://www.w3.org/2001/XMLSchema">0</Value></Attribute><Attribute z:Id="i280"><AttributeType>ixz</AttributeType><IsRequired>true</IsRequired><Value i:type="a:double" xmlns:a="http://www.w3.org/2001/XMLSchema">0</Value></Attribute><Attribute z:Id="i281"><AttributeType>iyy</AttributeType><IsRequired>true</IsRequired><Value i:type="a:double" xmlns:a="http://www.w3.org/2001/XMLSchema">0</Value></Attribute><Attribute z:Id="i282"><AttributeType>iyz</AttributeType><IsRequired>true</IsRequired><Value i:type="a:double" xmlns:a="http://www.w3.org/2001/XMLSchema">0</Value></Attribute><Attribute z:Id="i283"><AttributeType>izz</AttributeType><IsRequired>true</IsRequired><Value i:type="a:double" xmlns:a="http://www.w3.org/2001/XMLSchema">0</Value></Attribute></Attributes><ChildElements/><ElementName>inertia</ElementName><required>false</required><IxxAttribute z:Ref="i278"/><IxyAttribute z:Ref="i279"/><IxzAttribute z:Ref="i280"/><IyyAttribute z:Ref="i281"/><IyzAttribute z:Ref="i282"/><IzzAttribute z:Ref="i283"/></URDFElement></ChildElements><ElementName>inertial</ElementName><required>false</required><Inertia z:Ref="i277"/><Mass z:Ref="i275"/><Origin z:Ref="i272"/></URDFElement><URDFElement z:Id="i284" i:type="Visual"><Attributes/><ChildElements><URDFElement z:Id="i285" i:type="Origin"><Attributes><Attribute z:Id="i286"><AttributeType>xyz</AttributeType><IsRequired>true</IsRequired><Value i:type="a:ArrayOfdouble" xmlns:a="http://schemas.microsoft.com/2003/10/Serialization/Arrays"><a:double>0</a:double><a:double>0</a:double><a:double>0</a:double></Value></Attribute><Attribute z:Id="i287"><AttributeType>rpy</AttributeType><IsRequired>true</IsRequired><Value i:type="a:ArrayOfdouble" xmlns:a="http://schemas.microsoft.com/2003/10/Serialization/Arrays"><a:double>0</a:double><a:double>0</a:double><a:double>0</a:double></Value></Attribute></Attributes><ChildElements/><ElementName>origin</ElementName><required>false</required><RPYAttribute z:Ref="i287"/><XYZAttribute z:Ref="i286"/><isCustomized>false</isCustomized></URDFElement><URDFElement z:Id="i288" i:type="Geometry"><Attributes/><ChildElements><URDFElement z:Id="i289" i:type="Mesh"><Attributes><Attribute z:Id="i290"><AttributeType>filename</AttributeType><IsRequired>true</IsRequired><Value i:nil="true"/></Attribute></Attributes><ChildElements/><ElementName>mesh</ElementName><required>false</required><FilenameAttribute z:Ref="i290"/></URDFElement></ChildElements><ElementName>geometry</ElementName><required>true</required><Mesh z:Ref="i289"/></URDFElement><URDFElement z:Id="i291" i:type="Material"><Attributes><Attribute z:Id="i292"><AttributeType>name</AttributeType><IsRequired>true</IsRequired><Value i:type="a:string" xmlns:a="http://www.w3.org/2001/XMLSchema"/></Attribute></Attributes><ChildElements><URDFElement z:Id="i293" i:type="Color"><Attributes><Attribute z:Id="i294"><AttributeType>rgba</AttributeType><IsRequired>true</IsRequired><Value i:type="a:ArrayOfdouble" xmlns:a="http://schemas.microsoft.com/2003/10/Serialization/Arrays"><a:double>1</a:double><a:double>1</a:double><a:double>1</a:double><a:double>1</a:double></Value></Attribute></Attributes><ChildElements/><ElementName>color</ElementName><required>false</required><RGBAAttribute z:Ref="i294"/></URDFElement><URDFElement z:Id="i295" i:type="Texture"><Attributes><Attribute z:Id="i296"><AttributeType>filename</AttributeType><IsRequired>true</IsRequired><Value i:nil="true"/></Attribute></Attributes><ChildElements/><ElementName>texture</ElementName><required>false</required><FilenameAttribute z:Ref="i296"/><wFilename/></URDFElement></ChildElements><ElementName>material</ElementName><required>false</required><Color z:Ref="i293"/><NameAttribute z:Ref="i292"/><Texture z:Ref="i295"/></URDFElement></ChildElements><ElementName>visual</ElementName><required>false</required><Geometry z:Ref="i288"/><Material z:Ref="i291"/><Origin z:Ref="i285"/></URDFElement><URDFElement z:Id="i297" i:type="Collision"><Attributes/><ChildElements><URDFElement z:Id="i298" i:type="Origin"><Attributes><Attribute z:Id="i299"><AttributeType>xyz</AttributeType><IsRequired>true</IsRequired><Value i:type="a:ArrayOfdouble" xmlns:a="http://schemas.microsoft.com/2003/10/Serialization/Arrays"><a:double>0</a:double><a:double>0</a:double><a:double>0</a:double></Value></Attribute><Attribute z:Id="i300"><AttributeType>rpy</AttributeType><IsRequired>true</IsRequired><Value i:type="a:ArrayOfdouble" xmlns:a="http://schemas.microsoft.com/2003/10/Serialization/Arrays"><a:double>0</a:double><a:double>0</a:double><a:double>0</a:double></Value></Attribute></Attributes><ChildElements/><ElementName>origin</ElementName><required>false</required><RPYAttribute z:Ref="i300"/><XYZAttribute z:Ref="i299"/><isCustomized>false</isCustomized></URDFElement><URDFElement z:Id="i301" i:type="Geometry"><Attributes/><ChildElements><URDFElement z:Id="i302" i:type="Mesh"><Attributes><Attribute z:Id="i303"><AttributeType>filename</AttributeType><IsRequired>true</IsRequired><Value i:nil="true"/></Attribute></Attributes><ChildElements/><ElementName>mesh</ElementName><required>false</required><FilenameAttribute z:Ref="i303"/></URDFElement></ChildElements><ElementName>geometry</ElementName><required>true</required><Mesh z:Ref="i302"/></URDFElement></ChildElements><ElementName>collision</ElementName><required>false</required><Geometry z:Ref="i301"/><Origin z:Ref="i298"/></URDFElement><URDFElement z:Id="i304" i:type="Joint"><Attributes><Attribute z:Id="i305"><AttributeType>name</AttributeType><IsRequired>true</IsRequired><Value i:type="a:string" xmlns:a="http://www.w3.org/2001/XMLSchema">joint4</Value></Attribute><Attribute z:Id="i306"><AttributeType>type</AttributeType><IsRequired>true</IsRequired><Value i:type="a:string" xmlns:a="http://www.w3.org/2001/XMLSchema">Automatically Detect</Value></Attribute></Attributes><ChildElements><URDFElement z:Id="i307" i:type="Origin"><Attributes><Attribute z:Id="i308"><AttributeType>xyz</AttributeType><IsRequired>true</IsRequired><Value i:type="a:ArrayOfdouble" xmlns:a="http://schemas.microsoft.com/2003/10/Serialization/Arrays"><a:double>0</a:double><a:double>0</a:double><a:double>0</a:double></Value></Attribute><Attribute z:Id="i309"><AttributeType>rpy</AttributeType><IsRequired>true</IsRequired><Value i:type="a:ArrayOfdouble" xmlns:a="http://schemas.microsoft.com/2003/10/Serialization/Arrays"><a:double>0</a:double><a:double>0</a:double><a:double>0</a:double></Value></Attribute></Attributes><ChildElements/><ElementName>origin</ElementName><required>false</required><RPYAttribute z:Ref="i309"/><XYZAttribute z:Ref="i308"/><isCustomized>false</isCustomized></URDFElement><URDFElement z:Id="i310" i:type="ParentLink"><Attributes><Attribute z:Id="i311"><AttributeType>link</AttributeType><IsRequired>true</IsRequired><Value i:type="a:string" xmlns:a="http://www.w3.org/2001/XMLSchema"/></Attribute></Attributes><ChildElements/><ElementName>parent</ElementName><required>true</required><NameAttribute z:Ref="i311"/></URDFElement><URDFElement z:Id="i312" i:type="ChildLink"><Attributes><Attribute z:Id="i313"><AttributeType>link</AttributeType><IsRequired>true</IsRequired><Value i:type="a:string" xmlns:a="http://www.w3.org/2001/XMLSchema"/></Attribute></Attributes><ChildElements/><ElementName>child</ElementName><required>true</required><NameAttribute z:Ref="i313"/></URDFElement><URDFElement z:Id="i314" i:type="Axis"><Attributes><Attribute z:Id="i315"><AttributeType>xyz</AttributeType><IsRequired>true</IsRequired><Value i:type="a:ArrayOfdouble" xmlns:a="http://schemas.microsoft.com/2003/10/Serialization/Arrays"><a:double>0</a:double><a:double>0</a:double><a:double>0</a:double></Value></Attribute></Attributes><ChildElements/><ElementName>axis</ElementName><required>false</required><XYZAttribute z:Ref="i315"/></URDFElement><URDFElement z:Id="i316" i:type="Limit"><Attributes><Attribute z:Id="i317"><AttributeType>lower</AttributeType><IsRequired>false</IsRequired><Value i:nil="true"/></Attribute><Attribute z:Id="i318"><AttributeType>upper</AttributeType><IsRequired>false</IsRequired><Value i:nil="true"/></Attribute><Attribute z:Id="i319"><AttributeType>effort</AttributeType><IsRequired>true</IsRequired><Value i:nil="true"/></Attribute><Attribute z:Id="i320"><AttributeType>velocity</AttributeType><IsRequired>true</IsRequired><Value i:nil="true"/></Attribute></Attributes><ChildElements/><ElementName>limit</ElementName><required>false</required><EffortAttribute z:Ref="i319"/><LowerAttribute z:Ref="i317"/><UpperAttribute z:Ref="i318"/><VelocityAttribute z:Ref="i320"/></URDFElement><URDFElement z:Id="i321" i:type="Calibration"><Attributes><Attribute z:Id="i322"><AttributeType>rising</AttributeType><IsRequired>false</IsRequired><Value i:nil="true"/></Attribute><Attribute z:Id="i323"><AttributeType>falling</AttributeType><IsRequired>false</IsRequired><Value i:nil="true"/></Attribute></Attributes><ChildElements/><ElementName>calibration</ElementName><required>false</required><FallingAttribute z:Ref="i323"/><RisingAttribute z:Ref="i322"/></URDFElement><URDFElement z:Id="i324" i:type="Dynamics"><Attributes><Attribute z:Id="i325"><AttributeType>damping</AttributeType><IsRequired>false</IsRequired><Value i:nil="true"/></Attribute><Attribute z:Id="i326"><AttributeType>friction</AttributeType><IsRequired>false</IsRequired><Value i:nil="true"/></Attribute></Attributes><ChildElements/><ElementName>dynamics</ElementName><required>false</required><DampingAttribute z:Ref="i325"/><FrictionAttribute z:Ref="i326"/></URDFElement><URDFElement z:Id="i327" i:type="SafetyController"><Attributes><Attribute z:Id="i328"><AttributeType>soft_upper_limit</AttributeType><IsRequired>false</IsRequired><Value i:nil="true"/></Attribute><Attribute z:Id="i329"><AttributeType>soft_lower_limit</AttributeType><IsRequired>false</IsRequired><Value i:nil="true"/></Attribute><Attribute z:Id="i330"><AttributeType>k_position</AttributeType><IsRequired>false</IsRequired><Value i:nil="true"/></Attribute><Attribute z:Id="i331"><AttributeType>k_velocity</AttributeType><IsRequired>true</IsRequired><Value i:nil="true"/></Attribute></Attributes><ChildElements/><ElementName>safety_controller</ElementName><required>false</required><KPositionAttribute z:Ref="i330"/><KVelocityAttribute z:Ref="i331"/><SoftLowerAttribute z:Ref="i329"/><SoftUpperAttribute z:Ref="i328"/></URDFElement><URDFElement z:Id="i332" i:type="Mimic"><Attributes><Attribute z:Id="i333"><AttributeType>joint</AttributeType><IsRequired>true</IsRequired><Value i:nil="true"/></Attribute><Attribute z:Id="i334"><AttributeType>multiplier</AttributeType><IsRequired>false</IsRequired><Value i:nil="true"/></Attribute><Attribute z:Id="i335"><AttributeType>offset</AttributeType><IsRequired>false</IsRequired><Value i:nil="true"/></Attribute></Attributes><ChildElements/><ElementName>mimic</ElementName><required>false</required><JointNameAttribute z:Ref="i333"/><MultiplierAttribute z:Ref="i334"/><OffsetAttribute z:Ref="i335"/></URDFElement></ChildElements><ElementName>joint</ElementName><required>false</required><Axis z:Ref="i314"/><AxisName>Automatically Generate</AxisName><Calibration z:Ref="i321"/><Child z:Ref="i312"/><CoordinateSystemName>Automatically Generate</CoordinateSystemName><Dynamics z:Ref="i324"/><Limit z:Ref="i316"/><Mimic z:Ref="i332"/><NameAttribute z:Ref="i305"/><Origin z:Ref="i307"/><Parent z:Ref="i310"/><Safety z:Ref="i327"/><TypeAttribute z:Ref="i306"/></URDFElement></ChildElements><ElementName>link</ElementName><required>true</required><Children><Link z:Id="i336"><Attributes><Attribute z:Id="i337"><AttributeType>name</AttributeType><IsRequired>true</IsRequired><Value i:type="a:string" xmlns:a="http://www.w3.org/2001/XMLSchema">Link5</Value></Attribute></Attributes><ChildElements><URDFElement z:Id="i338" i:type="Inertial"><Attributes/><ChildElements><URDFElement z:Id="i339" i:type="Origin"><Attributes><Attribute z:Id="i340"><AttributeType>xyz</AttributeType><IsRequired>true</IsRequired><Value i:type="a:ArrayOfdouble" xmlns:a="http://schemas.microsoft.com/2003/10/Serialization/Arrays"><a:double>0</a:double><a:double>0</a:double><a:double>0</a:double></Value></Attribute><Attribute z:Id="i341"><AttributeType>rpy</AttributeType><IsRequired>true</IsRequired><Value i:type="a:ArrayOfdouble" xmlns:a="http://schemas.microsoft.com/2003/10/Serialization/Arrays"><a:double>0</a:double><a:double>0</a:double><a:double>0</a:double></Value></Attribute></Attributes><ChildElements/><ElementName>origin</ElementName><required>false</required><RPYAttribute z:Ref="i341"/><XYZAttribute z:Ref="i340"/><isCustomized>false</isCustomized></URDFElement><URDFElement z:Id="i342" i:type="Mass"><Attributes><Attribute z:Id="i343"><AttributeType>value</AttributeType><IsRequired>true</IsRequired><Value i:type="a:double" xmlns:a="http://www.w3.org/2001/XMLSchema">0</Value></Attribute></Attributes><ChildElements/><ElementName>mass</ElementName><required>false</required><ValueAttribute z:Ref="i343"/></URDFElement><URDFElement z:Id="i344" i:type="Inertia"><Attributes><Attribute z:Id="i345"><AttributeType>ixx</AttributeType><IsRequired>true</IsRequired><Value i:type="a:double" xmlns:a="http://www.w3.org/2001/XMLSchema">0</Value></Attribute><Attribute z:Id="i346"><AttributeType>ixy</AttributeType><IsRequired>true</IsRequired><Value i:type="a:double" xmlns:a="http://www.w3.org/2001/XMLSchema">0</Value></Attribute><Attribute z:Id="i347"><AttributeType>ixz</AttributeType><IsRequired>true</IsRequired><Value i:type="a:double" xmlns:a="http://www.w3.org/2001/XMLSchema">0</Value></Attribute><Attribute z:Id="i348"><AttributeType>iyy</AttributeType><IsRequired>true</IsRequired><Value i:type="a:double" xmlns:a="http://www.w3.org/2001/XMLSchema">0</Value></Attribute><Attribute z:Id="i349"><AttributeType>iyz</AttributeType><IsRequired>true</IsRequired><Value i:type="a:double" xmlns:a="http://www.w3.org/2001/XMLSchema">0</Value></Attribute><Attribute z:Id="i350"><AttributeType>izz</AttributeType><IsRequired>true</IsRequired><Value i:type="a:double" xmlns:a="http://www.w3.org/2001/XMLSchema">0</Value></Attribute></Attributes><ChildElements/><ElementName>inertia</ElementName><required>false</required><IxxAttribute z:Ref="i345"/><IxyAttribute z:Ref="i346"/><IxzAttribute z:Ref="i347"/><IyyAttribute z:Ref="i348"/><IyzAttribute z:Ref="i349"/><IzzAttribute z:Ref="i350"/></URDFElement></ChildElements><ElementName>inertial</ElementName><required>false</required><Inertia z:Ref="i344"/><Mass z:Ref="i342"/><Origin z:Ref="i339"/></URDFElement><URDFElement z:Id="i351" i:type="Visual"><Attributes/><ChildElements><URDFElement z:Id="i352" i:type="Origin"><Attributes><Attribute z:Id="i353"><AttributeType>xyz</AttributeType><IsRequired>true</IsRequired><Value i:type="a:ArrayOfdouble" xmlns:a="http://schemas.microsoft.com/2003/10/Serialization/Arrays"><a:double>0</a:double><a:double>0</a:double><a:double>0</a:double></Value></Attribute><Attribute z:Id="i354"><AttributeType>rpy</AttributeType><IsRequired>true</IsRequired><Value i:type="a:ArrayOfdouble" xmlns:a="http://schemas.microsoft.com/2003/10/Serialization/Arrays"><a:double>0</a:double><a:double>0</a:double><a:double>0</a:double></Value></Attribute></Attributes><ChildElements/><ElementName>origin</ElementName><required>false</required><RPYAttribute z:Ref="i354"/><XYZAttribute z:Ref="i353"/><isCustomized>false</isCustomized></URDFElement><URDFElement z:Id="i355" i:type="Geometry"><Attributes/><ChildElements><URDFElement z:Id="i356" i:type="Mesh"><Attributes><Attribute z:Id="i357"><AttributeType>filename</AttributeType><IsRequired>true</IsRequired><Value i:nil="true"/></Attribute></Attributes><ChildElements/><ElementName>mesh</ElementName><required>false</required><FilenameAttribute z:Ref="i357"/></URDFElement></ChildElements><ElementName>geometry</ElementName><required>true</required><Mesh z:Ref="i356"/></URDFElement><URDFElement z:Id="i358" i:type="Material"><Attributes><Attribute z:Id="i359"><AttributeType>name</AttributeType><IsRequired>true</IsRequired><Value i:type="a:string" xmlns:a="http://www.w3.org/2001/XMLSchema"/></Attribute></Attributes><ChildElements><URDFElement z:Id="i360" i:type="Color"><Attributes><Attribute z:Id="i361"><AttributeType>rgba</AttributeType><IsRequired>true</IsRequired><Value i:type="a:ArrayOfdouble" xmlns:a="http://schemas.microsoft.com/2003/10/Serialization/Arrays"><a:double>1</a:double><a:double>1</a:double><a:double>1</a:double><a:double>1</a:double></Value></Attribute></Attributes><ChildElements/><ElementName>color</ElementName><required>false</required><RGBAAttribute z:Ref="i361"/></URDFElement><URDFElement z:Id="i362" i:type="Texture"><Attributes><Attribute z:Id="i363"><AttributeType>filename</AttributeType><IsRequired>true</IsRequired><Value i:nil="true"/></Attribute></Attributes><ChildElements/><ElementName>texture</ElementName><required>false</required><FilenameAttribute z:Ref="i363"/><wFilename/></URDFElement></ChildElements><ElementName>material</ElementName><required>false</required><Color z:Ref="i360"/><NameAttribute z:Ref="i359"/><Texture z:Ref="i362"/></URDFElement></ChildElements><ElementName>visual</ElementName><required>false</required><Geometry z:Ref="i355"/><Material z:Ref="i358"/><Origin z:Ref="i352"/></URDFElement><URDFElement z:Id="i364" i:type="Collision"><Attributes/><ChildElements><URDFElement z:Id="i365" i:type="Origin"><Attributes><Attribute z:Id="i366"><AttributeType>xyz</AttributeType><IsRequired>true</IsRequired><Value i:type="a:ArrayOfdouble" xmlns:a="http://schemas.microsoft.com/2003/10/Serialization/Arrays"><a:double>0</a:double><a:double>0</a:double><a:double>0</a:double></Value></Attribute><Attribute z:Id="i367"><AttributeType>rpy</AttributeType><IsRequired>true</IsRequired><Value i:type="a:ArrayOfdouble" xmlns:a="http://schemas.microsoft.com/2003/10/Serialization/Arrays"><a:double>0</a:double><a:double>0</a:double><a:double>0</a:double></Value></Attribute></Attributes><ChildElements/><ElementName>origin</ElementName><required>false</required><RPYAttribute z:Ref="i367"/><XYZAttribute z:Ref="i366"/><isCustomized>false</isCustomized></URDFElement><URDFElement z:Id="i368" i:type="Geometry"><Attributes/><ChildElements><URDFElement z:Id="i369" i:type="Mesh"><Attributes><Attribute z:Id="i370"><AttributeType>filename</AttributeType><IsRequired>true</IsRequired><Value i:nil="true"/></Attribute></Attributes><ChildElements/><ElementName>mesh</ElementName><required>false</required><FilenameAttribute z:Ref="i370"/></URDFElement></ChildElements><ElementName>geometry</ElementName><required>true</required><Mesh z:Ref="i369"/></URDFElement></ChildElements><ElementName>collision</ElementName><required>false</required><Geometry z:Ref="i368"/><Origin z:Ref="i365"/></URDFElement><URDFElement z:Id="i371" i:type="Joint"><Attributes><Attribute z:Id="i372"><AttributeType>name</AttributeType><IsRequired>true</IsRequired><Value i:type="a:string" xmlns:a="http://www.w3.org/2001/XMLSchema">joint5</Value></Attribute><Attribute z:Id="i373"><AttributeType>type</AttributeType><IsRequired>true</IsRequired><Value i:type="a:string" xmlns:a="http://www.w3.org/2001/XMLSchema">Automatically Detect</Value></Attribute></Attributes><ChildElements><URDFElement z:Id="i374" i:type="Origin"><Attributes><Attribute z:Id="i375"><AttributeType>xyz</AttributeType><IsRequired>true</IsRequired><Value i:type="a:ArrayOfdouble" xmlns:a="http://schemas.microsoft.com/2003/10/Serialization/Arrays"><a:double>0</a:double><a:double>0</a:double><a:double>0</a:double></Value></Attribute><Attribute z:Id="i376"><AttributeType>rpy</AttributeType><IsRequired>true</IsRequired><Value i:type="a:ArrayOfdouble" xmlns:a="http://schemas.microsoft.com/2003/10/Serialization/Arrays"><a:double>0</a:double><a:double>0</a:double><a:double>0</a:double></Value></Attribute></Attributes><ChildElements/><ElementName>origin</ElementName><required>false</required><RPYAttribute z:Ref="i376"/><XYZAttribute z:Ref="i375"/><isCustomized>false</isCustomized></URDFElement><URDFElement z:Id="i377" i:type="ParentLink"><Attributes><Attribute z:Id="i378"><AttributeType>link</AttributeType><IsRequired>true</IsRequired><Value i:type="a:string" xmlns:a="http://www.w3.org/2001/XMLSchema"/></Attribute></Attributes><ChildElements/><ElementName>parent</ElementName><required>true</required><NameAttribute z:Ref="i378"/></URDFElement><URDFElement z:Id="i379" i:type="ChildLink"><Attributes><Attribute z:Id="i380"><AttributeType>link</AttributeType><IsRequired>true</IsRequired><Value i:type="a:string" xmlns:a="http://www.w3.org/2001/XMLSchema"/></Attribute></Attributes><ChildElements/><ElementName>child</ElementName><required>true</required><NameAttribute z:Ref="i380"/></URDFElement><URDFElement z:Id="i381" i:type="Axis"><Attributes><Attribute z:Id="i382"><AttributeType>xyz</AttributeType><IsRequired>true</IsRequired><Value i:type="a:ArrayOfdouble" xmlns:a="http://schemas.microsoft.com/2003/10/Serialization/Arrays"><a:double>0</a:double><a:double>0</a:double><a:double>0</a:double></Value></Attribute></Attributes><ChildElements/><ElementName>axis</ElementName><required>false</required><XYZAttribute z:Ref="i382"/></URDFElement><URDFElement z:Id="i383" i:type="Limit"><Attributes><Attribute z:Id="i384"><AttributeType>lower</AttributeType><IsRequired>false</IsRequired><Value i:nil="true"/></Attribute><Attribute z:Id="i385"><AttributeType>upper</AttributeType><IsRequired>false</IsRequired><Value i:nil="true"/></Attribute><Attribute z:Id="i386"><AttributeType>effort</AttributeType><IsRequired>true</IsRequired><Value i:nil="true"/></Attribute><Attribute z:Id="i387"><AttributeType>velocity</AttributeType><IsRequired>true</IsRequired><Value i:nil="true"/></Attribute></Attributes><ChildElements/><ElementName>limit</ElementName><required>false</required><EffortAttribute z:Ref="i386"/><LowerAttribute z:Ref="i384"/><UpperAttribute z:Ref="i385"/><VelocityAttribute z:Ref="i387"/></URDFElement><URDFElement z:Id="i388" i:type="Calibration"><Attributes><Attribute z:Id="i389"><AttributeType>rising</AttributeType><IsRequired>false</IsRequired><Value i:nil="true"/></Attribute><Attribute z:Id="i390"><AttributeType>falling</AttributeType><IsRequired>false</IsRequired><Value i:nil="true"/></Attribute></Attributes><ChildElements/><ElementName>calibration</ElementName><required>false</required><FallingAttribute z:Ref="i390"/><RisingAttribute z:Ref="i389"/></URDFElement><URDFElement z:Id="i391" i:type="Dynamics"><Attributes><Attribute z:Id="i392"><AttributeType>damping</AttributeType><IsRequired>false</IsRequired><Value i:nil="true"/></Attribute><Attribute z:Id="i393"><AttributeType>friction</AttributeType><IsRequired>false</IsRequired><Value i:nil="true"/></Attribute></Attributes><ChildElements/><ElementName>dynamics</ElementName><required>false</required><DampingAttribute z:Ref="i392"/><FrictionAttribute z:Ref="i393"/></URDFElement><URDFElement z:Id="i394" i:type="SafetyController"><Attributes><Attribute z:Id="i395"><AttributeType>soft_upper_limit</AttributeType><IsRequired>false</IsRequired><Value i:nil="true"/></Attribute><Attribute z:Id="i396"><AttributeType>soft_lower_limit</AttributeType><IsRequired>false</IsRequired><Value i:nil="true"/></Attribute><Attribute z:Id="i397"><AttributeType>k_position</AttributeType><IsRequired>false</IsRequired><Value i:nil="true"/></Attribute><Attribute z:Id="i398"><AttributeType>k_velocity</AttributeType><IsRequired>true</IsRequired><Value i:nil="true"/></Attribute></Attributes><ChildElements/><ElementName>safety_controller</ElementName><required>false</required><KPositionAttribute z:Ref="i397"/><KVelocityAttribute z:Ref="i398"/><SoftLowerAttribute z:Ref="i396"/><SoftUpperAttribute z:Ref="i395"/></URDFElement><URDFElement z:Id="i399" i:type="Mimic"><Attributes><Attribute z:Id="i400"><AttributeType>joint</AttributeType><IsRequired>true</IsRequired><Value i:nil="true"/></Attribute><Attribute z:Id="i401"><AttributeType>multiplier</AttributeType><IsRequired>false</IsRequired><Value i:nil="true"/></Attribute><Attribute z:Id="i402"><AttributeType>offset</AttributeType><IsRequired>false</IsRequired><Value i:nil="true"/></Attribute></Attributes><ChildElements/><ElementName>mimic</ElementName><required>false</required><JointNameAttribute z:Ref="i400"/><MultiplierAttribute z:Ref="i401"/><OffsetAttribute z:Ref="i402"/></URDFElement></ChildElements><ElementName>joint</ElementName><required>false</required><Axis z:Ref="i381"/><AxisName>Automatically Generate</AxisName><Calibration z:Ref="i388"/><Child z:Ref="i379"/><CoordinateSystemName>Automatically Generate</CoordinateSystemName><Dynamics z:Ref="i391"/><Limit z:Ref="i383"/><Mimic z:Ref="i399"/><NameAttribute z:Ref="i372"/><Origin z:Ref="i374"/><Parent z:Ref="i377"/><Safety z:Ref="i394"/><TypeAttribute z:Ref="i373"/></URDFElement></ChildElements><ElementName>link</ElementName><required>true</required><Children><Link z:Id="i403"><Attributes><Attribute z:Id="i404"><AttributeType>name</AttributeType><IsRequired>true</IsRequired><Value i:type="a:string" xmlns:a="http://www.w3.org/2001/XMLSchema">Link6</Value></Attribute></Attributes><ChildElements><URDFElement z:Id="i405" i:type="Inertial"><Attributes/><ChildElements><URDFElement z:Id="i406" i:type="Origin"><Attributes><Attribute z:Id="i407"><AttributeType>xyz</AttributeType><IsRequired>true</IsRequired><Value i:type="a:ArrayOfdouble" xmlns:a="http://schemas.microsoft.com/2003/10/Serialization/Arrays"><a:double>0</a:double><a:double>0</a:double><a:double>0</a:double></Value></Attribute><Attribute z:Id="i408"><AttributeType>rpy</AttributeType><IsRequired>true</IsRequired><Value i:type="a:ArrayOfdouble" xmlns:a="http://schemas.microsoft.com/2003/10/Serialization/Arrays"><a:double>0</a:double><a:double>0</a:double><a:double>0</a:double></Value></Attribute></Attributes><ChildElements/><ElementName>origin</ElementName><required>false</required><RPYAttribute z:Ref="i408"/><XYZAttribute z:Ref="i407"/><isCustomized>false</isCustomized></URDFElement><URDFElement z:Id="i409" i:type="Mass"><Attributes><Attribute z:Id="i410"><AttributeType>value</AttributeType><IsRequired>true</IsRequired><Value i:type="a:double" xmlns:a="http://www.w3.org/2001/XMLSchema">0</Value></Attribute></Attributes><ChildElements/><ElementName>mass</ElementName><required>false</required><ValueAttribute z:Ref="i410"/></URDFElement><URDFElement z:Id="i411" i:type="Inertia"><Attributes><Attribute z:Id="i412"><AttributeType>ixx</AttributeType><IsRequired>true</IsRequired><Value i:type="a:double" xmlns:a="http://www.w3.org/2001/XMLSchema">0</Value></Attribute><Attribute z:Id="i413"><AttributeType>ixy</AttributeType><IsRequired>true</IsRequired><Value i:type="a:double" xmlns:a="http://www.w3.org/2001/XMLSchema">0</Value></Attribute><Attribute z:Id="i414"><AttributeType>ixz</AttributeType><IsRequired>true</IsRequired><Value i:type="a:double" xmlns:a="http://www.w3.org/2001/XMLSchema">0</Value></Attribute><Attribute z:Id="i415"><AttributeType>iyy</AttributeType><IsRequired>true</IsRequired><Value i:type="a:double" xmlns:a="http://www.w3.org/2001/XMLSchema">0</Value></Attribute><Attribute z:Id="i416"><AttributeType>iyz</AttributeType><IsRequired>true</IsRequired><Value i:type="a:double" xmlns:a="http://www.w3.org/2001/XMLSchema">0</Value></Attribute><Attribute z:Id="i417"><AttributeType>izz</AttributeType><IsRequired>true</IsRequired><Value i:type="a:double" xmlns:a="http://www.w3.org/2001/XMLSchema">0</Value></Attribute></Attributes><ChildElements/><ElementName>inertia</ElementName><required>false</required><IxxAttribute z:Ref="i412"/><IxyAttribute z:Ref="i413"/><IxzAttribute z:Ref="i414"/><IyyAttribute z:Ref="i415"/><IyzAttribute z:Ref="i416"/><IzzAttribute z:Ref="i417"/></URDFElement></ChildElements><ElementName>inertial</ElementName><required>false</required><Inertia z:Ref="i411"/><Mass z:Ref="i409"/><Origin z:Ref="i406"/></URDFElement><URDFElement z:Id="i418" i:type="Visual"><Attributes/><ChildElements><URDFElement z:Id="i419" i:type="Origin"><Attributes><Attribute z:Id="i420"><AttributeType>xyz</AttributeType><IsRequired>true</IsRequired><Value i:type="a:ArrayOfdouble" xmlns:a="http://schemas.microsoft.com/2003/10/Serialization/Arrays"><a:double>0</a:double><a:double>0</a:double><a:double>0</a:double></Value></Attribute><Attribute z:Id="i421"><AttributeType>rpy</AttributeType><IsRequired>true</IsRequired><Value i:type="a:ArrayOfdouble" xmlns:a="http://schemas.microsoft.com/2003/10/Serialization/Arrays"><a:double>0</a:double><a:double>0</a:double><a:double>0</a:double></Value></Attribute></Attributes><ChildElements/><ElementName>origin</ElementName><required>false</required><RPYAttribute z:Ref="i421"/><XYZAttribute z:Ref="i420"/><isCustomized>false</isCustomized></URDFElement><URDFElement z:Id="i422" i:type="Geometry"><Attributes/><ChildElements><URDFElement z:Id="i423" i:type="Mesh"><Attributes><Attribute z:Id="i424"><AttributeType>filename</AttributeType><IsRequired>true</IsRequired><Value i:nil="true"/></Attribute></Attributes><ChildElements/><ElementName>mesh</ElementName><required>false</required><FilenameAttribute z:Ref="i424"/></URDFElement></ChildElements><ElementName>geometry</ElementName><required>true</required><Mesh z:Ref="i423"/></URDFElement><URDFElement z:Id="i425" i:type="Material"><Attributes><Attribute z:Id="i426"><AttributeType>name</AttributeType><IsRequired>true</IsRequired><Value i:type="a:string" xmlns:a="http://www.w3.org/2001/XMLSchema"/></Attribute></Attributes><ChildElements><URDFElement z:Id="i427" i:type="Color"><Attributes><Attribute z:Id="i428"><AttributeType>rgba</AttributeType><IsRequired>true</IsRequired><Value i:type="a:ArrayOfdouble" xmlns:a="http://schemas.microsoft.com/2003/10/Serialization/Arrays"><a:double>1</a:double><a:double>1</a:double><a:double>1</a:double><a:double>1</a:double></Value></Attribute></Attributes><ChildElements/><ElementName>color</ElementName><required>false</required><RGBAAttribute z:Ref="i428"/></URDFElement><URDFElement z:Id="i429" i:type="Texture"><Attributes><Attribute z:Id="i430"><AttributeType>filename</AttributeType><IsRequired>true</IsRequired><Value i:nil="true"/></Attribute></Attributes><ChildElements/><ElementName>texture</ElementName><required>false</required><FilenameAttribute z:Ref="i430"/><wFilename/></URDFElement></ChildElements><ElementName>material</ElementName><required>false</required><Color z:Ref="i427"/><NameAttribute z:Ref="i426"/><Texture z:Ref="i429"/></URDFElement></ChildElements><ElementName>visual</ElementName><required>false</required><Geometry z:Ref="i422"/><Material z:Ref="i425"/><Origin z:Ref="i419"/></URDFElement><URDFElement z:Id="i431" i:type="Collision"><Attributes/><ChildElements><URDFElement z:Id="i432" i:type="Origin"><Attributes><Attribute z:Id="i433"><AttributeType>xyz</AttributeType><IsRequired>true</IsRequired><Value i:type="a:ArrayOfdouble" xmlns:a="http://schemas.microsoft.com/2003/10/Serialization/Arrays"><a:double>0</a:double><a:double>0</a:double><a:double>0</a:double></Value></Attribute><Attribute z:Id="i434"><AttributeType>rpy</AttributeType><IsRequired>true</IsRequired><Value i:type="a:ArrayOfdouble" xmlns:a="http://schemas.microsoft.com/2003/10/Serialization/Arrays"><a:double>0</a:double><a:double>0</a:double><a:double>0</a:double></Value></Attribute></Attributes><ChildElements/><ElementName>origin</ElementName><required>false</required><RPYAttribute z:Ref="i434"/><XYZAttribute z:Ref="i433"/><isCustomized>false</isCustomized></URDFElement><URDFElement z:Id="i435" i:type="Geometry"><Attributes/><ChildElements><URDFElement z:Id="i436" i:type="Mesh"><Attributes><Attribute z:Id="i437"><AttributeType>filename</AttributeType><IsRequired>true</IsRequired><Value i:nil="true"/></Attribute></Attributes><ChildElements/><ElementName>mesh</ElementName><required>false</required><FilenameAttribute z:Ref="i437"/></URDFElement></ChildElements><ElementName>geometry</ElementName><required>true</required><Mesh z:Ref="i436"/></URDFElement></ChildElements><ElementName>collision</ElementName><required>false</required><Geometry z:Ref="i435"/><Origin z:Ref="i432"/></URDFElement><URDFElement z:Id="i438" i:type="Joint"><Attributes><Attribute z:Id="i439"><AttributeType>name</AttributeType><IsRequired>true</IsRequired><Value i:type="a:string" xmlns:a="http://www.w3.org/2001/XMLSchema">joint6</Value></Attribute><Attribute z:Id="i440"><AttributeType>type</AttributeType><IsRequired>true</IsRequired><Value i:type="a:string" xmlns:a="http://www.w3.org/2001/XMLSchema">Automatically Detect</Value></Attribute></Attributes><ChildElements><URDFElement z:Id="i441" i:type="Origin"><Attributes><Attribute z:Id="i442"><AttributeType>xyz</AttributeType><IsRequired>true</IsRequired><Value i:type="a:ArrayOfdouble" xmlns:a="http://schemas.microsoft.com/2003/10/Serialization/Arrays"><a:double>0</a:double><a:double>0</a:double><a:double>0</a:double></Value></Attribute><Attribute z:Id="i443"><AttributeType>rpy</AttributeType><IsRequired>true</IsRequired><Value i:type="a:ArrayOfdouble" xmlns:a="http://schemas.microsoft.com/2003/10/Serialization/Arrays"><a:double>0</a:double><a:double>0</a:double><a:double>0</a:double></Value></Attribute></Attributes><ChildElements/><ElementName>origin</ElementName><required>false</required><RPYAttribute z:Ref="i443"/><XYZAttribute z:Ref="i442"/><isCustomized>false</isCustomized></URDFElement><URDFElement z:Id="i444" i:type="ParentLink"><Attributes><Attribute z:Id="i445"><AttributeType>link</AttributeType><IsRequired>true</IsRequired><Value i:type="a:string" xmlns:a="http://www.w3.org/2001/XMLSchema"/></Attribute></Attributes><ChildElements/><ElementName>parent</ElementName><required>true</required><NameAttribute z:Ref="i445"/></URDFElement><URDFElement z:Id="i446" i:type="ChildLink"><Attributes><Attribute z:Id="i447"><AttributeType>link</AttributeType><IsRequired>true</IsRequired><Value i:type="a:string" xmlns:a="http://www.w3.org/2001/XMLSchema"/></Attribute></Attributes><ChildElements/><ElementName>child</ElementName><required>true</required><NameAttribute z:Ref="i447"/></URDFElement><URDFElement z:Id="i448" i:type="Axis"><Attributes><Attribute z:Id="i449"><AttributeType>xyz</AttributeType><IsRequired>true</IsRequired><Value i:type="a:ArrayOfdouble" xmlns:a="http://schemas.microsoft.com/2003/10/Serialization/Arrays"><a:double>0</a:double><a:double>0</a:double><a:double>0</a:double></Value></Attribute></Attributes><ChildElements/><ElementName>axis</ElementName><required>false</required><XYZAttribute z:Ref="i449"/></URDFElement><URDFElement z:Id="i450" i:type="Limit"><Attributes><Attribute z:Id="i451"><AttributeType>lower</AttributeType><IsRequired>false</IsRequired><Value i:nil="true"/></Attribute><Attribute z:Id="i452"><AttributeType>upper</AttributeType><IsRequired>false</IsRequired><Value i:nil="true"/></Attribute><Attribute z:Id="i453"><AttributeType>effort</AttributeType><IsRequired>true</IsRequired><Value i:nil="true"/></Attribute><Attribute z:Id="i454"><AttributeType>velocity</AttributeType><IsRequired>true</IsRequired><Value i:nil="true"/></Attribute></Attributes><ChildElements/><ElementName>limit</ElementName><required>false</required><EffortAttribute z:Ref="i453"/><LowerAttribute z:Ref="i451"/><UpperAttribute z:Ref="i452"/><VelocityAttribute z:Ref="i454"/></URDFElement><URDFElement z:Id="i455" i:type="Calibration"><Attributes><Attribute z:Id="i456"><AttributeType>rising</AttributeType><IsRequired>false</IsRequired><Value i:nil="true"/></Attribute><Attribute z:Id="i457"><AttributeType>falling</AttributeType><IsRequired>false</IsRequired><Value i:nil="true"/></Attribute></Attributes><ChildElements/><ElementName>calibration</ElementName><required>false</required><FallingAttribute z:Ref="i457"/><RisingAttribute z:Ref="i456"/></URDFElement><URDFElement z:Id="i458" i:type="Dynamics"><Attributes><Attribute z:Id="i459"><AttributeType>damping</AttributeType><IsRequired>false</IsRequired><Value i:nil="true"/></Attribute><Attribute z:Id="i460"><AttributeType>friction</AttributeType><IsRequired>false</IsRequired><Value i:nil="true"/></Attribute></Attributes><ChildElements/><ElementName>dynamics</ElementName><required>false</required><DampingAttribute z:Ref="i459"/><FrictionAttribute z:Ref="i460"/></URDFElement><URDFElement z:Id="i461" i:type="SafetyController"><Attributes><Attribute z:Id="i462"><AttributeType>soft_upper_limit</AttributeType><IsRequired>false</IsRequired><Value i:nil="true"/></Attribute><Attribute z:Id="i463"><AttributeType>soft_lower_limit</AttributeType><IsRequired>false</IsRequired><Value i:nil="true"/></Attribute><Attribute z:Id="i464"><AttributeType>k_position</AttributeType><IsRequired>false</IsRequired><Value i:nil="true"/></Attribute><Attribute z:Id="i465"><AttributeType>k_velocity</AttributeType><IsRequired>true</IsRequired><Value i:nil="true"/></Attribute></Attributes><ChildElements/><ElementName>safety_controller</ElementName><required>false</required><KPositionAttribute z:Ref="i464"/><KVelocityAttribute z:Ref="i465"/><SoftLowerAttribute z:Ref="i463"/><SoftUpperAttribute z:Ref="i462"/></URDFElement><URDFElement z:Id="i466" i:type="Mimic"><Attributes><Attribute z:Id="i467"><AttributeType>joint</AttributeType><IsRequired>true</IsRequired><Value i:nil="true"/></Attribute><Attribute z:Id="i468"><AttributeType>multiplier</AttributeType><IsRequired>false</IsRequired><Value i:nil="true"/></Attribute><Attribute z:Id="i469"><AttributeType>offset</AttributeType><IsRequired>false</IsRequired><Value i:nil="true"/></Attribute></Attributes><ChildElements/><ElementName>mimic</ElementName><required>false</required><JointNameAttribute z:Ref="i467"/><MultiplierAttribute z:Ref="i468"/><OffsetAttribute z:Ref="i469"/></URDFElement></ChildElements><ElementName>joint</ElementName><required>false</required><Axis z:Ref="i448"/><AxisName>Automatically Generate</AxisName><Calibration z:Ref="i455"/><Child z:Ref="i446"/><CoordinateSystemName>Automatically Generate</CoordinateSystemName><Dynamics z:Ref="i458"/><Limit z:Ref="i450"/><Mimic z:Ref="i466"/><NameAttribute z:Ref="i439"/><Origin z:Ref="i441"/><Parent z:Ref="i444"/><Safety z:Ref="i461"/><TypeAttribute z:Ref="i440"/></URDFElement></ChildElements><ElementName>link</ElementName><required>true</required><Children/><Collision z:Ref="i431"/><Inertial z:Ref="i405"/><Joint z:Ref="i438"/><NameAttribute z:Ref="i404"/><Parent z:Ref="i336"/><STLQualityFine>false</STLQualityFine><SWComponentPIDs xmlns:a="http://schemas.microsoft.com/2003/10/Serialization/Arrays"><a:base64Binary>UEYAAAUAAAD//v8vRQBuAGQAXwBlAGYAZgBlAGMAdABvAHIAXwBtAG8AdQBuAHQAaQBuAGcAXwAyADAAMgAzAC0AMQBAAEEAcwBzAGUAbQBiAGwAeQBfAHYAZQByAHMAaQBvAG4AXwAyAAQAAAAQAAAAAQAAAAEAAAAiAAAA</a:base64Binary><a:base64Binary>UEYAAAUAAAD//v8uVwByAGkAcwB0ACgAMwApACAAdABvACAARQBuAGQAIABsAGkAbgBrAF8AMgAwADIAMwAtADEAQABBAHMAcwBlAG0AYgBsAHkAXwB2AGUAcgBzAGkAbwBuAF8AMgAEAAAAEAAAAAEAAAABAAAALAAAAA==</a:base64Binary></SWComponentPIDs><SWMainComponentPID i:nil="true"/><Visual z:Ref="i418"/><isFixedFrame>false</isFixedFrame><isIncomplete>false</isIncomplete></Link></Children><Collision z:Ref="i364"/><Inertial z:Ref="i338"/><Joint z:Ref="i371"/><NameAttribute z:Ref="i337"/><Parent z:Ref="i269"/><STLQualityFine>false</STLQualityFine><SWComponentPIDs xmlns:a="http://schemas.microsoft.com/2003/10/Serialization/Arrays"><a:base64Binary>UEYAAAUAAAD//v8uVwByAGkAcwB0ACgAMgApACAAdABvACAAVwByAGkAcwB0ACgAMwApACAAbABpAG4AawAtADEAQABBAHMAcwBlAG0AYgBsAHkAXwB2AGUAcgBzAGkAbwBuAF8AMgAEAAAAEAAAAAEAAAABAAAAJwAAAA==</a:base64Binary></SWComponentPIDs><SWMainComponentPID i:nil="true"/><Visual z:Ref="i351"/><isFixedFrame>false</isFixedFrame><isIncomplete>false</isIncomplete></Link></Children><Collision z:Ref="i297"/><Inertial z:Ref="i271"/><Joint z:Ref="i304"/><NameAttribute z:Ref="i270"/><Parent z:Ref="i202"/><STLQualityFine>false</STLQualityFine><SWComponentPIDs xmlns:a="http://schemas.microsoft.com/2003/10/Serialization/Arrays"><a:base64Binary>UEYAAAUAAAD//v8uVwByAGkAcwB0ACgAMQApACAAdABvACAAVwByAGkAcwB0ACgAMgApACAAbABpAG4AawAtADEAQABBAHMAcwBlAG0AYgBsAHkAXwB2AGUAcgBzAGkAbwBuAF8AMgAEAAAAEAAAAAEAAAABAAAAJQAAAA==</a:base64Binary></SWComponentPIDs><SWMainComponentPID i:nil="true"/><Visual z:Ref="i284"/><isFixedFrame>false</isFixedFrame><isIncomplete>false</isIncomplete></Link></Children><Collision z:Ref="i230"/><Inertial z:Ref="i204"/><Joint z:Ref="i237"/><NameAttribute z:Ref="i203"/><Parent z:Ref="i135"/><STLQualityFine>false</STLQualityFine><SWComponentPIDs xmlns:a="http://schemas.microsoft.com/2003/10/Serialization/Arrays"><a:base64Binary>UEYAAAUAAAD//v8pZQBsAGIAbwB3AF8AdwByAGkAcwB0AF8AbQBvAGQAaQBmAGkAZQBkAC0AMQBAAEEAcwBzAGUAbQBiAGwAeQBfAHYAZQByAHMAaQBvAG4AXwAyAAQAAAAQAAAAAQAAAAEAAAAhAAAA</a:base64Binary></SWComponentPIDs><SWMainComponentPID i:nil="true"/><Visual z:Ref="i217"/><isFixedFrame>false</isFixedFrame><isIncomplete>false</isIncomplete></Link></Children><Collision z:Ref="i163"/><Inertial z:Ref="i137"/><Joint z:Ref="i170"/><NameAttribute z:Ref="i136"/><Parent z:Ref="i68"/><STLQualityFine>false</STLQualityFine><SWComponentPIDs xmlns:a="http://schemas.microsoft.com/2003/10/Serialization/Arrays"><a:base64Binary>UEYAAAUAAAD//v8rcwBoAG8AdQBsAGQAZQByAF8AdABvAF8AZQBsAGIAbwB3AF8AMgAwADIAMwAtADEAQABBAHMAcwBlAG0AYgBsAHkAXwB2AGUAcgBzAGkAbwBuAF8AMgAEAAAAEAAAAAEAAAABAAAAJAAAAA==</a:base64Binary></SWComponentPIDs><SWMainComponentPID i:nil="true"/><Visual z:Ref="i150"/><isFixedFrame>false</isFixedFrame><isIncomplete>false</isIncomplete></Link></Children><Collision z:Ref="i96"/><Inertial z:Ref="i70"/><Joint z:Ref="i103"/><NameAttribute z:Ref="i69"/><Parent z:Ref="i1"/><STLQualityFine>false</STLQualityFine><SWComponentPIDs xmlns:a="http://schemas.microsoft.com/2003/10/Serialization/Arrays"><a:base64Binary>UEYAAAUAAAD//v8qcgBoAGkAbgBvAF8AcABsAGEAdABmAG8AcgBtAF8AMgBfADIAMAAyADMALQAxAEAAQQBzAHMAZQBtAGIAbAB5AF8AdgBlAHIAcwBpAG8AbgBfADIABAAAABAAAAABAAAAAQAAACMAAAA=</a:base64Binary></SWComponentPIDs><SWMainComponentPID i:nil="true"/><Visual z:Ref="i83"/><isFixedFrame>false</isFixedFrame><isIncomplete>false</isIncomplete></Link></Children><Collision z:Ref="i29"/><Inertial z:Ref="i3"/><Joint z:Ref="i36"/><NameAttribute z:Ref="i2"/><Parent i:nil="true"/><STLQualityFine>false</STLQualityFine><SWComponentPIDs xmlns:a="http://schemas.microsoft.com/2003/10/Serialization/Arrays"><a:base64Binary>UEYAAAUAAAD//v8eQgBhAHMAZQBfADIAMAAyADMALQAyAEAAQQBzAHMAZQBtAGIAbAB5AF8AdgBlAHIAcwBpAG8AbgBfADIABAAAABAAAAABAAAAAQAAACAAAAA=</a:base64Binary></SWComponentPIDs><SWMainComponentPID i:nil="true"/><Visual z:Ref="i16"/><isFixedFrame>false</isFixedFrame><isIncomplete>false</isIncomplete></Link>
2025-12-25 18:56:14,312 INFO  AssemblyExportForm.cs: 309 - Saving URDF package to D:\Home\Home\Assembly_version_2_new
2025-12-25 18:56:14,313 INFO  ExportHelper.cs: 147 - Beginning the export process
2025-12-25 18:56:14,314 INFO  ExportHelper.cs: 153 - Creating package directories with name Assembly_version_2_new and save path D:\Home\Home
2025-12-25 18:56:15,904 INFO  ExportHelper.cs: 162 - Creating CMakeLists.txt at D:\Home\Home\Assembly_version_2_new\CMakeLists.txt
2025-12-25 18:56:15,904 INFO  ExportHelper.cs: 166 - Creating joint names config at D:\Home\Home\Assembly_version_2_new\config\joint_names_Assembly_version_2_new.yaml
2025-12-25 18:56:15,910 INFO  ExportHelper.cs: 170 - Creating package.xml at D:\Home\Home\Assembly_version_2_new\package.xml
2025-12-25 18:56:15,910 INFO  PackageXMLWriter.cs: 21 - Creating package.xml at D:\Home\Home\Assembly_version_2_new\package.xml
2025-12-25 18:56:15,910 INFO  ExportHelper.cs: 177 - Creating RVIZ launch file in D:\Home\Home\Assembly_version_2_new\launch\
2025-12-25 18:56:15,912 INFO  ExportHelper.cs: 182 - Creating Gazebo launch file in D:\Home\Home\Assembly_version_2_new\launch\
2025-12-25 18:56:15,912 INFO  ExportHelper.cs: 187 - Saving existing STL preferences
2025-12-25 18:56:15,914 INFO  ExportHelper.cs: 450 - Saving users preferences
2025-12-25 18:56:15,914 INFO  ExportHelper.cs: 190 - Modifying STL preferences
2025-12-25 18:56:15,914 INFO  ExportHelper.cs: 464 - Setting STL preferences
2025-12-25 18:56:15,916 INFO  ExportHelper.cs: 196 - Found 0 hidden components 
2025-12-25 18:56:15,916 INFO  ExportHelper.cs: 197 - Hiding all components
2025-12-25 18:56:16,780 INFO  ExportHelper.cs: 204 - Beginning individual files export
2025-12-25 18:56:16,780 INFO  ExportHelper.cs: 270 - Exporting link: base_link
2025-12-25 18:56:16,782 INFO  ExportHelper.cs: 272 - Link base_link has 1 children
2025-12-25 18:56:16,785 INFO  ExportHelper.cs: 270 - Exporting link: Link1
2025-12-25 18:56:16,787 INFO  ExportHelper.cs: 272 - Link Link1 has 1 children
2025-12-25 18:56:16,788 INFO  ExportHelper.cs: 270 - Exporting link: Link2
2025-12-25 18:56:16,788 INFO  ExportHelper.cs: 272 - Link Link2 has 1 children
2025-12-25 18:56:16,790 INFO  ExportHelper.cs: 270 - Exporting link: Link3
2025-12-25 18:56:16,790 INFO  ExportHelper.cs: 272 - Link Link3 has 1 children
2025-12-25 18:56:16,791 INFO  ExportHelper.cs: 270 - Exporting link: Link4
2025-12-25 18:56:16,791 INFO  ExportHelper.cs: 272 - Link Link4 has 1 children
2025-12-25 18:56:16,793 INFO  ExportHelper.cs: 270 - Exporting link: Link5
2025-12-25 18:56:16,793 INFO  ExportHelper.cs: 272 - Link Link5 has 1 children
2025-12-25 18:56:16,795 INFO  ExportHelper.cs: 270 - Exporting link: Link6
2025-12-25 18:56:16,795 INFO  ExportHelper.cs: 272 - Link Link6 has 0 children
2025-12-25 18:56:16,795 INFO  ExportHelper.cs: 317 - Link6: Exporting STL with coordinate frame Origin_joint6
2025-12-25 18:56:16,795 INFO  ExportHelper.cs: 322 - Link6: Reference geometry name 
2025-12-25 18:56:16,904 INFO  ExportHelper.cs: 330 - Saving STL to D:\Home\Home\Assembly_version_2_new\meshes\Link6.STL
2025-12-25 18:56:17,037 INFO  ExportHelper.cs: 405 - Removing SW header in STL file
2025-12-25 18:56:17,040 INFO  ExportHelper.cs: 317 - Link5: Exporting STL with coordinate frame Origin_joint5
2025-12-25 18:56:17,040 INFO  ExportHelper.cs: 322 - Link5: Reference geometry name 
2025-12-25 18:56:17,109 INFO  ExportHelper.cs: 330 - Saving STL to D:\Home\Home\Assembly_version_2_new\meshes\Link5.STL
2025-12-25 18:56:17,195 INFO  ExportHelper.cs: 405 - Removing SW header in STL file
2025-12-25 18:56:17,197 INFO  ExportHelper.cs: 317 - Link4: Exporting STL with coordinate frame Origin_joint4
2025-12-25 18:56:17,197 INFO  ExportHelper.cs: 322 - Link4: Reference geometry name 
2025-12-25 18:56:17,263 INFO  ExportHelper.cs: 330 - Saving STL to D:\Home\Home\Assembly_version_2_new\meshes\Link4.STL
2025-12-25 18:56:17,323 INFO  ExportHelper.cs: 405 - Removing SW header in STL file
2025-12-25 18:56:17,324 INFO  ExportHelper.cs: 317 - Link3: Exporting STL with coordinate frame Origin_joint3
2025-12-25 18:56:17,325 INFO  ExportHelper.cs: 322 - Link3: Reference geometry name 
2025-12-25 18:56:17,415 INFO  ExportHelper.cs: 330 - Saving STL to D:\Home\Home\Assembly_version_2_new\meshes\Link3.STL
2025-12-25 18:56:17,509 INFO  ExportHelper.cs: 405 - Removing SW header in STL file
2025-12-25 18:56:17,510 INFO  ExportHelper.cs: 317 - Link2: Exporting STL with coordinate frame Origin_joint2
2025-12-25 18:56:17,510 INFO  ExportHelper.cs: 322 - Link2: Reference geometry name 
2025-12-25 18:56:17,585 INFO  ExportHelper.cs: 330 - Saving STL to D:\Home\Home\Assembly_version_2_new\meshes\Link2.STL
2025-12-25 18:56:17,693 INFO  ExportHelper.cs: 405 - Removing SW header in STL file
2025-12-25 18:56:17,693 INFO  ExportHelper.cs: 317 - Link1: Exporting STL with coordinate frame Origin_joint1
2025-12-25 18:56:17,694 INFO  ExportHelper.cs: 322 - Link1: Reference geometry name 
2025-12-25 18:56:17,751 INFO  ExportHelper.cs: 330 - Saving STL to D:\Home\Home\Assembly_version_2_new\meshes\Link1.STL
2025-12-25 18:56:17,800 INFO  ExportHelper.cs: 405 - Removing SW header in STL file
2025-12-25 18:56:17,802 INFO  ExportHelper.cs: 317 - base_link: Exporting STL with coordinate frame Origin_global
2025-12-25 18:56:17,802 INFO  ExportHelper.cs: 322 - base_link: Reference geometry name 
2025-12-25 18:56:17,860 INFO  ExportHelper.cs: 330 - Saving STL to D:\Home\Home\Assembly_version_2_new\meshes\base_link.STL
2025-12-25 18:56:17,922 INFO  ExportHelper.cs: 405 - Removing SW header in STL file
2025-12-25 18:56:17,923 INFO  ExportHelper.cs: 145 - Showing all components except previously hidden components
2025-12-25 18:56:18,292 INFO  ExportHelper.cs: 145 - Resetting STL preferences
2025-12-25 18:56:18,293 INFO  ExportHelper.cs: 478 - Returning STL preferences to user preferences
2025-12-25 18:56:18,293 INFO  ExportHelper.cs: 228 - Writing URDF file to D:\Home\Home\Assembly_version_2_new\urdf\Assembly_version_2_new.urdf
2025-12-25 18:56:18,296 INFO  CSVImportExport.cs: 32 - Writing CSV file D:\Home\Home\Assembly_version_2_new\urdf\Assembly_version_2_new.csv
2025-12-25 18:56:18,296 ERROR CSVImportExport.cs: 130 - The following columns were not written to the CSV: Link.Joint.ChildLink.link,
2025-12-25 18:56:18,297 ERROR CSVImportExport.cs: 130 - The following columns were not written to the CSV: Link.Joint.ChildLink.link,
2025-12-25 18:56:18,297 ERROR CSVImportExport.cs: 130 - The following columns were not written to the CSV: Link.Joint.ChildLink.link,
2025-12-25 18:56:18,299 ERROR CSVImportExport.cs: 130 - The following columns were not written to the CSV: Link.Joint.ChildLink.link,
2025-12-25 18:56:18,299 ERROR CSVImportExport.cs: 130 - The following columns were not written to the CSV: Link.Joint.ChildLink.link,
2025-12-25 18:56:18,299 ERROR CSVImportExport.cs: 130 - The following columns were not written to the CSV: Link.Joint.ChildLink.link,
2025-12-25 18:56:18,300 ERROR CSVImportExport.cs: 130 - The following columns were not written to the CSV: Link.Joint.ChildLink.link,
2025-12-25 18:56:18,300 INFO  ExportHelper.cs: 234 - Copying log file
2025-12-25 18:56:18,302 INFO  ExportHelper.cs: 439 - Copying C:\Users\RAKESH BALLA\sw2urdf_logs\sw2urdf.log to D:\Home\Home\Assembly_version_2_new\export.log
2025-12-25 18:56:18,323 INFO  ExportHelper.cs: 237 - Resetting STL preferences
2025-12-25 18:56:18,323 INFO  ExportHelper.cs: 478 - Returning STL preferences to user preferences
2025-12-25 19:16:18,195 INFO  SwAddin.cs: 294 - Assembly export called for file Assembly_version_2
2025-12-25 19:16:18,196 INFO  SwAddin.cs: 299 - Save is required
2025-12-25 19:16:18,196 INFO  SwAddin.cs: 313 - Saving assembly
2025-12-25 19:16:18,568 INFO  SwAddin.cs: 316 - Opening property manager
2025-12-25 19:16:18,572 INFO  ExportHelperExtension.cs: 1125 - Retrieving features of type [CoordSys] from Assembly_version_2
2025-12-25 19:16:18,572 INFO  ExportHelperExtension.cs: 1136 - Found 45 in Assembly_version_2
2025-12-25 19:16:18,574 INFO  ExportHelperExtension.cs: 1145 - Found 0 features of type [CoordSys] in Assembly_version_2
2025-12-25 19:16:18,574 INFO  ExportHelperExtension.cs: 1148 - Proceeding through assembly components
2025-12-25 19:16:18,574 INFO  ExportHelperExtension.cs: 1160 - 8 components to check
2025-12-25 19:16:18,574 INFO  ExportHelperExtension.cs: 1125 - Retrieving features of type [CoordSys] from End_effector_mounting_2023-1
2025-12-25 19:16:18,578 INFO  ExportHelperExtension.cs: 1136 - Found 25 in End_effector_mounting_2023-1
2025-12-25 19:16:18,578 INFO  ExportHelperExtension.cs: 1145 - Found 0 features of type [CoordSys] in End_effector_mounting_2023-1
2025-12-25 19:16:18,580 INFO  ExportHelperExtension.cs: 1125 - Retrieving features of type [CoordSys] from shoulder_to_elbow_2023-1
2025-12-25 19:16:18,580 INFO  ExportHelperExtension.cs: 1136 - Found 71 in shoulder_to_elbow_2023-1
2025-12-25 19:16:18,580 INFO  ExportHelperExtension.cs: 1145 - Found 0 features of type [CoordSys] in shoulder_to_elbow_2023-1
2025-12-25 19:16:18,580 INFO  ExportHelperExtension.cs: 1125 - Retrieving features of type [CoordSys] from Wrist(2) to Wrist(3) link-1
2025-12-25 19:16:18,580 INFO  ExportHelperExtension.cs: 1136 - Found 60 in Wrist(2) to Wrist(3) link-1
2025-12-25 19:16:18,583 INFO  ExportHelperExtension.cs: 1145 - Found 0 features of type [CoordSys] in Wrist(2) to Wrist(3) link-1
2025-12-25 19:16:18,583 INFO  ExportHelperExtension.cs: 1125 - Retrieving features of type [CoordSys] from Base_2023-2
2025-12-25 19:16:18,585 INFO  ExportHelperExtension.cs: 1136 - Found 46 in Base_2023-2
2025-12-25 19:16:18,586 INFO  ExportHelperExtension.cs: 1145 - Found 0 features of type [CoordSys] in Base_2023-2
2025-12-25 19:16:18,586 INFO  ExportHelperExtension.cs: 1125 - Retrieving features of type [CoordSys] from elbow_wrist_modified-1
2025-12-25 19:16:18,586 INFO  ExportHelperExtension.cs: 1136 - Found 89 in elbow_wrist_modified-1
2025-12-25 19:16:18,589 INFO  ExportHelperExtension.cs: 1145 - Found 0 features of type [CoordSys] in elbow_wrist_modified-1
2025-12-25 19:16:18,589 INFO  ExportHelperExtension.cs: 1125 - Retrieving features of type [CoordSys] from rhino_platform_2_2023-1
2025-12-25 19:16:18,591 INFO  ExportHelperExtension.cs: 1136 - Found 49 in rhino_platform_2_2023-1
2025-12-25 19:16:18,591 INFO  ExportHelperExtension.cs: 1145 - Found 0 features of type [CoordSys] in rhino_platform_2_2023-1
2025-12-25 19:16:18,591 INFO  ExportHelperExtension.cs: 1125 - Retrieving features of type [CoordSys] from Wrist(1) to Wrist(2) link-1
2025-12-25 19:16:18,593 INFO  ExportHelperExtension.cs: 1136 - Found 60 in Wrist(1) to Wrist(2) link-1
2025-12-25 19:16:18,595 INFO  ExportHelperExtension.cs: 1145 - Found 0 features of type [CoordSys] in Wrist(1) to Wrist(2) link-1
2025-12-25 19:16:18,599 INFO  ExportHelperExtension.cs: 1125 - Retrieving features of type [CoordSys] from Wrist(3) to End link_2023-1
2025-12-25 19:16:18,614 INFO  ExportHelperExtension.cs: 1136 - Found 47 in Wrist(3) to End link_2023-1
2025-12-25 19:16:18,614 INFO  ExportHelperExtension.cs: 1145 - Found 0 features of type [CoordSys] in Wrist(3) to End link_2023-1
2025-12-25 19:16:18,614 INFO  ExportHelperExtension.cs: 1125 - Retrieving features of type [RefAxis] from Assembly_version_2
2025-12-25 19:16:18,617 INFO  ExportHelperExtension.cs: 1136 - Found 45 in Assembly_version_2
2025-12-25 19:16:18,617 INFO  ExportHelperExtension.cs: 1145 - Found 0 features of type [RefAxis] in Assembly_version_2
2025-12-25 19:16:18,617 INFO  ExportHelperExtension.cs: 1148 - Proceeding through assembly components
2025-12-25 19:16:18,617 INFO  ExportHelperExtension.cs: 1160 - 8 components to check
2025-12-25 19:16:18,617 INFO  ExportHelperExtension.cs: 1125 - Retrieving features of type [RefAxis] from End_effector_mounting_2023-1
2025-12-25 19:16:18,617 INFO  ExportHelperExtension.cs: 1136 - Found 25 in End_effector_mounting_2023-1
2025-12-25 19:16:18,617 INFO  ExportHelperExtension.cs: 1145 - Found 0 features of type [RefAxis] in End_effector_mounting_2023-1
2025-12-25 19:16:18,617 INFO  ExportHelperExtension.cs: 1125 - Retrieving features of type [RefAxis] from shoulder_to_elbow_2023-1
2025-12-25 19:16:18,622 INFO  ExportHelperExtension.cs: 1136 - Found 71 in shoulder_to_elbow_2023-1
2025-12-25 19:16:18,623 INFO  ExportHelperExtension.cs: 1145 - Found 0 features of type [RefAxis] in shoulder_to_elbow_2023-1
2025-12-25 19:16:18,623 INFO  ExportHelperExtension.cs: 1125 - Retrieving features of type [RefAxis] from Wrist(2) to Wrist(3) link-1
2025-12-25 19:16:18,625 INFO  ExportHelperExtension.cs: 1136 - Found 60 in Wrist(2) to Wrist(3) link-1
2025-12-25 19:16:18,625 INFO  ExportHelperExtension.cs: 1145 - Found 0 features of type [RefAxis] in Wrist(2) to Wrist(3) link-1
2025-12-25 19:16:18,625 INFO  ExportHelperExtension.cs: 1125 - Retrieving features of type [RefAxis] from Base_2023-2
2025-12-25 19:16:18,625 INFO  ExportHelperExtension.cs: 1136 - Found 46 in Base_2023-2
2025-12-25 19:16:18,628 INFO  ExportHelperExtension.cs: 1145 - Found 0 features of type [RefAxis] in Base_2023-2
2025-12-25 19:16:18,628 INFO  ExportHelperExtension.cs: 1125 - Retrieving features of type [RefAxis] from elbow_wrist_modified-1
2025-12-25 19:16:18,628 INFO  ExportHelperExtension.cs: 1136 - Found 89 in elbow_wrist_modified-1
2025-12-25 19:16:18,630 INFO  ExportHelperExtension.cs: 1145 - Found 0 features of type [RefAxis] in elbow_wrist_modified-1
2025-12-25 19:16:18,630 INFO  ExportHelperExtension.cs: 1125 - Retrieving features of type [RefAxis] from rhino_platform_2_2023-1
2025-12-25 19:16:18,630 INFO  ExportHelperExtension.cs: 1136 - Found 49 in rhino_platform_2_2023-1
2025-12-25 19:16:18,632 INFO  ExportHelperExtension.cs: 1145 - Found 0 features of type [RefAxis] in rhino_platform_2_2023-1
2025-12-25 19:16:18,632 INFO  ExportHelperExtension.cs: 1125 - Retrieving features of type [RefAxis] from Wrist(1) to Wrist(2) link-1
2025-12-25 19:16:18,632 INFO  ExportHelperExtension.cs: 1136 - Found 60 in Wrist(1) to Wrist(2) link-1
2025-12-25 19:16:18,632 INFO  ExportHelperExtension.cs: 1145 - Found 0 features of type [RefAxis] in Wrist(1) to Wrist(2) link-1
2025-12-25 19:16:18,632 INFO  ExportHelperExtension.cs: 1125 - Retrieving features of type [RefAxis] from Wrist(3) to End link_2023-1
2025-12-25 19:16:18,632 INFO  ExportHelperExtension.cs: 1136 - Found 47 in Wrist(3) to End link_2023-1
2025-12-25 19:16:18,636 INFO  ExportHelperExtension.cs: 1145 - Found 0 features of type [RefAxis] in Wrist(3) to End link_2023-1
2025-12-25 19:16:18,831 INFO  SwAddin.cs: 339 - Loading config tree
2025-12-25 19:16:18,831 INFO  ExportPropertyManagerExtension.cs: 520 - Starting new configuration
2025-12-25 19:16:18,833 INFO  SwAddin.cs: 344 - Showing property manager
2025-12-25 19:16:25,630 INFO  ExportPropertyManager.cs: 1136 - OnNumberBoxTrackingCompleted called. This method no longer throws an Exception. It just silently does nothing. Ok, except for this logging message
2025-12-25 19:16:26,475 INFO  ExportPropertyManager.cs: 1136 - OnNumberBoxTrackingCompleted called. This method no longer throws an Exception. It just silently does nothing. Ok, except for this logging message
2025-12-25 19:16:44,013 INFO  ExportPropertyManager.cs: 1136 - OnNumberBoxTrackingCompleted called. This method no longer throws an Exception. It just silently does nothing. Ok, except for this logging message
2025-12-25 19:17:25,636 INFO  ExportPropertyManager.cs: 1136 - OnNumberBoxTrackingCompleted called. This method no longer throws an Exception. It just silently does nothing. Ok, except for this logging message
2025-12-25 19:17:48,859 INFO  ExportPropertyManager.cs: 1036 - OnListboxSelectionChanged called. This method no longer throws an Exception. It just silently does nothing. Ok, except for this logging message
2025-12-25 19:17:53,000 INFO  ExportPropertyManager.cs: 1136 - OnNumberBoxTrackingCompleted called. This method no longer throws an Exception. It just silently does nothing. Ok, except for this logging message
2025-12-25 19:18:21,226 INFO  ExportPropertyManager.cs: 1136 - OnNumberBoxTrackingCompleted called. This method no longer throws an Exception. It just silently does nothing. Ok, except for this logging message
2025-12-25 19:18:39,831 INFO  ExportPropertyManager.cs: 1136 - OnNumberBoxTrackingCompleted called. This method no longer throws an Exception. It just silently does nothing. Ok, except for this logging message
2025-12-25 19:18:54,921 INFO  ExportPropertyManager.cs: 422 - Configuration saved
2025-12-25 19:18:56,865 INFO  ExportHelperExtension.cs: 347 - Creating joint Link1
2025-12-25 19:18:56,865 INFO  ExportHelperExtension.cs: 1397 - Fixing components for base_link
2025-12-25 19:18:56,865 INFO  ExportHelperExtension.cs: 1402 - Fixing 32
2025-12-25 19:18:57,055 INFO  ExportHelperExtension.cs: 828 - R1: 1, System.__ComObject, 1, System.Double[]
2025-12-25 19:18:57,056 INFO  ExportHelperExtension.cs: 841 - R2: 0, 0
2025-12-25 19:18:57,056 INFO  ExportHelperExtension.cs: 849 - L1: 0
2025-12-25 19:18:57,056 INFO  ExportHelperExtension.cs: 857 - L2: 0
2025-12-25 19:18:57,057 INFO  ExportHelperExtension.cs: 1352 - Unfixing component 32
2025-12-25 19:18:59,303 WARN  ExportHelperExtension.cs: 351 - Creating joint from parent base_link to child Link1 failed
2025-12-25 19:18:59,314 INFO  ExportHelperExtension.cs: 347 - Creating joint Link2
2025-12-25 19:18:59,314 INFO  ExportHelperExtension.cs: 1397 - Fixing components for Link1
2025-12-25 19:18:59,315 INFO  ExportHelperExtension.cs: 1402 - Fixing 35
2025-12-25 19:18:59,316 INFO  ExportHelperExtension.cs: 1402 - Fixing 32
2025-12-25 19:18:59,520 INFO  ExportHelperExtension.cs: 828 - R1: 1, System.__ComObject, 1, System.Double[]
2025-12-25 19:18:59,520 INFO  ExportHelperExtension.cs: 841 - R2: 0, 0
2025-12-25 19:18:59,520 INFO  ExportHelperExtension.cs: 849 - L1: 0
2025-12-25 19:18:59,522 INFO  ExportHelperExtension.cs: 857 - L2: 0
2025-12-25 19:18:59,522 INFO  ExportHelperExtension.cs: 1352 - Unfixing component 35
2025-12-25 19:18:59,522 INFO  ExportHelperExtension.cs: 1352 - Unfixing component 32
2025-12-25 19:19:01,878 WARN  ExportHelperExtension.cs: 351 - Creating joint from parent Link1 to child Link2 failed
2025-12-25 19:19:01,899 INFO  ExportHelperExtension.cs: 347 - Creating joint Link3
2025-12-25 19:19:01,899 INFO  ExportHelperExtension.cs: 1397 - Fixing components for Link2
2025-12-25 19:19:01,899 INFO  ExportHelperExtension.cs: 1402 - Fixing 36
2025-12-25 19:19:01,902 INFO  ExportHelperExtension.cs: 1402 - Fixing 35
2025-12-25 19:19:01,902 INFO  ExportHelperExtension.cs: 1402 - Fixing 32
2025-12-25 19:19:02,110 INFO  ExportHelperExtension.cs: 828 - R1: 1, System.__ComObject, 1, System.Double[]
2025-12-25 19:19:02,110 INFO  ExportHelperExtension.cs: 841 - R2: 0, 0
2025-12-25 19:19:02,110 INFO  ExportHelperExtension.cs: 849 - L1: 0
2025-12-25 19:19:02,112 INFO  ExportHelperExtension.cs: 857 - L2: 0
2025-12-25 19:19:02,112 INFO  ExportHelperExtension.cs: 1352 - Unfixing component 36
2025-12-25 19:19:02,114 INFO  ExportHelperExtension.cs: 1352 - Unfixing component 35
2025-12-25 19:19:02,114 INFO  ExportHelperExtension.cs: 1352 - Unfixing component 32
2025-12-25 19:19:04,530 WARN  ExportHelperExtension.cs: 351 - Creating joint from parent Link2 to child Link3 failed
2025-12-25 19:19:04,554 INFO  ExportHelperExtension.cs: 347 - Creating joint Link4
2025-12-25 19:19:04,554 INFO  ExportHelperExtension.cs: 1397 - Fixing components for Link3
2025-12-25 19:19:04,555 INFO  ExportHelperExtension.cs: 1402 - Fixing 33
2025-12-25 19:19:04,555 INFO  ExportHelperExtension.cs: 1402 - Fixing 36
2025-12-25 19:19:04,556 INFO  ExportHelperExtension.cs: 1402 - Fixing 35
2025-12-25 19:19:04,556 INFO  ExportHelperExtension.cs: 1402 - Fixing 32
2025-12-25 19:19:04,766 INFO  ExportHelperExtension.cs: 828 - R1: 1, System.__ComObject, 1, System.Double[]
2025-12-25 19:19:04,767 INFO  ExportHelperExtension.cs: 841 - R2: 0, 0
2025-12-25 19:19:04,767 INFO  ExportHelperExtension.cs: 849 - L1: 0
2025-12-25 19:19:04,767 INFO  ExportHelperExtension.cs: 857 - L2: 0
2025-12-25 19:19:04,768 INFO  ExportHelperExtension.cs: 1352 - Unfixing component 33
2025-12-25 19:19:04,768 INFO  ExportHelperExtension.cs: 1352 - Unfixing component 36
2025-12-25 19:19:04,769 INFO  ExportHelperExtension.cs: 1352 - Unfixing component 35
2025-12-25 19:19:04,769 INFO  ExportHelperExtension.cs: 1352 - Unfixing component 32
2025-12-25 19:19:07,257 WARN  ExportHelperExtension.cs: 351 - Creating joint from parent Link3 to child Link4 failed
2025-12-25 19:19:07,266 INFO  ExportHelperExtension.cs: 347 - Creating joint Link5
2025-12-25 19:19:07,268 INFO  ExportHelperExtension.cs: 1397 - Fixing components for Link4
2025-12-25 19:19:07,268 INFO  ExportHelperExtension.cs: 1402 - Fixing 37
2025-12-25 19:19:07,269 INFO  ExportHelperExtension.cs: 1402 - Fixing 33
2025-12-25 19:19:07,269 INFO  ExportHelperExtension.cs: 1402 - Fixing 36
2025-12-25 19:19:07,270 INFO  ExportHelperExtension.cs: 1402 - Fixing 35
2025-12-25 19:19:07,270 INFO  ExportHelperExtension.cs: 1402 - Fixing 32
2025-12-25 19:19:07,513 INFO  ExportHelperExtension.cs: 828 - R1: 1, System.__ComObject, 1, System.Double[]
2025-12-25 19:19:07,514 INFO  ExportHelperExtension.cs: 841 - R2: 0, 0
2025-12-25 19:19:07,514 INFO  ExportHelperExtension.cs: 849 - L1: 0
2025-12-25 19:19:07,515 INFO  ExportHelperExtension.cs: 857 - L2: 0
2025-12-25 19:19:07,516 INFO  ExportHelperExtension.cs: 1352 - Unfixing component 37
2025-12-25 19:19:07,516 INFO  ExportHelperExtension.cs: 1352 - Unfixing component 33
2025-12-25 19:19:07,516 INFO  ExportHelperExtension.cs: 1352 - Unfixing component 36
2025-12-25 19:19:07,516 INFO  ExportHelperExtension.cs: 1352 - Unfixing component 35
2025-12-25 19:19:07,517 INFO  ExportHelperExtension.cs: 1352 - Unfixing component 32
2025-12-25 19:19:10,061 WARN  ExportHelperExtension.cs: 351 - Creating joint from parent Link4 to child Link5 failed
2025-12-25 19:19:10,071 INFO  ExportHelperExtension.cs: 347 - Creating joint Link6
2025-12-25 19:19:10,072 INFO  ExportHelperExtension.cs: 1397 - Fixing components for Link5
2025-12-25 19:19:10,072 INFO  ExportHelperExtension.cs: 1402 - Fixing 39
2025-12-25 19:19:10,073 INFO  ExportHelperExtension.cs: 1402 - Fixing 37
2025-12-25 19:19:10,074 INFO  ExportHelperExtension.cs: 1402 - Fixing 33
2025-12-25 19:19:10,074 INFO  ExportHelperExtension.cs: 1402 - Fixing 36
2025-12-25 19:19:10,075 INFO  ExportHelperExtension.cs: 1402 - Fixing 35
2025-12-25 19:19:10,075 INFO  ExportHelperExtension.cs: 1402 - Fixing 32
2025-12-25 19:19:10,321 INFO  ExportHelperExtension.cs: 828 - R1: 1, System.__ComObject, 1, System.Double[]
2025-12-25 19:19:10,322 INFO  ExportHelperExtension.cs: 841 - R2: 0, 0
2025-12-25 19:19:10,322 INFO  ExportHelperExtension.cs: 849 - L1: 0
2025-12-25 19:19:10,323 INFO  ExportHelperExtension.cs: 857 - L2: 0
2025-12-25 19:19:10,323 INFO  ExportHelperExtension.cs: 1352 - Unfixing component 39
2025-12-25 19:19:10,329 INFO  ExportHelperExtension.cs: 1352 - Unfixing component 37
2025-12-25 19:19:10,329 INFO  ExportHelperExtension.cs: 1352 - Unfixing component 33
2025-12-25 19:19:10,330 INFO  ExportHelperExtension.cs: 1352 - Unfixing component 36
2025-12-25 19:19:10,330 INFO  ExportHelperExtension.cs: 1352 - Unfixing component 35
2025-12-25 19:19:10,331 INFO  ExportHelperExtension.cs: 1352 - Unfixing component 32
2025-12-25 19:19:13,001 WARN  ExportHelperExtension.cs: 351 - Creating joint from parent Link5 to child Link6 failed
2025-12-25 19:19:13,087 INFO  ExportHelperExtension.cs: 1125 - Retrieving features of type [CoordSys] from Assembly_version_2
2025-12-25 19:19:13,088 INFO  ExportHelperExtension.cs: 1136 - Found 60 in Assembly_version_2
2025-12-25 19:19:13,088 INFO  ExportHelperExtension.cs: 1145 - Found 7 features of type [CoordSys] in Assembly_version_2
2025-12-25 19:19:13,088 INFO  ExportHelperExtension.cs: 1148 - Proceeding through assembly components
2025-12-25 19:19:13,090 INFO  ExportHelperExtension.cs: 1160 - 8 components to check
2025-12-25 19:19:13,090 INFO  ExportHelperExtension.cs: 1125 - Retrieving features of type [CoordSys] from End_effector_mounting_2023-1
2025-12-25 19:19:13,090 INFO  ExportHelperExtension.cs: 1136 - Found 25 in End_effector_mounting_2023-1
2025-12-25 19:19:13,090 INFO  ExportHelperExtension.cs: 1145 - Found 0 features of type [CoordSys] in End_effector_mounting_2023-1
2025-12-25 19:19:13,090 INFO  ExportHelperExtension.cs: 1125 - Retrieving features of type [CoordSys] from shoulder_to_elbow_2023-1
2025-12-25 19:19:13,092 INFO  ExportHelperExtension.cs: 1136 - Found 71 in shoulder_to_elbow_2023-1
2025-12-25 19:19:13,092 INFO  ExportHelperExtension.cs: 1145 - Found 0 features of type [CoordSys] in shoulder_to_elbow_2023-1
2025-12-25 19:19:13,092 INFO  ExportHelperExtension.cs: 1125 - Retrieving features of type [CoordSys] from Wrist(2) to Wrist(3) link-1
2025-12-25 19:19:13,092 INFO  ExportHelperExtension.cs: 1136 - Found 60 in Wrist(2) to Wrist(3) link-1
2025-12-25 19:19:13,094 INFO  ExportHelperExtension.cs: 1145 - Found 0 features of type [CoordSys] in Wrist(2) to Wrist(3) link-1
2025-12-25 19:19:13,094 INFO  ExportHelperExtension.cs: 1125 - Retrieving features of type [CoordSys] from Base_2023-2
2025-12-25 19:19:13,094 INFO  ExportHelperExtension.cs: 1136 - Found 46 in Base_2023-2
2025-12-25 19:19:13,096 INFO  ExportHelperExtension.cs: 1145 - Found 0 features of type [CoordSys] in Base_2023-2
2025-12-25 19:19:13,096 INFO  ExportHelperExtension.cs: 1125 - Retrieving features of type [CoordSys] from elbow_wrist_modified-1
2025-12-25 19:19:13,096 INFO  ExportHelperExtension.cs: 1136 - Found 89 in elbow_wrist_modified-1
2025-12-25 19:19:13,098 INFO  ExportHelperExtension.cs: 1145 - Found 0 features of type [CoordSys] in elbow_wrist_modified-1
2025-12-25 19:19:13,098 INFO  ExportHelperExtension.cs: 1125 - Retrieving features of type [CoordSys] from rhino_platform_2_2023-1
2025-12-25 19:19:13,098 INFO  ExportHelperExtension.cs: 1136 - Found 49 in rhino_platform_2_2023-1
2025-12-25 19:19:13,100 INFO  ExportHelperExtension.cs: 1145 - Found 0 features of type [CoordSys] in rhino_platform_2_2023-1
2025-12-25 19:19:13,100 INFO  ExportHelperExtension.cs: 1125 - Retrieving features of type [CoordSys] from Wrist(1) to Wrist(2) link-1
2025-12-25 19:19:13,100 INFO  ExportHelperExtension.cs: 1136 - Found 60 in Wrist(1) to Wrist(2) link-1
2025-12-25 19:19:13,100 INFO  ExportHelperExtension.cs: 1145 - Found 0 features of type [CoordSys] in Wrist(1) to Wrist(2) link-1
2025-12-25 19:19:13,100 INFO  ExportHelperExtension.cs: 1125 - Retrieving features of type [CoordSys] from Wrist(3) to End link_2023-1
2025-12-25 19:19:13,102 INFO  ExportHelperExtension.cs: 1136 - Found 47 in Wrist(3) to End link_2023-1
2025-12-25 19:19:13,102 INFO  ExportHelperExtension.cs: 1145 - Found 0 features of type [CoordSys] in Wrist(3) to End link_2023-1
2025-12-25 19:19:13,102 INFO  ExportHelperExtension.cs: 1125 - Retrieving features of type [RefAxis] from Assembly_version_2
2025-12-25 19:19:13,102 INFO  ExportHelperExtension.cs: 1136 - Found 60 in Assembly_version_2
2025-12-25 19:19:13,104 INFO  ExportHelperExtension.cs: 1145 - Found 6 features of type [RefAxis] in Assembly_version_2
2025-12-25 19:19:13,104 INFO  ExportHelperExtension.cs: 1148 - Proceeding through assembly components
2025-12-25 19:19:13,104 INFO  ExportHelperExtension.cs: 1160 - 8 components to check
2025-12-25 19:19:13,104 INFO  ExportHelperExtension.cs: 1125 - Retrieving features of type [RefAxis] from End_effector_mounting_2023-1
2025-12-25 19:19:13,106 INFO  ExportHelperExtension.cs: 1136 - Found 25 in End_effector_mounting_2023-1
2025-12-25 19:19:13,106 INFO  ExportHelperExtension.cs: 1145 - Found 0 features of type [RefAxis] in End_effector_mounting_2023-1
2025-12-25 19:19:13,106 INFO  ExportHelperExtension.cs: 1125 - Retrieving features of type [RefAxis] from shoulder_to_elbow_2023-1
2025-12-25 19:19:13,106 INFO  ExportHelperExtension.cs: 1136 - Found 71 in shoulder_to_elbow_2023-1
2025-12-25 19:19:13,106 INFO  ExportHelperExtension.cs: 1145 - Found 0 features of type [RefAxis] in shoulder_to_elbow_2023-1
2025-12-25 19:19:13,108 INFO  ExportHelperExtension.cs: 1125 - Retrieving features of type [RefAxis] from Wrist(2) to Wrist(3) link-1
2025-12-25 19:19:13,108 INFO  ExportHelperExtension.cs: 1136 - Found 60 in Wrist(2) to Wrist(3) link-1
2025-12-25 19:19:13,108 INFO  ExportHelperExtension.cs: 1145 - Found 0 features of type [RefAxis] in Wrist(2) to Wrist(3) link-1
2025-12-25 19:19:13,108 INFO  ExportHelperExtension.cs: 1125 - Retrieving features of type [RefAxis] from Base_2023-2
2025-12-25 19:19:13,110 INFO  ExportHelperExtension.cs: 1136 - Found 46 in Base_2023-2
2025-12-25 19:19:13,110 INFO  ExportHelperExtension.cs: 1145 - Found 0 features of type [RefAxis] in Base_2023-2
2025-12-25 19:19:13,110 INFO  ExportHelperExtension.cs: 1125 - Retrieving features of type [RefAxis] from elbow_wrist_modified-1
2025-12-25 19:19:13,110 INFO  ExportHelperExtension.cs: 1136 - Found 89 in elbow_wrist_modified-1
2025-12-25 19:19:13,112 INFO  ExportHelperExtension.cs: 1145 - Found 0 features of type [RefAxis] in elbow_wrist_modified-1
2025-12-25 19:19:13,112 INFO  ExportHelperExtension.cs: 1125 - Retrieving features of type [RefAxis] from rhino_platform_2_2023-1
2025-12-25 19:19:13,112 INFO  ExportHelperExtension.cs: 1136 - Found 49 in rhino_platform_2_2023-1
2025-12-25 19:19:13,112 INFO  ExportHelperExtension.cs: 1145 - Found 0 features of type [RefAxis] in rhino_platform_2_2023-1
2025-12-25 19:19:13,112 INFO  ExportHelperExtension.cs: 1125 - Retrieving features of type [RefAxis] from Wrist(1) to Wrist(2) link-1
2025-12-25 19:19:13,141 INFO  ExportHelperExtension.cs: 1136 - Found 60 in Wrist(1) to Wrist(2) link-1
2025-12-25 19:19:13,143 INFO  ExportHelperExtension.cs: 1145 - Found 0 features of type [RefAxis] in Wrist(1) to Wrist(2) link-1
2025-12-25 19:19:13,144 INFO  ExportHelperExtension.cs: 1125 - Retrieving features of type [RefAxis] from Wrist(3) to End link_2023-1
2025-12-25 19:19:13,144 INFO  ExportHelperExtension.cs: 1136 - Found 47 in Wrist(3) to End link_2023-1
2025-12-25 19:19:13,144 INFO  ExportHelperExtension.cs: 1145 - Found 0 features of type [RefAxis] in Wrist(3) to End link_2023-1
2025-12-25 19:19:13,213 INFO  ExportPropertyManager.cs: 1142 - AfterClose called. This method no longer throws an Exception. It just silently does nothing. Ok, except for this logging message
2025-12-25 19:19:17,697 INFO  AssemblyExportForm.cs: 253 - Completing URDF export
2025-12-25 19:19:17,700 INFO  ConfigurationSerialization.cs: 276 - URDF Configuration found
<Link z:Id="i1" xmlns="http://schemas.datacontract.org/2004/07/SW2URDF" xmlns:i="http://www.w3.org/2001/XMLSchema-instance" xmlns:z="http://schemas.microsoft.com/2003/10/Serialization/"><Attributes><Attribute z:Id="i2"><AttributeType>name</AttributeType><IsRequired>true</IsRequired><Value i:type="a:string" xmlns:a="http://www.w3.org/2001/XMLSchema">base_link</Value></Attribute></Attributes><ChildElements><URDFElement z:Id="i3" i:type="Inertial"><Attributes/><ChildElements><URDFElement z:Id="i4" i:type="Origin"><Attributes><Attribute z:Id="i5"><AttributeType>xyz</AttributeType><IsRequired>true</IsRequired><Value i:type="a:ArrayOfdouble" xmlns:a="http://schemas.microsoft.com/2003/10/Serialization/Arrays"><a:double>0</a:double><a:double>0</a:double><a:double>0</a:double></Value></Attribute><Attribute z:Id="i6"><AttributeType>rpy</AttributeType><IsRequired>true</IsRequired><Value i:type="a:ArrayOfdouble" xmlns:a="http://schemas.microsoft.com/2003/10/Serialization/Arrays"><a:double>0</a:double><a:double>0</a:double><a:double>0</a:double></Value></Attribute></Attributes><ChildElements/><ElementName>origin</ElementName><required>false</required><RPYAttribute z:Ref="i6"/><XYZAttribute z:Ref="i5"/><isCustomized>false</isCustomized></URDFElement><URDFElement z:Id="i7" i:type="Mass"><Attributes><Attribute z:Id="i8"><AttributeType>value</AttributeType><IsRequired>true</IsRequired><Value i:type="a:double" xmlns:a="http://www.w3.org/2001/XMLSchema">0</Value></Attribute></Attributes><ChildElements/><ElementName>mass</ElementName><required>false</required><ValueAttribute z:Ref="i8"/></URDFElement><URDFElement z:Id="i9" i:type="Inertia"><Attributes><Attribute z:Id="i10"><AttributeType>ixx</AttributeType><IsRequired>true</IsRequired><Value i:type="a:double" xmlns:a="http://www.w3.org/2001/XMLSchema">0</Value></Attribute><Attribute z:Id="i11"><AttributeType>ixy</AttributeType><IsRequired>true</IsRequired><Value i:type="a:double" xmlns:a="http://www.w3.org/2001/XMLSchema">0</Value></Attribute><Attribute z:Id="i12"><AttributeType>ixz</AttributeType><IsRequired>true</IsRequired><Value i:type="a:double" xmlns:a="http://www.w3.org/2001/XMLSchema">0</Value></Attribute><Attribute z:Id="i13"><AttributeType>iyy</AttributeType><IsRequired>true</IsRequired><Value i:type="a:double" xmlns:a="http://www.w3.org/2001/XMLSchema">0</Value></Attribute><Attribute z:Id="i14"><AttributeType>iyz</AttributeType><IsRequired>true</IsRequired><Value i:type="a:double" xmlns:a="http://www.w3.org/2001/XMLSchema">0</Value></Attribute><Attribute z:Id="i15"><AttributeType>izz</AttributeType><IsRequired>true</IsRequired><Value i:type="a:double" xmlns:a="http://www.w3.org/2001/XMLSchema">0</Value></Attribute></Attributes><ChildElements/><ElementName>inertia</ElementName><required>false</required><IxxAttribute z:Ref="i10"/><IxyAttribute z:Ref="i11"/><IxzAttribute z:Ref="i12"/><IyyAttribute z:Ref="i13"/><IyzAttribute z:Ref="i14"/><IzzAttribute z:Ref="i15"/></URDFElement></ChildElements><ElementName>inertial</ElementName><required>false</required><Inertia z:Ref="i9"/><Mass z:Ref="i7"/><Origin z:Ref="i4"/></URDFElement><URDFElement z:Id="i16" i:type="Visual"><Attributes/><ChildElements><URDFElement z:Id="i17" i:type="Origin"><Attributes><Attribute z:Id="i18"><AttributeType>xyz</AttributeType><IsRequired>true</IsRequired><Value i:type="a:ArrayOfdouble" xmlns:a="http://schemas.microsoft.com/2003/10/Serialization/Arrays"><a:double>0</a:double><a:double>0</a:double><a:double>0</a:double></Value></Attribute><Attribute z:Id="i19"><AttributeType>rpy</AttributeType><IsRequired>true</IsRequired><Value i:type="a:ArrayOfdouble" xmlns:a="http://schemas.microsoft.com/2003/10/Serialization/Arrays"><a:double>0</a:double><a:double>0</a:double><a:double>0</a:double></Value></Attribute></Attributes><ChildElements/><ElementName>origin</ElementName><required>false</required><RPYAttribute z:Ref="i19"/><XYZAttribute z:Ref="i18"/><isCustomized>false</isCustomized></URDFElement><URDFElement z:Id="i20" i:type="Geometry"><Attributes/><ChildElements><URDFElement z:Id="i21" i:type="Mesh"><Attributes><Attribute z:Id="i22"><AttributeType>filename</AttributeType><IsRequired>true</IsRequired><Value i:nil="true"/></Attribute></Attributes><ChildElements/><ElementName>mesh</ElementName><required>false</required><FilenameAttribute z:Ref="i22"/></URDFElement></ChildElements><ElementName>geometry</ElementName><required>true</required><Mesh z:Ref="i21"/></URDFElement><URDFElement z:Id="i23" i:type="Material"><Attributes><Attribute z:Id="i24"><AttributeType>name</AttributeType><IsRequired>true</IsRequired><Value i:type="a:string" xmlns:a="http://www.w3.org/2001/XMLSchema"/></Attribute></Attributes><ChildElements><URDFElement z:Id="i25" i:type="Color"><Attributes><Attribute z:Id="i26"><AttributeType>rgba</AttributeType><IsRequired>true</IsRequired><Value i:type="a:ArrayOfdouble" xmlns:a="http://schemas.microsoft.com/2003/10/Serialization/Arrays"><a:double>1</a:double><a:double>1</a:double><a:double>1</a:double><a:double>1</a:double></Value></Attribute></Attributes><ChildElements/><ElementName>color</ElementName><required>false</required><RGBAAttribute z:Ref="i26"/></URDFElement><URDFElement z:Id="i27" i:type="Texture"><Attributes><Attribute z:Id="i28"><AttributeType>filename</AttributeType><IsRequired>true</IsRequired><Value i:nil="true"/></Attribute></Attributes><ChildElements/><ElementName>texture</ElementName><required>false</required><FilenameAttribute z:Ref="i28"/><wFilename/></URDFElement></ChildElements><ElementName>material</ElementName><required>false</required><Color z:Ref="i25"/><NameAttribute z:Ref="i24"/><Texture z:Ref="i27"/></URDFElement></ChildElements><ElementName>visual</ElementName><required>false</required><Geometry z:Ref="i20"/><Material z:Ref="i23"/><Origin z:Ref="i17"/></URDFElement><URDFElement z:Id="i29" i:type="Collision"><Attributes/><ChildElements><URDFElement z:Id="i30" i:type="Origin"><Attributes><Attribute z:Id="i31"><AttributeType>xyz</AttributeType><IsRequired>true</IsRequired><Value i:type="a:ArrayOfdouble" xmlns:a="http://schemas.microsoft.com/2003/10/Serialization/Arrays"><a:double>0</a:double><a:double>0</a:double><a:double>0</a:double></Value></Attribute><Attribute z:Id="i32"><AttributeType>rpy</AttributeType><IsRequired>true</IsRequired><Value i:type="a:ArrayOfdouble" xmlns:a="http://schemas.microsoft.com/2003/10/Serialization/Arrays"><a:double>0</a:double><a:double>0</a:double><a:double>0</a:double></Value></Attribute></Attributes><ChildElements/><ElementName>origin</ElementName><required>false</required><RPYAttribute z:Ref="i32"/><XYZAttribute z:Ref="i31"/><isCustomized>false</isCustomized></URDFElement><URDFElement z:Id="i33" i:type="Geometry"><Attributes/><ChildElements><URDFElement z:Id="i34" i:type="Mesh"><Attributes><Attribute z:Id="i35"><AttributeType>filename</AttributeType><IsRequired>true</IsRequired><Value i:nil="true"/></Attribute></Attributes><ChildElements/><ElementName>mesh</ElementName><required>false</required><FilenameAttribute z:Ref="i35"/></URDFElement></ChildElements><ElementName>geometry</ElementName><required>true</required><Mesh z:Ref="i34"/></URDFElement></ChildElements><ElementName>collision</ElementName><required>false</required><Geometry z:Ref="i33"/><Origin z:Ref="i30"/></URDFElement><URDFElement z:Id="i36" i:type="Joint"><Attributes><Attribute z:Id="i37"><AttributeType>name</AttributeType><IsRequired>true</IsRequired><Value i:type="a:string" xmlns:a="http://www.w3.org/2001/XMLSchema"/></Attribute><Attribute z:Id="i38"><AttributeType>type</AttributeType><IsRequired>true</IsRequired><Value i:type="a:string" xmlns:a="http://www.w3.org/2001/XMLSchema"/></Attribute></Attributes><ChildElements><URDFElement z:Id="i39" i:type="Origin"><Attributes><Attribute z:Id="i40"><AttributeType>xyz</AttributeType><IsRequired>true</IsRequired><Value i:type="a:ArrayOfdouble" xmlns:a="http://schemas.microsoft.com/2003/10/Serialization/Arrays"><a:double>0</a:double><a:double>0</a:double><a:double>0</a:double></Value></Attribute><Attribute z:Id="i41"><AttributeType>rpy</AttributeType><IsRequired>true</IsRequired><Value i:type="a:ArrayOfdouble" xmlns:a="http://schemas.microsoft.com/2003/10/Serialization/Arrays"><a:double>0</a:double><a:double>0</a:double><a:double>0</a:double></Value></Attribute></Attributes><ChildElements/><ElementName>origin</ElementName><required>false</required><RPYAttribute z:Ref="i41"/><XYZAttribute z:Ref="i40"/><isCustomized>false</isCustomized></URDFElement><URDFElement z:Id="i42" i:type="ParentLink"><Attributes><Attribute z:Id="i43"><AttributeType>link</AttributeType><IsRequired>true</IsRequired><Value i:type="a:string" xmlns:a="http://www.w3.org/2001/XMLSchema"/></Attribute></Attributes><ChildElements/><ElementName>parent</ElementName><required>true</required><NameAttribute z:Ref="i43"/></URDFElement><URDFElement z:Id="i44" i:type="ChildLink"><Attributes><Attribute z:Id="i45"><AttributeType>link</AttributeType><IsRequired>true</IsRequired><Value i:type="a:string" xmlns:a="http://www.w3.org/2001/XMLSchema"/></Attribute></Attributes><ChildElements/><ElementName>child</ElementName><required>true</required><NameAttribute z:Ref="i45"/></URDFElement><URDFElement z:Id="i46" i:type="Axis"><Attributes><Attribute z:Id="i47"><AttributeType>xyz</AttributeType><IsRequired>true</IsRequired><Value i:type="a:ArrayOfdouble" xmlns:a="http://schemas.microsoft.com/2003/10/Serialization/Arrays"><a:double>0</a:double><a:double>0</a:double><a:double>0</a:double></Value></Attribute></Attributes><ChildElements/><ElementName>axis</ElementName><required>false</required><XYZAttribute z:Ref="i47"/></URDFElement><URDFElement z:Id="i48" i:type="Limit"><Attributes><Attribute z:Id="i49"><AttributeType>lower</AttributeType><IsRequired>false</IsRequired><Value i:nil="true"/></Attribute><Attribute z:Id="i50"><AttributeType>upper</AttributeType><IsRequired>false</IsRequired><Value i:nil="true"/></Attribute><Attribute z:Id="i51"><AttributeType>effort</AttributeType><IsRequired>true</IsRequired><Value i:nil="true"/></Attribute><Attribute z:Id="i52"><AttributeType>velocity</AttributeType><IsRequired>true</IsRequired><Value i:nil="true"/></Attribute></Attributes><ChildElements/><ElementName>limit</ElementName><required>false</required><EffortAttribute z:Ref="i51"/><LowerAttribute z:Ref="i49"/><UpperAttribute z:Ref="i50"/><VelocityAttribute z:Ref="i52"/></URDFElement><URDFElement z:Id="i53" i:type="Calibration"><Attributes><Attribute z:Id="i54"><AttributeType>rising</AttributeType><IsRequired>false</IsRequired><Value i:nil="true"/></Attribute><Attribute z:Id="i55"><AttributeType>falling</AttributeType><IsRequired>false</IsRequired><Value i:nil="true"/></Attribute></Attributes><ChildElements/><ElementName>calibration</ElementName><required>false</required><FallingAttribute z:Ref="i55"/><RisingAttribute z:Ref="i54"/></URDFElement><URDFElement z:Id="i56" i:type="Dynamics"><Attributes><Attribute z:Id="i57"><AttributeType>damping</AttributeType><IsRequired>false</IsRequired><Value i:nil="true"/></Attribute><Attribute z:Id="i58"><AttributeType>friction</AttributeType><IsRequired>false</IsRequired><Value i:nil="true"/></Attribute></Attributes><ChildElements/><ElementName>dynamics</ElementName><required>false</required><DampingAttribute z:Ref="i57"/><FrictionAttribute z:Ref="i58"/></URDFElement><URDFElement z:Id="i59" i:type="SafetyController"><Attributes><Attribute z:Id="i60"><AttributeType>soft_upper_limit</AttributeType><IsRequired>false</IsRequired><Value i:nil="true"/></Attribute><Attribute z:Id="i61"><AttributeType>soft_lower_limit</AttributeType><IsRequired>false</IsRequired><Value i:nil="true"/></Attribute><Attribute z:Id="i62"><AttributeType>k_position</AttributeType><IsRequired>false</IsRequired><Value i:nil="true"/></Attribute><Attribute z:Id="i63"><AttributeType>k_velocity</AttributeType><IsRequired>true</IsRequired><Value i:nil="true"/></Attribute></Attributes><ChildElements/><ElementName>safety_controller</ElementName><required>false</required><KPositionAttribute z:Ref="i62"/><KVelocityAttribute z:Ref="i63"/><SoftLowerAttribute z:Ref="i61"/><SoftUpperAttribute z:Ref="i60"/></URDFElement><URDFElement z:Id="i64" i:type="Mimic"><Attributes><Attribute z:Id="i65"><AttributeType>joint</AttributeType><IsRequired>true</IsRequired><Value i:nil="true"/></Attribute><Attribute z:Id="i66"><AttributeType>multiplier</AttributeType><IsRequired>false</IsRequired><Value i:nil="true"/></Attribute><Attribute z:Id="i67"><AttributeType>offset</AttributeType><IsRequired>false</IsRequired><Value i:nil="true"/></Attribute></Attributes><ChildElements/><ElementName>mimic</ElementName><required>false</required><JointNameAttribute z:Ref="i65"/><MultiplierAttribute z:Ref="i66"/><OffsetAttribute z:Ref="i67"/></URDFElement></ChildElements><ElementName>joint</ElementName><required>false</required><Axis z:Ref="i46"/><AxisName/><Calibration z:Ref="i53"/><Child z:Ref="i44"/><CoordinateSystemName>Automatically Generate</CoordinateSystemName><Dynamics z:Ref="i56"/><Limit z:Ref="i48"/><Mimic z:Ref="i64"/><NameAttribute z:Ref="i37"/><Origin z:Ref="i39"/><Parent z:Ref="i42"/><Safety z:Ref="i59"/><TypeAttribute z:Ref="i38"/></URDFElement></ChildElements><ElementName>link</ElementName><required>true</required><Children><Link z:Id="i68"><Attributes><Attribute z:Id="i69"><AttributeType>name</AttributeType><IsRequired>true</IsRequired><Value i:type="a:string" xmlns:a="http://www.w3.org/2001/XMLSchema">Link1</Value></Attribute></Attributes><ChildElements><URDFElement z:Id="i70" i:type="Inertial"><Attributes/><ChildElements><URDFElement z:Id="i71" i:type="Origin"><Attributes><Attribute z:Id="i72"><AttributeType>xyz</AttributeType><IsRequired>true</IsRequired><Value i:type="a:ArrayOfdouble" xmlns:a="http://schemas.microsoft.com/2003/10/Serialization/Arrays"><a:double>0</a:double><a:double>0</a:double><a:double>0</a:double></Value></Attribute><Attribute z:Id="i73"><AttributeType>rpy</AttributeType><IsRequired>true</IsRequired><Value i:type="a:ArrayOfdouble" xmlns:a="http://schemas.microsoft.com/2003/10/Serialization/Arrays"><a:double>0</a:double><a:double>0</a:double><a:double>0</a:double></Value></Attribute></Attributes><ChildElements/><ElementName>origin</ElementName><required>false</required><RPYAttribute z:Ref="i73"/><XYZAttribute z:Ref="i72"/><isCustomized>false</isCustomized></URDFElement><URDFElement z:Id="i74" i:type="Mass"><Attributes><Attribute z:Id="i75"><AttributeType>value</AttributeType><IsRequired>true</IsRequired><Value i:type="a:double" xmlns:a="http://www.w3.org/2001/XMLSchema">0</Value></Attribute></Attributes><ChildElements/><ElementName>mass</ElementName><required>false</required><ValueAttribute z:Ref="i75"/></URDFElement><URDFElement z:Id="i76" i:type="Inertia"><Attributes><Attribute z:Id="i77"><AttributeType>ixx</AttributeType><IsRequired>true</IsRequired><Value i:type="a:double" xmlns:a="http://www.w3.org/2001/XMLSchema">0</Value></Attribute><Attribute z:Id="i78"><AttributeType>ixy</AttributeType><IsRequired>true</IsRequired><Value i:type="a:double" xmlns:a="http://www.w3.org/2001/XMLSchema">0</Value></Attribute><Attribute z:Id="i79"><AttributeType>ixz</AttributeType><IsRequired>true</IsRequired><Value i:type="a:double" xmlns:a="http://www.w3.org/2001/XMLSchema">0</Value></Attribute><Attribute z:Id="i80"><AttributeType>iyy</AttributeType><IsRequired>true</IsRequired><Value i:type="a:double" xmlns:a="http://www.w3.org/2001/XMLSchema">0</Value></Attribute><Attribute z:Id="i81"><AttributeType>iyz</AttributeType><IsRequired>true</IsRequired><Value i:type="a:double" xmlns:a="http://www.w3.org/2001/XMLSchema">0</Value></Attribute><Attribute z:Id="i82"><AttributeType>izz</AttributeType><IsRequired>true</IsRequired><Value i:type="a:double" xmlns:a="http://www.w3.org/2001/XMLSchema">0</Value></Attribute></Attributes><ChildElements/><ElementName>inertia</ElementName><required>false</required><IxxAttribute z:Ref="i77"/><IxyAttribute z:Ref="i78"/><IxzAttribute z:Ref="i79"/><IyyAttribute z:Ref="i80"/><IyzAttribute z:Ref="i81"/><IzzAttribute z:Ref="i82"/></URDFElement></ChildElements><ElementName>inertial</ElementName><required>false</required><Inertia z:Ref="i76"/><Mass z:Ref="i74"/><Origin z:Ref="i71"/></URDFElement><URDFElement z:Id="i83" i:type="Visual"><Attributes/><ChildElements><URDFElement z:Id="i84" i:type="Origin"><Attributes><Attribute z:Id="i85"><AttributeType>xyz</AttributeType><IsRequired>true</IsRequired><Value i:type="a:ArrayOfdouble" xmlns:a="http://schemas.microsoft.com/2003/10/Serialization/Arrays"><a:double>0</a:double><a:double>0</a:double><a:double>0</a:double></Value></Attribute><Attribute z:Id="i86"><AttributeType>rpy</AttributeType><IsRequired>true</IsRequired><Value i:type="a:ArrayOfdouble" xmlns:a="http://schemas.microsoft.com/2003/10/Serialization/Arrays"><a:double>0</a:double><a:double>0</a:double><a:double>0</a:double></Value></Attribute></Attributes><ChildElements/><ElementName>origin</ElementName><required>false</required><RPYAttribute z:Ref="i86"/><XYZAttribute z:Ref="i85"/><isCustomized>false</isCustomized></URDFElement><URDFElement z:Id="i87" i:type="Geometry"><Attributes/><ChildElements><URDFElement z:Id="i88" i:type="Mesh"><Attributes><Attribute z:Id="i89"><AttributeType>filename</AttributeType><IsRequired>true</IsRequired><Value i:nil="true"/></Attribute></Attributes><ChildElements/><ElementName>mesh</ElementName><required>false</required><FilenameAttribute z:Ref="i89"/></URDFElement></ChildElements><ElementName>geometry</ElementName><required>true</required><Mesh z:Ref="i88"/></URDFElement><URDFElement z:Id="i90" i:type="Material"><Attributes><Attribute z:Id="i91"><AttributeType>name</AttributeType><IsRequired>true</IsRequired><Value i:type="a:string" xmlns:a="http://www.w3.org/2001/XMLSchema"/></Attribute></Attributes><ChildElements><URDFElement z:Id="i92" i:type="Color"><Attributes><Attribute z:Id="i93"><AttributeType>rgba</AttributeType><IsRequired>true</IsRequired><Value i:type="a:ArrayOfdouble" xmlns:a="http://schemas.microsoft.com/2003/10/Serialization/Arrays"><a:double>1</a:double><a:double>1</a:double><a:double>1</a:double><a:double>1</a:double></Value></Attribute></Attributes><ChildElements/><ElementName>color</ElementName><required>false</required><RGBAAttribute z:Ref="i93"/></URDFElement><URDFElement z:Id="i94" i:type="Texture"><Attributes><Attribute z:Id="i95"><AttributeType>filename</AttributeType><IsRequired>true</IsRequired><Value i:nil="true"/></Attribute></Attributes><ChildElements/><ElementName>texture</ElementName><required>false</required><FilenameAttribute z:Ref="i95"/><wFilename/></URDFElement></ChildElements><ElementName>material</ElementName><required>false</required><Color z:Ref="i92"/><NameAttribute z:Ref="i91"/><Texture z:Ref="i94"/></URDFElement></ChildElements><ElementName>visual</ElementName><required>false</required><Geometry z:Ref="i87"/><Material z:Ref="i90"/><Origin z:Ref="i84"/></URDFElement><URDFElement z:Id="i96" i:type="Collision"><Attributes/><ChildElements><URDFElement z:Id="i97" i:type="Origin"><Attributes><Attribute z:Id="i98"><AttributeType>xyz</AttributeType><IsRequired>true</IsRequired><Value i:type="a:ArrayOfdouble" xmlns:a="http://schemas.microsoft.com/2003/10/Serialization/Arrays"><a:double>0</a:double><a:double>0</a:double><a:double>0</a:double></Value></Attribute><Attribute z:Id="i99"><AttributeType>rpy</AttributeType><IsRequired>true</IsRequired><Value i:type="a:ArrayOfdouble" xmlns:a="http://schemas.microsoft.com/2003/10/Serialization/Arrays"><a:double>0</a:double><a:double>0</a:double><a:double>0</a:double></Value></Attribute></Attributes><ChildElements/><ElementName>origin</ElementName><required>false</required><RPYAttribute z:Ref="i99"/><XYZAttribute z:Ref="i98"/><isCustomized>false</isCustomized></URDFElement><URDFElement z:Id="i100" i:type="Geometry"><Attributes/><ChildElements><URDFElement z:Id="i101" i:type="Mesh"><Attributes><Attribute z:Id="i102"><AttributeType>filename</AttributeType><IsRequired>true</IsRequired><Value i:nil="true"/></Attribute></Attributes><ChildElements/><ElementName>mesh</ElementName><required>false</required><FilenameAttribute z:Ref="i102"/></URDFElement></ChildElements><ElementName>geometry</ElementName><required>true</required><Mesh z:Ref="i101"/></URDFElement></ChildElements><ElementName>collision</ElementName><required>false</required><Geometry z:Ref="i100"/><Origin z:Ref="i97"/></URDFElement><URDFElement z:Id="i103" i:type="Joint"><Attributes><Attribute z:Id="i104"><AttributeType>name</AttributeType><IsRequired>true</IsRequired><Value i:type="a:string" xmlns:a="http://www.w3.org/2001/XMLSchema">joint1</Value></Attribute><Attribute z:Id="i105"><AttributeType>type</AttributeType><IsRequired>true</IsRequired><Value i:type="a:string" xmlns:a="http://www.w3.org/2001/XMLSchema">Automatically Detect</Value></Attribute></Attributes><ChildElements><URDFElement z:Id="i106" i:type="Origin"><Attributes><Attribute z:Id="i107"><AttributeType>xyz</AttributeType><IsRequired>true</IsRequired><Value i:type="a:ArrayOfdouble" xmlns:a="http://schemas.microsoft.com/2003/10/Serialization/Arrays"><a:double>0</a:double><a:double>0</a:double><a:double>0</a:double></Value></Attribute><Attribute z:Id="i108"><AttributeType>rpy</AttributeType><IsRequired>true</IsRequired><Value i:type="a:ArrayOfdouble" xmlns:a="http://schemas.microsoft.com/2003/10/Serialization/Arrays"><a:double>0</a:double><a:double>0</a:double><a:double>0</a:double></Value></Attribute></Attributes><ChildElements/><ElementName>origin</ElementName><required>false</required><RPYAttribute z:Ref="i108"/><XYZAttribute z:Ref="i107"/><isCustomized>false</isCustomized></URDFElement><URDFElement z:Id="i109" i:type="ParentLink"><Attributes><Attribute z:Id="i110"><AttributeType>link</AttributeType><IsRequired>true</IsRequired><Value i:type="a:string" xmlns:a="http://www.w3.org/2001/XMLSchema"/></Attribute></Attributes><ChildElements/><ElementName>parent</ElementName><required>true</required><NameAttribute z:Ref="i110"/></URDFElement><URDFElement z:Id="i111" i:type="ChildLink"><Attributes><Attribute z:Id="i112"><AttributeType>link</AttributeType><IsRequired>true</IsRequired><Value i:type="a:string" xmlns:a="http://www.w3.org/2001/XMLSchema"/></Attribute></Attributes><ChildElements/><ElementName>child</ElementName><required>true</required><NameAttribute z:Ref="i112"/></URDFElement><URDFElement z:Id="i113" i:type="Axis"><Attributes><Attribute z:Id="i114"><AttributeType>xyz</AttributeType><IsRequired>true</IsRequired><Value i:type="a:ArrayOfdouble" xmlns:a="http://schemas.microsoft.com/2003/10/Serialization/Arrays"><a:double>0</a:double><a:double>0</a:double><a:double>0</a:double></Value></Attribute></Attributes><ChildElements/><ElementName>axis</ElementName><required>false</required><XYZAttribute z:Ref="i114"/></URDFElement><URDFElement z:Id="i115" i:type="Limit"><Attributes><Attribute z:Id="i116"><AttributeType>lower</AttributeType><IsRequired>false</IsRequired><Value i:nil="true"/></Attribute><Attribute z:Id="i117"><AttributeType>upper</AttributeType><IsRequired>false</IsRequired><Value i:nil="true"/></Attribute><Attribute z:Id="i118"><AttributeType>effort</AttributeType><IsRequired>true</IsRequired><Value i:nil="true"/></Attribute><Attribute z:Id="i119"><AttributeType>velocity</AttributeType><IsRequired>true</IsRequired><Value i:nil="true"/></Attribute></Attributes><ChildElements/><ElementName>limit</ElementName><required>false</required><EffortAttribute z:Ref="i118"/><LowerAttribute z:Ref="i116"/><UpperAttribute z:Ref="i117"/><VelocityAttribute z:Ref="i119"/></URDFElement><URDFElement z:Id="i120" i:type="Calibration"><Attributes><Attribute z:Id="i121"><AttributeType>rising</AttributeType><IsRequired>false</IsRequired><Value i:nil="true"/></Attribute><Attribute z:Id="i122"><AttributeType>falling</AttributeType><IsRequired>false</IsRequired><Value i:nil="true"/></Attribute></Attributes><ChildElements/><ElementName>calibration</ElementName><required>false</required><FallingAttribute z:Ref="i122"/><RisingAttribute z:Ref="i121"/></URDFElement><URDFElement z:Id="i123" i:type="Dynamics"><Attributes><Attribute z:Id="i124"><AttributeType>damping</AttributeType><IsRequired>false</IsRequired><Value i:nil="true"/></Attribute><Attribute z:Id="i125"><AttributeType>friction</AttributeType><IsRequired>false</IsRequired><Value i:nil="true"/></Attribute></Attributes><ChildElements/><ElementName>dynamics</ElementName><required>false</required><DampingAttribute z:Ref="i124"/><FrictionAttribute z:Ref="i125"/></URDFElement><URDFElement z:Id="i126" i:type="SafetyController"><Attributes><Attribute z:Id="i127"><AttributeType>soft_upper_limit</AttributeType><IsRequired>false</IsRequired><Value i:nil="true"/></Attribute><Attribute z:Id="i128"><AttributeType>soft_lower_limit</AttributeType><IsRequired>false</IsRequired><Value i:nil="true"/></Attribute><Attribute z:Id="i129"><AttributeType>k_position</AttributeType><IsRequired>false</IsRequired><Value i:nil="true"/></Attribute><Attribute z:Id="i130"><AttributeType>k_velocity</AttributeType><IsRequired>true</IsRequired><Value i:nil="true"/></Attribute></Attributes><ChildElements/><ElementName>safety_controller</ElementName><required>false</required><KPositionAttribute z:Ref="i129"/><KVelocityAttribute z:Ref="i130"/><SoftLowerAttribute z:Ref="i128"/><SoftUpperAttribute z:Ref="i127"/></URDFElement><URDFElement z:Id="i131" i:type="Mimic"><Attributes><Attribute z:Id="i132"><AttributeType>joint</AttributeType><IsRequired>true</IsRequired><Value i:nil="true"/></Attribute><Attribute z:Id="i133"><AttributeType>multiplier</AttributeType><IsRequired>false</IsRequired><Value i:nil="true"/></Attribute><Attribute z:Id="i134"><AttributeType>offset</AttributeType><IsRequired>false</IsRequired><Value i:nil="true"/></Attribute></Attributes><ChildElements/><ElementName>mimic</ElementName><required>false</required><JointNameAttribute z:Ref="i132"/><MultiplierAttribute z:Ref="i133"/><OffsetAttribute z:Ref="i134"/></URDFElement></ChildElements><ElementName>joint</ElementName><required>false</required><Axis z:Ref="i113"/><AxisName>Automatically Generate</AxisName><Calibration z:Ref="i120"/><Child z:Ref="i111"/><CoordinateSystemName>Automatically Generate</CoordinateSystemName><Dynamics z:Ref="i123"/><Limit z:Ref="i115"/><Mimic z:Ref="i131"/><NameAttribute z:Ref="i104"/><Origin z:Ref="i106"/><Parent z:Ref="i109"/><Safety z:Ref="i126"/><TypeAttribute z:Ref="i105"/></URDFElement></ChildElements><ElementName>link</ElementName><required>true</required><Children><Link z:Id="i135"><Attributes><Attribute z:Id="i136"><AttributeType>name</AttributeType><IsRequired>true</IsRequired><Value i:type="a:string" xmlns:a="http://www.w3.org/2001/XMLSchema">Link2</Value></Attribute></Attributes><ChildElements><URDFElement z:Id="i137" i:type="Inertial"><Attributes/><ChildElements><URDFElement z:Id="i138" i:type="Origin"><Attributes><Attribute z:Id="i139"><AttributeType>xyz</AttributeType><IsRequired>true</IsRequired><Value i:type="a:ArrayOfdouble" xmlns:a="http://schemas.microsoft.com/2003/10/Serialization/Arrays"><a:double>0</a:double><a:double>0</a:double><a:double>0</a:double></Value></Attribute><Attribute z:Id="i140"><AttributeType>rpy</AttributeType><IsRequired>true</IsRequired><Value i:type="a:ArrayOfdouble" xmlns:a="http://schemas.microsoft.com/2003/10/Serialization/Arrays"><a:double>0</a:double><a:double>0</a:double><a:double>0</a:double></Value></Attribute></Attributes><ChildElements/><ElementName>origin</ElementName><required>false</required><RPYAttribute z:Ref="i140"/><XYZAttribute z:Ref="i139"/><isCustomized>false</isCustomized></URDFElement><URDFElement z:Id="i141" i:type="Mass"><Attributes><Attribute z:Id="i142"><AttributeType>value</AttributeType><IsRequired>true</IsRequired><Value i:type="a:double" xmlns:a="http://www.w3.org/2001/XMLSchema">0</Value></Attribute></Attributes><ChildElements/><ElementName>mass</ElementName><required>false</required><ValueAttribute z:Ref="i142"/></URDFElement><URDFElement z:Id="i143" i:type="Inertia"><Attributes><Attribute z:Id="i144"><AttributeType>ixx</AttributeType><IsRequired>true</IsRequired><Value i:type="a:double" xmlns:a="http://www.w3.org/2001/XMLSchema">0</Value></Attribute><Attribute z:Id="i145"><AttributeType>ixy</AttributeType><IsRequired>true</IsRequired><Value i:type="a:double" xmlns:a="http://www.w3.org/2001/XMLSchema">0</Value></Attribute><Attribute z:Id="i146"><AttributeType>ixz</AttributeType><IsRequired>true</IsRequired><Value i:type="a:double" xmlns:a="http://www.w3.org/2001/XMLSchema">0</Value></Attribute><Attribute z:Id="i147"><AttributeType>iyy</AttributeType><IsRequired>true</IsRequired><Value i:type="a:double" xmlns:a="http://www.w3.org/2001/XMLSchema">0</Value></Attribute><Attribute z:Id="i148"><AttributeType>iyz</AttributeType><IsRequired>true</IsRequired><Value i:type="a:double" xmlns:a="http://www.w3.org/2001/XMLSchema">0</Value></Attribute><Attribute z:Id="i149"><AttributeType>izz</AttributeType><IsRequired>true</IsRequired><Value i:type="a:double" xmlns:a="http://www.w3.org/2001/XMLSchema">0</Value></Attribute></Attributes><ChildElements/><ElementName>inertia</ElementName><required>false</required><IxxAttribute z:Ref="i144"/><IxyAttribute z:Ref="i145"/><IxzAttribute z:Ref="i146"/><IyyAttribute z:Ref="i147"/><IyzAttribute z:Ref="i148"/><IzzAttribute z:Ref="i149"/></URDFElement></ChildElements><ElementName>inertial</ElementName><required>false</required><Inertia z:Ref="i143"/><Mass z:Ref="i141"/><Origin z:Ref="i138"/></URDFElement><URDFElement z:Id="i150" i:type="Visual"><Attributes/><ChildElements><URDFElement z:Id="i151" i:type="Origin"><Attributes><Attribute z:Id="i152"><AttributeType>xyz</AttributeType><IsRequired>true</IsRequired><Value i:type="a:ArrayOfdouble" xmlns:a="http://schemas.microsoft.com/2003/10/Serialization/Arrays"><a:double>0</a:double><a:double>0</a:double><a:double>0</a:double></Value></Attribute><Attribute z:Id="i153"><AttributeType>rpy</AttributeType><IsRequired>true</IsRequired><Value i:type="a:ArrayOfdouble" xmlns:a="http://schemas.microsoft.com/2003/10/Serialization/Arrays"><a:double>0</a:double><a:double>0</a:double><a:double>0</a:double></Value></Attribute></Attributes><ChildElements/><ElementName>origin</ElementName><required>false</required><RPYAttribute z:Ref="i153"/><XYZAttribute z:Ref="i152"/><isCustomized>false</isCustomized></URDFElement><URDFElement z:Id="i154" i:type="Geometry"><Attributes/><ChildElements><URDFElement z:Id="i155" i:type="Mesh"><Attributes><Attribute z:Id="i156"><AttributeType>filename</AttributeType><IsRequired>true</IsRequired><Value i:nil="true"/></Attribute></Attributes><ChildElements/><ElementName>mesh</ElementName><required>false</required><FilenameAttribute z:Ref="i156"/></URDFElement></ChildElements><ElementName>geometry</ElementName><required>true</required><Mesh z:Ref="i155"/></URDFElement><URDFElement z:Id="i157" i:type="Material"><Attributes><Attribute z:Id="i158"><AttributeType>name</AttributeType><IsRequired>true</IsRequired><Value i:type="a:string" xmlns:a="http://www.w3.org/2001/XMLSchema"/></Attribute></Attributes><ChildElements><URDFElement z:Id="i159" i:type="Color"><Attributes><Attribute z:Id="i160"><AttributeType>rgba</AttributeType><IsRequired>true</IsRequired><Value i:type="a:ArrayOfdouble" xmlns:a="http://schemas.microsoft.com/2003/10/Serialization/Arrays"><a:double>1</a:double><a:double>1</a:double><a:double>1</a:double><a:double>1</a:double></Value></Attribute></Attributes><ChildElements/><ElementName>color</ElementName><required>false</required><RGBAAttribute z:Ref="i160"/></URDFElement><URDFElement z:Id="i161" i:type="Texture"><Attributes><Attribute z:Id="i162"><AttributeType>filename</AttributeType><IsRequired>true</IsRequired><Value i:nil="true"/></Attribute></Attributes><ChildElements/><ElementName>texture</ElementName><required>false</required><FilenameAttribute z:Ref="i162"/><wFilename/></URDFElement></ChildElements><ElementName>material</ElementName><required>false</required><Color z:Ref="i159"/><NameAttribute z:Ref="i158"/><Texture z:Ref="i161"/></URDFElement></ChildElements><ElementName>visual</ElementName><required>false</required><Geometry z:Ref="i154"/><Material z:Ref="i157"/><Origin z:Ref="i151"/></URDFElement><URDFElement z:Id="i163" i:type="Collision"><Attributes/><ChildElements><URDFElement z:Id="i164" i:type="Origin"><Attributes><Attribute z:Id="i165"><AttributeType>xyz</AttributeType><IsRequired>true</IsRequired><Value i:type="a:ArrayOfdouble" xmlns:a="http://schemas.microsoft.com/2003/10/Serialization/Arrays"><a:double>0</a:double><a:double>0</a:double><a:double>0</a:double></Value></Attribute><Attribute z:Id="i166"><AttributeType>rpy</AttributeType><IsRequired>true</IsRequired><Value i:type="a:ArrayOfdouble" xmlns:a="http://schemas.microsoft.com/2003/10/Serialization/Arrays"><a:double>0</a:double><a:double>0</a:double><a:double>0</a:double></Value></Attribute></Attributes><ChildElements/><ElementName>origin</ElementName><required>false</required><RPYAttribute z:Ref="i166"/><XYZAttribute z:Ref="i165"/><isCustomized>false</isCustomized></URDFElement><URDFElement z:Id="i167" i:type="Geometry"><Attributes/><ChildElements><URDFElement z:Id="i168" i:type="Mesh"><Attributes><Attribute z:Id="i169"><AttributeType>filename</AttributeType><IsRequired>true</IsRequired><Value i:nil="true"/></Attribute></Attributes><ChildElements/><ElementName>mesh</ElementName><required>false</required><FilenameAttribute z:Ref="i169"/></URDFElement></ChildElements><ElementName>geometry</ElementName><required>true</required><Mesh z:Ref="i168"/></URDFElement></ChildElements><ElementName>collision</ElementName><required>false</required><Geometry z:Ref="i167"/><Origin z:Ref="i164"/></URDFElement><URDFElement z:Id="i170" i:type="Joint"><Attributes><Attribute z:Id="i171"><AttributeType>name</AttributeType><IsRequired>true</IsRequired><Value i:type="a:string" xmlns:a="http://www.w3.org/2001/XMLSchema">joint2</Value></Attribute><Attribute z:Id="i172"><AttributeType>type</AttributeType><IsRequired>true</IsRequired><Value i:type="a:string" xmlns:a="http://www.w3.org/2001/XMLSchema">Automatically Detect</Value></Attribute></Attributes><ChildElements><URDFElement z:Id="i173" i:type="Origin"><Attributes><Attribute z:Id="i174"><AttributeType>xyz</AttributeType><IsRequired>true</IsRequired><Value i:type="a:ArrayOfdouble" xmlns:a="http://schemas.microsoft.com/2003/10/Serialization/Arrays"><a:double>0</a:double><a:double>0</a:double><a:double>0</a:double></Value></Attribute><Attribute z:Id="i175"><AttributeType>rpy</AttributeType><IsRequired>true</IsRequired><Value i:type="a:ArrayOfdouble" xmlns:a="http://schemas.microsoft.com/2003/10/Serialization/Arrays"><a:double>0</a:double><a:double>0</a:double><a:double>0</a:double></Value></Attribute></Attributes><ChildElements/><ElementName>origin</ElementName><required>false</required><RPYAttribute z:Ref="i175"/><XYZAttribute z:Ref="i174"/><isCustomized>false</isCustomized></URDFElement><URDFElement z:Id="i176" i:type="ParentLink"><Attributes><Attribute z:Id="i177"><AttributeType>link</AttributeType><IsRequired>true</IsRequired><Value i:type="a:string" xmlns:a="http://www.w3.org/2001/XMLSchema"/></Attribute></Attributes><ChildElements/><ElementName>parent</ElementName><required>true</required><NameAttribute z:Ref="i177"/></URDFElement><URDFElement z:Id="i178" i:type="ChildLink"><Attributes><Attribute z:Id="i179"><AttributeType>link</AttributeType><IsRequired>true</IsRequired><Value i:type="a:string" xmlns:a="http://www.w3.org/2001/XMLSchema"/></Attribute></Attributes><ChildElements/><ElementName>child</ElementName><required>true</required><NameAttribute z:Ref="i179"/></URDFElement><URDFElement z:Id="i180" i:type="Axis"><Attributes><Attribute z:Id="i181"><AttributeType>xyz</AttributeType><IsRequired>true</IsRequired><Value i:type="a:ArrayOfdouble" xmlns:a="http://schemas.microsoft.com/2003/10/Serialization/Arrays"><a:double>0</a:double><a:double>0</a:double><a:double>0</a:double></Value></Attribute></Attributes><ChildElements/><ElementName>axis</ElementName><required>false</required><XYZAttribute z:Ref="i181"/></URDFElement><URDFElement z:Id="i182" i:type="Limit"><Attributes><Attribute z:Id="i183"><AttributeType>lower</AttributeType><IsRequired>false</IsRequired><Value i:nil="true"/></Attribute><Attribute z:Id="i184"><AttributeType>upper</AttributeType><IsRequired>false</IsRequired><Value i:nil="true"/></Attribute><Attribute z:Id="i185"><AttributeType>effort</AttributeType><IsRequired>true</IsRequired><Value i:nil="true"/></Attribute><Attribute z:Id="i186"><AttributeType>velocity</AttributeType><IsRequired>true</IsRequired><Value i:nil="true"/></Attribute></Attributes><ChildElements/><ElementName>limit</ElementName><required>false</required><EffortAttribute z:Ref="i185"/><LowerAttribute z:Ref="i183"/><UpperAttribute z:Ref="i184"/><VelocityAttribute z:Ref="i186"/></URDFElement><URDFElement z:Id="i187" i:type="Calibration"><Attributes><Attribute z:Id="i188"><AttributeType>rising</AttributeType><IsRequired>false</IsRequired><Value i:nil="true"/></Attribute><Attribute z:Id="i189"><AttributeType>falling</AttributeType><IsRequired>false</IsRequired><Value i:nil="true"/></Attribute></Attributes><ChildElements/><ElementName>calibration</ElementName><required>false</required><FallingAttribute z:Ref="i189"/><RisingAttribute z:Ref="i188"/></URDFElement><URDFElement z:Id="i190" i:type="Dynamics"><Attributes><Attribute z:Id="i191"><AttributeType>damping</AttributeType><IsRequired>false</IsRequired><Value i:nil="true"/></Attribute><Attribute z:Id="i192"><AttributeType>friction</AttributeType><IsRequired>false</IsRequired><Value i:nil="true"/></Attribute></Attributes><ChildElements/><ElementName>dynamics</ElementName><required>false</required><DampingAttribute z:Ref="i191"/><FrictionAttribute z:Ref="i192"/></URDFElement><URDFElement z:Id="i193" i:type="SafetyController"><Attributes><Attribute z:Id="i194"><AttributeType>soft_upper_limit</AttributeType><IsRequired>false</IsRequired><Value i:nil="true"/></Attribute><Attribute z:Id="i195"><AttributeType>soft_lower_limit</AttributeType><IsRequired>false</IsRequired><Value i:nil="true"/></Attribute><Attribute z:Id="i196"><AttributeType>k_position</AttributeType><IsRequired>false</IsRequired><Value i:nil="true"/></Attribute><Attribute z:Id="i197"><AttributeType>k_velocity</AttributeType><IsRequired>true</IsRequired><Value i:nil="true"/></Attribute></Attributes><ChildElements/><ElementName>safety_controller</ElementName><required>false</required><KPositionAttribute z:Ref="i196"/><KVelocityAttribute z:Ref="i197"/><SoftLowerAttribute z:Ref="i195"/><SoftUpperAttribute z:Ref="i194"/></URDFElement><URDFElement z:Id="i198" i:type="Mimic"><Attributes><Attribute z:Id="i199"><AttributeType>joint</AttributeType><IsRequired>true</IsRequired><Value i:nil="true"/></Attribute><Attribute z:Id="i200"><AttributeType>multiplier</AttributeType><IsRequired>false</IsRequired><Value i:nil="true"/></Attribute><Attribute z:Id="i201"><AttributeType>offset</AttributeType><IsRequired>false</IsRequired><Value i:nil="true"/></Attribute></Attributes><ChildElements/><ElementName>mimic</ElementName><required>false</required><JointNameAttribute z:Ref="i199"/><MultiplierAttribute z:Ref="i200"/><OffsetAttribute z:Ref="i201"/></URDFElement></ChildElements><ElementName>joint</ElementName><required>false</required><Axis z:Ref="i180"/><AxisName>Automatically Generate</AxisName><Calibration z:Ref="i187"/><Child z:Ref="i178"/><CoordinateSystemName>Automatically Generate</CoordinateSystemName><Dynamics z:Ref="i190"/><Limit z:Ref="i182"/><Mimic z:Ref="i198"/><NameAttribute z:Ref="i171"/><Origin z:Ref="i173"/><Parent z:Ref="i176"/><Safety z:Ref="i193"/><TypeAttribute z:Ref="i172"/></URDFElement></ChildElements><ElementName>link</ElementName><required>true</required><Children><Link z:Id="i202"><Attributes><Attribute z:Id="i203"><AttributeType>name</AttributeType><IsRequired>true</IsRequired><Value i:type="a:string" xmlns:a="http://www.w3.org/2001/XMLSchema">Link3</Value></Attribute></Attributes><ChildElements><URDFElement z:Id="i204" i:type="Inertial"><Attributes/><ChildElements><URDFElement z:Id="i205" i:type="Origin"><Attributes><Attribute z:Id="i206"><AttributeType>xyz</AttributeType><IsRequired>true</IsRequired><Value i:type="a:ArrayOfdouble" xmlns:a="http://schemas.microsoft.com/2003/10/Serialization/Arrays"><a:double>0</a:double><a:double>0</a:double><a:double>0</a:double></Value></Attribute><Attribute z:Id="i207"><AttributeType>rpy</AttributeType><IsRequired>true</IsRequired><Value i:type="a:ArrayOfdouble" xmlns:a="http://schemas.microsoft.com/2003/10/Serialization/Arrays"><a:double>0</a:double><a:double>0</a:double><a:double>0</a:double></Value></Attribute></Attributes><ChildElements/><ElementName>origin</ElementName><required>false</required><RPYAttribute z:Ref="i207"/><XYZAttribute z:Ref="i206"/><isCustomized>false</isCustomized></URDFElement><URDFElement z:Id="i208" i:type="Mass"><Attributes><Attribute z:Id="i209"><AttributeType>value</AttributeType><IsRequired>true</IsRequired><Value i:type="a:double" xmlns:a="http://www.w3.org/2001/XMLSchema">0</Value></Attribute></Attributes><ChildElements/><ElementName>mass</ElementName><required>false</required><ValueAttribute z:Ref="i209"/></URDFElement><URDFElement z:Id="i210" i:type="Inertia"><Attributes><Attribute z:Id="i211"><AttributeType>ixx</AttributeType><IsRequired>true</IsRequired><Value i:type="a:double" xmlns:a="http://www.w3.org/2001/XMLSchema">0</Value></Attribute><Attribute z:Id="i212"><AttributeType>ixy</AttributeType><IsRequired>true</IsRequired><Value i:type="a:double" xmlns:a="http://www.w3.org/2001/XMLSchema">0</Value></Attribute><Attribute z:Id="i213"><AttributeType>ixz</AttributeType><IsRequired>true</IsRequired><Value i:type="a:double" xmlns:a="http://www.w3.org/2001/XMLSchema">0</Value></Attribute><Attribute z:Id="i214"><AttributeType>iyy</AttributeType><IsRequired>true</IsRequired><Value i:type="a:double" xmlns:a="http://www.w3.org/2001/XMLSchema">0</Value></Attribute><Attribute z:Id="i215"><AttributeType>iyz</AttributeType><IsRequired>true</IsRequired><Value i:type="a:double" xmlns:a="http://www.w3.org/2001/XMLSchema">0</Value></Attribute><Attribute z:Id="i216"><AttributeType>izz</AttributeType><IsRequired>true</IsRequired><Value i:type="a:double" xmlns:a="http://www.w3.org/2001/XMLSchema">0</Value></Attribute></Attributes><ChildElements/><ElementName>inertia</ElementName><required>false</required><IxxAttribute z:Ref="i211"/><IxyAttribute z:Ref="i212"/><IxzAttribute z:Ref="i213"/><IyyAttribute z:Ref="i214"/><IyzAttribute z:Ref="i215"/><IzzAttribute z:Ref="i216"/></URDFElement></ChildElements><ElementName>inertial</ElementName><required>false</required><Inertia z:Ref="i210"/><Mass z:Ref="i208"/><Origin z:Ref="i205"/></URDFElement><URDFElement z:Id="i217" i:type="Visual"><Attributes/><ChildElements><URDFElement z:Id="i218" i:type="Origin"><Attributes><Attribute z:Id="i219"><AttributeType>xyz</AttributeType><IsRequired>true</IsRequired><Value i:type="a:ArrayOfdouble" xmlns:a="http://schemas.microsoft.com/2003/10/Serialization/Arrays"><a:double>0</a:double><a:double>0</a:double><a:double>0</a:double></Value></Attribute><Attribute z:Id="i220"><AttributeType>rpy</AttributeType><IsRequired>true</IsRequired><Value i:type="a:ArrayOfdouble" xmlns:a="http://schemas.microsoft.com/2003/10/Serialization/Arrays"><a:double>0</a:double><a:double>0</a:double><a:double>0</a:double></Value></Attribute></Attributes><ChildElements/><ElementName>origin</ElementName><required>false</required><RPYAttribute z:Ref="i220"/><XYZAttribute z:Ref="i219"/><isCustomized>false</isCustomized></URDFElement><URDFElement z:Id="i221" i:type="Geometry"><Attributes/><ChildElements><URDFElement z:Id="i222" i:type="Mesh"><Attributes><Attribute z:Id="i223"><AttributeType>filename</AttributeType><IsRequired>true</IsRequired><Value i:nil="true"/></Attribute></Attributes><ChildElements/><ElementName>mesh</ElementName><required>false</required><FilenameAttribute z:Ref="i223"/></URDFElement></ChildElements><ElementName>geometry</ElementName><required>true</required><Mesh z:Ref="i222"/></URDFElement><URDFElement z:Id="i224" i:type="Material"><Attributes><Attribute z:Id="i225"><AttributeType>name</AttributeType><IsRequired>true</IsRequired><Value i:type="a:string" xmlns:a="http://www.w3.org/2001/XMLSchema"/></Attribute></Attributes><ChildElements><URDFElement z:Id="i226" i:type="Color"><Attributes><Attribute z:Id="i227"><AttributeType>rgba</AttributeType><IsRequired>true</IsRequired><Value i:type="a:ArrayOfdouble" xmlns:a="http://schemas.microsoft.com/2003/10/Serialization/Arrays"><a:double>1</a:double><a:double>1</a:double><a:double>1</a:double><a:double>1</a:double></Value></Attribute></Attributes><ChildElements/><ElementName>color</ElementName><required>false</required><RGBAAttribute z:Ref="i227"/></URDFElement><URDFElement z:Id="i228" i:type="Texture"><Attributes><Attribute z:Id="i229"><AttributeType>filename</AttributeType><IsRequired>true</IsRequired><Value i:nil="true"/></Attribute></Attributes><ChildElements/><ElementName>texture</ElementName><required>false</required><FilenameAttribute z:Ref="i229"/><wFilename/></URDFElement></ChildElements><ElementName>material</ElementName><required>false</required><Color z:Ref="i226"/><NameAttribute z:Ref="i225"/><Texture z:Ref="i228"/></URDFElement></ChildElements><ElementName>visual</ElementName><required>false</required><Geometry z:Ref="i221"/><Material z:Ref="i224"/><Origin z:Ref="i218"/></URDFElement><URDFElement z:Id="i230" i:type="Collision"><Attributes/><ChildElements><URDFElement z:Id="i231" i:type="Origin"><Attributes><Attribute z:Id="i232"><AttributeType>xyz</AttributeType><IsRequired>true</IsRequired><Value i:type="a:ArrayOfdouble" xmlns:a="http://schemas.microsoft.com/2003/10/Serialization/Arrays"><a:double>0</a:double><a:double>0</a:double><a:double>0</a:double></Value></Attribute><Attribute z:Id="i233"><AttributeType>rpy</AttributeType><IsRequired>true</IsRequired><Value i:type="a:ArrayOfdouble" xmlns:a="http://schemas.microsoft.com/2003/10/Serialization/Arrays"><a:double>0</a:double><a:double>0</a:double><a:double>0</a:double></Value></Attribute></Attributes><ChildElements/><ElementName>origin</ElementName><required>false</required><RPYAttribute z:Ref="i233"/><XYZAttribute z:Ref="i232"/><isCustomized>false</isCustomized></URDFElement><URDFElement z:Id="i234" i:type="Geometry"><Attributes/><ChildElements><URDFElement z:Id="i235" i:type="Mesh"><Attributes><Attribute z:Id="i236"><AttributeType>filename</AttributeType><IsRequired>true</IsRequired><Value i:nil="true"/></Attribute></Attributes><ChildElements/><ElementName>mesh</ElementName><required>false</required><FilenameAttribute z:Ref="i236"/></URDFElement></ChildElements><ElementName>geometry</ElementName><required>true</required><Mesh z:Ref="i235"/></URDFElement></ChildElements><ElementName>collision</ElementName><required>false</required><Geometry z:Ref="i234"/><Origin z:Ref="i231"/></URDFElement><URDFElement z:Id="i237" i:type="Joint"><Attributes><Attribute z:Id="i238"><AttributeType>name</AttributeType><IsRequired>true</IsRequired><Value i:type="a:string" xmlns:a="http://www.w3.org/2001/XMLSchema">joint3</Value></Attribute><Attribute z:Id="i239"><AttributeType>type</AttributeType><IsRequired>true</IsRequired><Value i:type="a:string" xmlns:a="http://www.w3.org/2001/XMLSchema">Automatically Detect</Value></Attribute></Attributes><ChildElements><URDFElement z:Id="i240" i:type="Origin"><Attributes><Attribute z:Id="i241"><AttributeType>xyz</AttributeType><IsRequired>true</IsRequired><Value i:type="a:ArrayOfdouble" xmlns:a="http://schemas.microsoft.com/2003/10/Serialization/Arrays"><a:double>0</a:double><a:double>0</a:double><a:double>0</a:double></Value></Attribute><Attribute z:Id="i242"><AttributeType>rpy</AttributeType><IsRequired>true</IsRequired><Value i:type="a:ArrayOfdouble" xmlns:a="http://schemas.microsoft.com/2003/10/Serialization/Arrays"><a:double>0</a:double><a:double>0</a:double><a:double>0</a:double></Value></Attribute></Attributes><ChildElements/><ElementName>origin</ElementName><required>false</required><RPYAttribute z:Ref="i242"/><XYZAttribute z:Ref="i241"/><isCustomized>false</isCustomized></URDFElement><URDFElement z:Id="i243" i:type="ParentLink"><Attributes><Attribute z:Id="i244"><AttributeType>link</AttributeType><IsRequired>true</IsRequired><Value i:type="a:string" xmlns:a="http://www.w3.org/2001/XMLSchema"/></Attribute></Attributes><ChildElements/><ElementName>parent</ElementName><required>true</required><NameAttribute z:Ref="i244"/></URDFElement><URDFElement z:Id="i245" i:type="ChildLink"><Attributes><Attribute z:Id="i246"><AttributeType>link</AttributeType><IsRequired>true</IsRequired><Value i:type="a:string" xmlns:a="http://www.w3.org/2001/XMLSchema"/></Attribute></Attributes><ChildElements/><ElementName>child</ElementName><required>true</required><NameAttribute z:Ref="i246"/></URDFElement><URDFElement z:Id="i247" i:type="Axis"><Attributes><Attribute z:Id="i248"><AttributeType>xyz</AttributeType><IsRequired>true</IsRequired><Value i:type="a:ArrayOfdouble" xmlns:a="http://schemas.microsoft.com/2003/10/Serialization/Arrays"><a:double>0</a:double><a:double>0</a:double><a:double>0</a:double></Value></Attribute></Attributes><ChildElements/><ElementName>axis</ElementName><required>false</required><XYZAttribute z:Ref="i248"/></URDFElement><URDFElement z:Id="i249" i:type="Limit"><Attributes><Attribute z:Id="i250"><AttributeType>lower</AttributeType><IsRequired>false</IsRequired><Value i:nil="true"/></Attribute><Attribute z:Id="i251"><AttributeType>upper</AttributeType><IsRequired>false</IsRequired><Value i:nil="true"/></Attribute><Attribute z:Id="i252"><AttributeType>effort</AttributeType><IsRequired>true</IsRequired><Value i:nil="true"/></Attribute><Attribute z:Id="i253"><AttributeType>velocity</AttributeType><IsRequired>true</IsRequired><Value i:nil="true"/></Attribute></Attributes><ChildElements/><ElementName>limit</ElementName><required>false</required><EffortAttribute z:Ref="i252"/><LowerAttribute z:Ref="i250"/><UpperAttribute z:Ref="i251"/><VelocityAttribute z:Ref="i253"/></URDFElement><URDFElement z:Id="i254" i:type="Calibration"><Attributes><Attribute z:Id="i255"><AttributeType>rising</AttributeType><IsRequired>false</IsRequired><Value i:nil="true"/></Attribute><Attribute z:Id="i256"><AttributeType>falling</AttributeType><IsRequired>false</IsRequired><Value i:nil="true"/></Attribute></Attributes><ChildElements/><ElementName>calibration</ElementName><required>false</required><FallingAttribute z:Ref="i256"/><RisingAttribute z:Ref="i255"/></URDFElement><URDFElement z:Id="i257" i:type="Dynamics"><Attributes><Attribute z:Id="i258"><AttributeType>damping</AttributeType><IsRequired>false</IsRequired><Value i:nil="true"/></Attribute><Attribute z:Id="i259"><AttributeType>friction</AttributeType><IsRequired>false</IsRequired><Value i:nil="true"/></Attribute></Attributes><ChildElements/><ElementName>dynamics</ElementName><required>false</required><DampingAttribute z:Ref="i258"/><FrictionAttribute z:Ref="i259"/></URDFElement><URDFElement z:Id="i260" i:type="SafetyController"><Attributes><Attribute z:Id="i261"><AttributeType>soft_upper_limit</AttributeType><IsRequired>false</IsRequired><Value i:nil="true"/></Attribute><Attribute z:Id="i262"><AttributeType>soft_lower_limit</AttributeType><IsRequired>false</IsRequired><Value i:nil="true"/></Attribute><Attribute z:Id="i263"><AttributeType>k_position</AttributeType><IsRequired>false</IsRequired><Value i:nil="true"/></Attribute><Attribute z:Id="i264"><AttributeType>k_velocity</AttributeType><IsRequired>true</IsRequired><Value i:nil="true"/></Attribute></Attributes><ChildElements/><ElementName>safety_controller</ElementName><required>false</required><KPositionAttribute z:Ref="i263"/><KVelocityAttribute z:Ref="i264"/><SoftLowerAttribute z:Ref="i262"/><SoftUpperAttribute z:Ref="i261"/></URDFElement><URDFElement z:Id="i265" i:type="Mimic"><Attributes><Attribute z:Id="i266"><AttributeType>joint</AttributeType><IsRequired>true</IsRequired><Value i:nil="true"/></Attribute><Attribute z:Id="i267"><AttributeType>multiplier</AttributeType><IsRequired>false</IsRequired><Value i:nil="true"/></Attribute><Attribute z:Id="i268"><AttributeType>offset</AttributeType><IsRequired>false</IsRequired><Value i:nil="true"/></Attribute></Attributes><ChildElements/><ElementName>mimic</ElementName><required>false</required><JointNameAttribute z:Ref="i266"/><MultiplierAttribute z:Ref="i267"/><OffsetAttribute z:Ref="i268"/></URDFElement></ChildElements><ElementName>joint</ElementName><required>false</required><Axis z:Ref="i247"/><AxisName>Automatically Generate</AxisName><Calibration z:Ref="i254"/><Child z:Ref="i245"/><CoordinateSystemName>Automatically Generate</CoordinateSystemName><Dynamics z:Ref="i257"/><Limit z:Ref="i249"/><Mimic z:Ref="i265"/><NameAttribute z:Ref="i238"/><Origin z:Ref="i240"/><Parent z:Ref="i243"/><Safety z:Ref="i260"/><TypeAttribute z:Ref="i239"/></URDFElement></ChildElements><ElementName>link</ElementName><required>true</required><Children><Link z:Id="i269"><Attributes><Attribute z:Id="i270"><AttributeType>name</AttributeType><IsRequired>true</IsRequired><Value i:type="a:string" xmlns:a="http://www.w3.org/2001/XMLSchema">Link4</Value></Attribute></Attributes><ChildElements><URDFElement z:Id="i271" i:type="Inertial"><Attributes/><ChildElements><URDFElement z:Id="i272" i:type="Origin"><Attributes><Attribute z:Id="i273"><AttributeType>xyz</AttributeType><IsRequired>true</IsRequired><Value i:type="a:ArrayOfdouble" xmlns:a="http://schemas.microsoft.com/2003/10/Serialization/Arrays"><a:double>0</a:double><a:double>0</a:double><a:double>0</a:double></Value></Attribute><Attribute z:Id="i274"><AttributeType>rpy</AttributeType><IsRequired>true</IsRequired><Value i:type="a:ArrayOfdouble" xmlns:a="http://schemas.microsoft.com/2003/10/Serialization/Arrays"><a:double>0</a:double><a:double>0</a:double><a:double>0</a:double></Value></Attribute></Attributes><ChildElements/><ElementName>origin</ElementName><required>false</required><RPYAttribute z:Ref="i274"/><XYZAttribute z:Ref="i273"/><isCustomized>false</isCustomized></URDFElement><URDFElement z:Id="i275" i:type="Mass"><Attributes><Attribute z:Id="i276"><AttributeType>value</AttributeType><IsRequired>true</IsRequired><Value i:type="a:double" xmlns:a="http://www.w3.org/2001/XMLSchema">0</Value></Attribute></Attributes><ChildElements/><ElementName>mass</ElementName><required>false</required><ValueAttribute z:Ref="i276"/></URDFElement><URDFElement z:Id="i277" i:type="Inertia"><Attributes><Attribute z:Id="i278"><AttributeType>ixx</AttributeType><IsRequired>true</IsRequired><Value i:type="a:double" xmlns:a="http://www.w3.org/2001/XMLSchema">0</Value></Attribute><Attribute z:Id="i279"><AttributeType>ixy</AttributeType><IsRequired>true</IsRequired><Value i:type="a:double" xmlns:a="http://www.w3.org/2001/XMLSchema">0</Value></Attribute><Attribute z:Id="i280"><AttributeType>ixz</AttributeType><IsRequired>true</IsRequired><Value i:type="a:double" xmlns:a="http://www.w3.org/2001/XMLSchema">0</Value></Attribute><Attribute z:Id="i281"><AttributeType>iyy</AttributeType><IsRequired>true</IsRequired><Value i:type="a:double" xmlns:a="http://www.w3.org/2001/XMLSchema">0</Value></Attribute><Attribute z:Id="i282"><AttributeType>iyz</AttributeType><IsRequired>true</IsRequired><Value i:type="a:double" xmlns:a="http://www.w3.org/2001/XMLSchema">0</Value></Attribute><Attribute z:Id="i283"><AttributeType>izz</AttributeType><IsRequired>true</IsRequired><Value i:type="a:double" xmlns:a="http://www.w3.org/2001/XMLSchema">0</Value></Attribute></Attributes><ChildElements/><ElementName>inertia</ElementName><required>false</required><IxxAttribute z:Ref="i278"/><IxyAttribute z:Ref="i279"/><IxzAttribute z:Ref="i280"/><IyyAttribute z:Ref="i281"/><IyzAttribute z:Ref="i282"/><IzzAttribute z:Ref="i283"/></URDFElement></ChildElements><ElementName>inertial</ElementName><required>false</required><Inertia z:Ref="i277"/><Mass z:Ref="i275"/><Origin z:Ref="i272"/></URDFElement><URDFElement z:Id="i284" i:type="Visual"><Attributes/><ChildElements><URDFElement z:Id="i285" i:type="Origin"><Attributes><Attribute z:Id="i286"><AttributeType>xyz</AttributeType><IsRequired>true</IsRequired><Value i:type="a:ArrayOfdouble" xmlns:a="http://schemas.microsoft.com/2003/10/Serialization/Arrays"><a:double>0</a:double><a:double>0</a:double><a:double>0</a:double></Value></Attribute><Attribute z:Id="i287"><AttributeType>rpy</AttributeType><IsRequired>true</IsRequired><Value i:type="a:ArrayOfdouble" xmlns:a="http://schemas.microsoft.com/2003/10/Serialization/Arrays"><a:double>0</a:double><a:double>0</a:double><a:double>0</a:double></Value></Attribute></Attributes><ChildElements/><ElementName>origin</ElementName><required>false</required><RPYAttribute z:Ref="i287"/><XYZAttribute z:Ref="i286"/><isCustomized>false</isCustomized></URDFElement><URDFElement z:Id="i288" i:type="Geometry"><Attributes/><ChildElements><URDFElement z:Id="i289" i:type="Mesh"><Attributes><Attribute z:Id="i290"><AttributeType>filename</AttributeType><IsRequired>true</IsRequired><Value i:nil="true"/></Attribute></Attributes><ChildElements/><ElementName>mesh</ElementName><required>false</required><FilenameAttribute z:Ref="i290"/></URDFElement></ChildElements><ElementName>geometry</ElementName><required>true</required><Mesh z:Ref="i289"/></URDFElement><URDFElement z:Id="i291" i:type="Material"><Attributes><Attribute z:Id="i292"><AttributeType>name</AttributeType><IsRequired>true</IsRequired><Value i:type="a:string" xmlns:a="http://www.w3.org/2001/XMLSchema"/></Attribute></Attributes><ChildElements><URDFElement z:Id="i293" i:type="Color"><Attributes><Attribute z:Id="i294"><AttributeType>rgba</AttributeType><IsRequired>true</IsRequired><Value i:type="a:ArrayOfdouble" xmlns:a="http://schemas.microsoft.com/2003/10/Serialization/Arrays"><a:double>1</a:double><a:double>1</a:double><a:double>1</a:double><a:double>1</a:double></Value></Attribute></Attributes><ChildElements/><ElementName>color</ElementName><required>false</required><RGBAAttribute z:Ref="i294"/></URDFElement><URDFElement z:Id="i295" i:type="Texture"><Attributes><Attribute z:Id="i296"><AttributeType>filename</AttributeType><IsRequired>true</IsRequired><Value i:nil="true"/></Attribute></Attributes><ChildElements/><ElementName>texture</ElementName><required>false</required><FilenameAttribute z:Ref="i296"/><wFilename/></URDFElement></ChildElements><ElementName>material</ElementName><required>false</required><Color z:Ref="i293"/><NameAttribute z:Ref="i292"/><Texture z:Ref="i295"/></URDFElement></ChildElements><ElementName>visual</ElementName><required>false</required><Geometry z:Ref="i288"/><Material z:Ref="i291"/><Origin z:Ref="i285"/></URDFElement><URDFElement z:Id="i297" i:type="Collision"><Attributes/><ChildElements><URDFElement z:Id="i298" i:type="Origin"><Attributes><Attribute z:Id="i299"><AttributeType>xyz</AttributeType><IsRequired>true</IsRequired><Value i:type="a:ArrayOfdouble" xmlns:a="http://schemas.microsoft.com/2003/10/Serialization/Arrays"><a:double>0</a:double><a:double>0</a:double><a:double>0</a:double></Value></Attribute><Attribute z:Id="i300"><AttributeType>rpy</AttributeType><IsRequired>true</IsRequired><Value i:type="a:ArrayOfdouble" xmlns:a="http://schemas.microsoft.com/2003/10/Serialization/Arrays"><a:double>0</a:double><a:double>0</a:double><a:double>0</a:double></Value></Attribute></Attributes><ChildElements/><ElementName>origin</ElementName><required>false</required><RPYAttribute z:Ref="i300"/><XYZAttribute z:Ref="i299"/><isCustomized>false</isCustomized></URDFElement><URDFElement z:Id="i301" i:type="Geometry"><Attributes/><ChildElements><URDFElement z:Id="i302" i:type="Mesh"><Attributes><Attribute z:Id="i303"><AttributeType>filename</AttributeType><IsRequired>true</IsRequired><Value i:nil="true"/></Attribute></Attributes><ChildElements/><ElementName>mesh</ElementName><required>false</required><FilenameAttribute z:Ref="i303"/></URDFElement></ChildElements><ElementName>geometry</ElementName><required>true</required><Mesh z:Ref="i302"/></URDFElement></ChildElements><ElementName>collision</ElementName><required>false</required><Geometry z:Ref="i301"/><Origin z:Ref="i298"/></URDFElement><URDFElement z:Id="i304" i:type="Joint"><Attributes><Attribute z:Id="i305"><AttributeType>name</AttributeType><IsRequired>true</IsRequired><Value i:type="a:string" xmlns:a="http://www.w3.org/2001/XMLSchema">joint4</Value></Attribute><Attribute z:Id="i306"><AttributeType>type</AttributeType><IsRequired>true</IsRequired><Value i:type="a:string" xmlns:a="http://www.w3.org/2001/XMLSchema">Automatically Detect</Value></Attribute></Attributes><ChildElements><URDFElement z:Id="i307" i:type="Origin"><Attributes><Attribute z:Id="i308"><AttributeType>xyz</AttributeType><IsRequired>true</IsRequired><Value i:type="a:ArrayOfdouble" xmlns:a="http://schemas.microsoft.com/2003/10/Serialization/Arrays"><a:double>0</a:double><a:double>0</a:double><a:double>0</a:double></Value></Attribute><Attribute z:Id="i309"><AttributeType>rpy</AttributeType><IsRequired>true</IsRequired><Value i:type="a:ArrayOfdouble" xmlns:a="http://schemas.microsoft.com/2003/10/Serialization/Arrays"><a:double>0</a:double><a:double>0</a:double><a:double>0</a:double></Value></Attribute></Attributes><ChildElements/><ElementName>origin</ElementName><required>false</required><RPYAttribute z:Ref="i309"/><XYZAttribute z:Ref="i308"/><isCustomized>false</isCustomized></URDFElement><URDFElement z:Id="i310" i:type="ParentLink"><Attributes><Attribute z:Id="i311"><AttributeType>link</AttributeType><IsRequired>true</IsRequired><Value i:type="a:string" xmlns:a="http://www.w3.org/2001/XMLSchema"/></Attribute></Attributes><ChildElements/><ElementName>parent</ElementName><required>true</required><NameAttribute z:Ref="i311"/></URDFElement><URDFElement z:Id="i312" i:type="ChildLink"><Attributes><Attribute z:Id="i313"><AttributeType>link</AttributeType><IsRequired>true</IsRequired><Value i:type="a:string" xmlns:a="http://www.w3.org/2001/XMLSchema"/></Attribute></Attributes><ChildElements/><ElementName>child</ElementName><required>true</required><NameAttribute z:Ref="i313"/></URDFElement><URDFElement z:Id="i314" i:type="Axis"><Attributes><Attribute z:Id="i315"><AttributeType>xyz</AttributeType><IsRequired>true</IsRequired><Value i:type="a:ArrayOfdouble" xmlns:a="http://schemas.microsoft.com/2003/10/Serialization/Arrays"><a:double>0</a:double><a:double>0</a:double><a:double>0</a:double></Value></Attribute></Attributes><ChildElements/><ElementName>axis</ElementName><required>false</required><XYZAttribute z:Ref="i315"/></URDFElement><URDFElement z:Id="i316" i:type="Limit"><Attributes><Attribute z:Id="i317"><AttributeType>lower</AttributeType><IsRequired>false</IsRequired><Value i:nil="true"/></Attribute><Attribute z:Id="i318"><AttributeType>upper</AttributeType><IsRequired>false</IsRequired><Value i:nil="true"/></Attribute><Attribute z:Id="i319"><AttributeType>effort</AttributeType><IsRequired>true</IsRequired><Value i:nil="true"/></Attribute><Attribute z:Id="i320"><AttributeType>velocity</AttributeType><IsRequired>true</IsRequired><Value i:nil="true"/></Attribute></Attributes><ChildElements/><ElementName>limit</ElementName><required>false</required><EffortAttribute z:Ref="i319"/><LowerAttribute z:Ref="i317"/><UpperAttribute z:Ref="i318"/><VelocityAttribute z:Ref="i320"/></URDFElement><URDFElement z:Id="i321" i:type="Calibration"><Attributes><Attribute z:Id="i322"><AttributeType>rising</AttributeType><IsRequired>false</IsRequired><Value i:nil="true"/></Attribute><Attribute z:Id="i323"><AttributeType>falling</AttributeType><IsRequired>false</IsRequired><Value i:nil="true"/></Attribute></Attributes><ChildElements/><ElementName>calibration</ElementName><required>false</required><FallingAttribute z:Ref="i323"/><RisingAttribute z:Ref="i322"/></URDFElement><URDFElement z:Id="i324" i:type="Dynamics"><Attributes><Attribute z:Id="i325"><AttributeType>damping</AttributeType><IsRequired>false</IsRequired><Value i:nil="true"/></Attribute><Attribute z:Id="i326"><AttributeType>friction</AttributeType><IsRequired>false</IsRequired><Value i:nil="true"/></Attribute></Attributes><ChildElements/><ElementName>dynamics</ElementName><required>false</required><DampingAttribute z:Ref="i325"/><FrictionAttribute z:Ref="i326"/></URDFElement><URDFElement z:Id="i327" i:type="SafetyController"><Attributes><Attribute z:Id="i328"><AttributeType>soft_upper_limit</AttributeType><IsRequired>false</IsRequired><Value i:nil="true"/></Attribute><Attribute z:Id="i329"><AttributeType>soft_lower_limit</AttributeType><IsRequired>false</IsRequired><Value i:nil="true"/></Attribute><Attribute z:Id="i330"><AttributeType>k_position</AttributeType><IsRequired>false</IsRequired><Value i:nil="true"/></Attribute><Attribute z:Id="i331"><AttributeType>k_velocity</AttributeType><IsRequired>true</IsRequired><Value i:nil="true"/></Attribute></Attributes><ChildElements/><ElementName>safety_controller</ElementName><required>false</required><KPositionAttribute z:Ref="i330"/><KVelocityAttribute z:Ref="i331"/><SoftLowerAttribute z:Ref="i329"/><SoftUpperAttribute z:Ref="i328"/></URDFElement><URDFElement z:Id="i332" i:type="Mimic"><Attributes><Attribute z:Id="i333"><AttributeType>joint</AttributeType><IsRequired>true</IsRequired><Value i:nil="true"/></Attribute><Attribute z:Id="i334"><AttributeType>multiplier</AttributeType><IsRequired>false</IsRequired><Value i:nil="true"/></Attribute><Attribute z:Id="i335"><AttributeType>offset</AttributeType><IsRequired>false</IsRequired><Value i:nil="true"/></Attribute></Attributes><ChildElements/><ElementName>mimic</ElementName><required>false</required><JointNameAttribute z:Ref="i333"/><MultiplierAttribute z:Ref="i334"/><OffsetAttribute z:Ref="i335"/></URDFElement></ChildElements><ElementName>joint</ElementName><required>false</required><Axis z:Ref="i314"/><AxisName>Automatically Generate</AxisName><Calibration z:Ref="i321"/><Child z:Ref="i312"/><CoordinateSystemName>Automatically Generate</CoordinateSystemName><Dynamics z:Ref="i324"/><Limit z:Ref="i316"/><Mimic z:Ref="i332"/><NameAttribute z:Ref="i305"/><Origin z:Ref="i307"/><Parent z:Ref="i310"/><Safety z:Ref="i327"/><TypeAttribute z:Ref="i306"/></URDFElement></ChildElements><ElementName>link</ElementName><required>true</required><Children><Link z:Id="i336"><Attributes><Attribute z:Id="i337"><AttributeType>name</AttributeType><IsRequired>true</IsRequired><Value i:type="a:string" xmlns:a="http://www.w3.org/2001/XMLSchema">Link5</Value></Attribute></Attributes><ChildElements><URDFElement z:Id="i338" i:type="Inertial"><Attributes/><ChildElements><URDFElement z:Id="i339" i:type="Origin"><Attributes><Attribute z:Id="i340"><AttributeType>xyz</AttributeType><IsRequired>true</IsRequired><Value i:type="a:ArrayOfdouble" xmlns:a="http://schemas.microsoft.com/2003/10/Serialization/Arrays"><a:double>0</a:double><a:double>0</a:double><a:double>0</a:double></Value></Attribute><Attribute z:Id="i341"><AttributeType>rpy</AttributeType><IsRequired>true</IsRequired><Value i:type="a:ArrayOfdouble" xmlns:a="http://schemas.microsoft.com/2003/10/Serialization/Arrays"><a:double>0</a:double><a:double>0</a:double><a:double>0</a:double></Value></Attribute></Attributes><ChildElements/><ElementName>origin</ElementName><required>false</required><RPYAttribute z:Ref="i341"/><XYZAttribute z:Ref="i340"/><isCustomized>false</isCustomized></URDFElement><URDFElement z:Id="i342" i:type="Mass"><Attributes><Attribute z:Id="i343"><AttributeType>value</AttributeType><IsRequired>true</IsRequired><Value i:type="a:double" xmlns:a="http://www.w3.org/2001/XMLSchema">0</Value></Attribute></Attributes><ChildElements/><ElementName>mass</ElementName><required>false</required><ValueAttribute z:Ref="i343"/></URDFElement><URDFElement z:Id="i344" i:type="Inertia"><Attributes><Attribute z:Id="i345"><AttributeType>ixx</AttributeType><IsRequired>true</IsRequired><Value i:type="a:double" xmlns:a="http://www.w3.org/2001/XMLSchema">0</Value></Attribute><Attribute z:Id="i346"><AttributeType>ixy</AttributeType><IsRequired>true</IsRequired><Value i:type="a:double" xmlns:a="http://www.w3.org/2001/XMLSchema">0</Value></Attribute><Attribute z:Id="i347"><AttributeType>ixz</AttributeType><IsRequired>true</IsRequired><Value i:type="a:double" xmlns:a="http://www.w3.org/2001/XMLSchema">0</Value></Attribute><Attribute z:Id="i348"><AttributeType>iyy</AttributeType><IsRequired>true</IsRequired><Value i:type="a:double" xmlns:a="http://www.w3.org/2001/XMLSchema">0</Value></Attribute><Attribute z:Id="i349"><AttributeType>iyz</AttributeType><IsRequired>true</IsRequired><Value i:type="a:double" xmlns:a="http://www.w3.org/2001/XMLSchema">0</Value></Attribute><Attribute z:Id="i350"><AttributeType>izz</AttributeType><IsRequired>true</IsRequired><Value i:type="a:double" xmlns:a="http://www.w3.org/2001/XMLSchema">0</Value></Attribute></Attributes><ChildElements/><ElementName>inertia</ElementName><required>false</required><IxxAttribute z:Ref="i345"/><IxyAttribute z:Ref="i346"/><IxzAttribute z:Ref="i347"/><IyyAttribute z:Ref="i348"/><IyzAttribute z:Ref="i349"/><IzzAttribute z:Ref="i350"/></URDFElement></ChildElements><ElementName>inertial</ElementName><required>false</required><Inertia z:Ref="i344"/><Mass z:Ref="i342"/><Origin z:Ref="i339"/></URDFElement><URDFElement z:Id="i351" i:type="Visual"><Attributes/><ChildElements><URDFElement z:Id="i352" i:type="Origin"><Attributes><Attribute z:Id="i353"><AttributeType>xyz</AttributeType><IsRequired>true</IsRequired><Value i:type="a:ArrayOfdouble" xmlns:a="http://schemas.microsoft.com/2003/10/Serialization/Arrays"><a:double>0</a:double><a:double>0</a:double><a:double>0</a:double></Value></Attribute><Attribute z:Id="i354"><AttributeType>rpy</AttributeType><IsRequired>true</IsRequired><Value i:type="a:ArrayOfdouble" xmlns:a="http://schemas.microsoft.com/2003/10/Serialization/Arrays"><a:double>0</a:double><a:double>0</a:double><a:double>0</a:double></Value></Attribute></Attributes><ChildElements/><ElementName>origin</ElementName><required>false</required><RPYAttribute z:Ref="i354"/><XYZAttribute z:Ref="i353"/><isCustomized>false</isCustomized></URDFElement><URDFElement z:Id="i355" i:type="Geometry"><Attributes/><ChildElements><URDFElement z:Id="i356" i:type="Mesh"><Attributes><Attribute z:Id="i357"><AttributeType>filename</AttributeType><IsRequired>true</IsRequired><Value i:nil="true"/></Attribute></Attributes><ChildElements/><ElementName>mesh</ElementName><required>false</required><FilenameAttribute z:Ref="i357"/></URDFElement></ChildElements><ElementName>geometry</ElementName><required>true</required><Mesh z:Ref="i356"/></URDFElement><URDFElement z:Id="i358" i:type="Material"><Attributes><Attribute z:Id="i359"><AttributeType>name</AttributeType><IsRequired>true</IsRequired><Value i:type="a:string" xmlns:a="http://www.w3.org/2001/XMLSchema"/></Attribute></Attributes><ChildElements><URDFElement z:Id="i360" i:type="Color"><Attributes><Attribute z:Id="i361"><AttributeType>rgba</AttributeType><IsRequired>true</IsRequired><Value i:type="a:ArrayOfdouble" xmlns:a="http://schemas.microsoft.com/2003/10/Serialization/Arrays"><a:double>1</a:double><a:double>1</a:double><a:double>1</a:double><a:double>1</a:double></Value></Attribute></Attributes><ChildElements/><ElementName>color</ElementName><required>false</required><RGBAAttribute z:Ref="i361"/></URDFElement><URDFElement z:Id="i362" i:type="Texture"><Attributes><Attribute z:Id="i363"><AttributeType>filename</AttributeType><IsRequired>true</IsRequired><Value i:nil="true"/></Attribute></Attributes><ChildElements/><ElementName>texture</ElementName><required>false</required><FilenameAttribute z:Ref="i363"/><wFilename/></URDFElement></ChildElements><ElementName>material</ElementName><required>false</required><Color z:Ref="i360"/><NameAttribute z:Ref="i359"/><Texture z:Ref="i362"/></URDFElement></ChildElements><ElementName>visual</ElementName><required>false</required><Geometry z:Ref="i355"/><Material z:Ref="i358"/><Origin z:Ref="i352"/></URDFElement><URDFElement z:Id="i364" i:type="Collision"><Attributes/><ChildElements><URDFElement z:Id="i365" i:type="Origin"><Attributes><Attribute z:Id="i366"><AttributeType>xyz</AttributeType><IsRequired>true</IsRequired><Value i:type="a:ArrayOfdouble" xmlns:a="http://schemas.microsoft.com/2003/10/Serialization/Arrays"><a:double>0</a:double><a:double>0</a:double><a:double>0</a:double></Value></Attribute><Attribute z:Id="i367"><AttributeType>rpy</AttributeType><IsRequired>true</IsRequired><Value i:type="a:ArrayOfdouble" xmlns:a="http://schemas.microsoft.com/2003/10/Serialization/Arrays"><a:double>0</a:double><a:double>0</a:double><a:double>0</a:double></Value></Attribute></Attributes><ChildElements/><ElementName>origin</ElementName><required>false</required><RPYAttribute z:Ref="i367"/><XYZAttribute z:Ref="i366"/><isCustomized>false</isCustomized></URDFElement><URDFElement z:Id="i368" i:type="Geometry"><Attributes/><ChildElements><URDFElement z:Id="i369" i:type="Mesh"><Attributes><Attribute z:Id="i370"><AttributeType>filename</AttributeType><IsRequired>true</IsRequired><Value i:nil="true"/></Attribute></Attributes><ChildElements/><ElementName>mesh</ElementName><required>false</required><FilenameAttribute z:Ref="i370"/></URDFElement></ChildElements><ElementName>geometry</ElementName><required>true</required><Mesh z:Ref="i369"/></URDFElement></ChildElements><ElementName>collision</ElementName><required>false</required><Geometry z:Ref="i368"/><Origin z:Ref="i365"/></URDFElement><URDFElement z:Id="i371" i:type="Joint"><Attributes><Attribute z:Id="i372"><AttributeType>name</AttributeType><IsRequired>true</IsRequired><Value i:type="a:string" xmlns:a="http://www.w3.org/2001/XMLSchema">joint5</Value></Attribute><Attribute z:Id="i373"><AttributeType>type</AttributeType><IsRequired>true</IsRequired><Value i:type="a:string" xmlns:a="http://www.w3.org/2001/XMLSchema">Automatically Detect</Value></Attribute></Attributes><ChildElements><URDFElement z:Id="i374" i:type="Origin"><Attributes><Attribute z:Id="i375"><AttributeType>xyz</AttributeType><IsRequired>true</IsRequired><Value i:type="a:ArrayOfdouble" xmlns:a="http://schemas.microsoft.com/2003/10/Serialization/Arrays"><a:double>0</a:double><a:double>0</a:double><a:double>0</a:double></Value></Attribute><Attribute z:Id="i376"><AttributeType>rpy</AttributeType><IsRequired>true</IsRequired><Value i:type="a:ArrayOfdouble" xmlns:a="http://schemas.microsoft.com/2003/10/Serialization/Arrays"><a:double>0</a:double><a:double>0</a:double><a:double>0</a:double></Value></Attribute></Attributes><ChildElements/><ElementName>origin</ElementName><required>false</required><RPYAttribute z:Ref="i376"/><XYZAttribute z:Ref="i375"/><isCustomized>false</isCustomized></URDFElement><URDFElement z:Id="i377" i:type="ParentLink"><Attributes><Attribute z:Id="i378"><AttributeType>link</AttributeType><IsRequired>true</IsRequired><Value i:type="a:string" xmlns:a="http://www.w3.org/2001/XMLSchema"/></Attribute></Attributes><ChildElements/><ElementName>parent</ElementName><required>true</required><NameAttribute z:Ref="i378"/></URDFElement><URDFElement z:Id="i379" i:type="ChildLink"><Attributes><Attribute z:Id="i380"><AttributeType>link</AttributeType><IsRequired>true</IsRequired><Value i:type="a:string" xmlns:a="http://www.w3.org/2001/XMLSchema"/></Attribute></Attributes><ChildElements/><ElementName>child</ElementName><required>true</required><NameAttribute z:Ref="i380"/></URDFElement><URDFElement z:Id="i381" i:type="Axis"><Attributes><Attribute z:Id="i382"><AttributeType>xyz</AttributeType><IsRequired>true</IsRequired><Value i:type="a:ArrayOfdouble" xmlns:a="http://schemas.microsoft.com/2003/10/Serialization/Arrays"><a:double>0</a:double><a:double>0</a:double><a:double>0</a:double></Value></Attribute></Attributes><ChildElements/><ElementName>axis</ElementName><required>false</required><XYZAttribute z:Ref="i382"/></URDFElement><URDFElement z:Id="i383" i:type="Limit"><Attributes><Attribute z:Id="i384"><AttributeType>lower</AttributeType><IsRequired>false</IsRequired><Value i:nil="true"/></Attribute><Attribute z:Id="i385"><AttributeType>upper</AttributeType><IsRequired>false</IsRequired><Value i:nil="true"/></Attribute><Attribute z:Id="i386"><AttributeType>effort</AttributeType><IsRequired>true</IsRequired><Value i:nil="true"/></Attribute><Attribute z:Id="i387"><AttributeType>velocity</AttributeType><IsRequired>true</IsRequired><Value i:nil="true"/></Attribute></Attributes><ChildElements/><ElementName>limit</ElementName><required>false</required><EffortAttribute z:Ref="i386"/><LowerAttribute z:Ref="i384"/><UpperAttribute z:Ref="i385"/><VelocityAttribute z:Ref="i387"/></URDFElement><URDFElement z:Id="i388" i:type="Calibration"><Attributes><Attribute z:Id="i389"><AttributeType>rising</AttributeType><IsRequired>false</IsRequired><Value i:nil="true"/></Attribute><Attribute z:Id="i390"><AttributeType>falling</AttributeType><IsRequired>false</IsRequired><Value i:nil="true"/></Attribute></Attributes><ChildElements/><ElementName>calibration</ElementName><required>false</required><FallingAttribute z:Ref="i390"/><RisingAttribute z:Ref="i389"/></URDFElement><URDFElement z:Id="i391" i:type="Dynamics"><Attributes><Attribute z:Id="i392"><AttributeType>damping</AttributeType><IsRequired>false</IsRequired><Value i:nil="true"/></Attribute><Attribute z:Id="i393"><AttributeType>friction</AttributeType><IsRequired>false</IsRequired><Value i:nil="true"/></Attribute></Attributes><ChildElements/><ElementName>dynamics</ElementName><required>false</required><DampingAttribute z:Ref="i392"/><FrictionAttribute z:Ref="i393"/></URDFElement><URDFElement z:Id="i394" i:type="SafetyController"><Attributes><Attribute z:Id="i395"><AttributeType>soft_upper_limit</AttributeType><IsRequired>false</IsRequired><Value i:nil="true"/></Attribute><Attribute z:Id="i396"><AttributeType>soft_lower_limit</AttributeType><IsRequired>false</IsRequired><Value i:nil="true"/></Attribute><Attribute z:Id="i397"><AttributeType>k_position</AttributeType><IsRequired>false</IsRequired><Value i:nil="true"/></Attribute><Attribute z:Id="i398"><AttributeType>k_velocity</AttributeType><IsRequired>true</IsRequired><Value i:nil="true"/></Attribute></Attributes><ChildElements/><ElementName>safety_controller</ElementName><required>false</required><KPositionAttribute z:Ref="i397"/><KVelocityAttribute z:Ref="i398"/><SoftLowerAttribute z:Ref="i396"/><SoftUpperAttribute z:Ref="i395"/></URDFElement><URDFElement z:Id="i399" i:type="Mimic"><Attributes><Attribute z:Id="i400"><AttributeType>joint</AttributeType><IsRequired>true</IsRequired><Value i:nil="true"/></Attribute><Attribute z:Id="i401"><AttributeType>multiplier</AttributeType><IsRequired>false</IsRequired><Value i:nil="true"/></Attribute><Attribute z:Id="i402"><AttributeType>offset</AttributeType><IsRequired>false</IsRequired><Value i:nil="true"/></Attribute></Attributes><ChildElements/><ElementName>mimic</ElementName><required>false</required><JointNameAttribute z:Ref="i400"/><MultiplierAttribute z:Ref="i401"/><OffsetAttribute z:Ref="i402"/></URDFElement></ChildElements><ElementName>joint</ElementName><required>false</required><Axis z:Ref="i381"/><AxisName>Automatically Generate</AxisName><Calibration z:Ref="i388"/><Child z:Ref="i379"/><CoordinateSystemName>Automatically Generate</CoordinateSystemName><Dynamics z:Ref="i391"/><Limit z:Ref="i383"/><Mimic z:Ref="i399"/><NameAttribute z:Ref="i372"/><Origin z:Ref="i374"/><Parent z:Ref="i377"/><Safety z:Ref="i394"/><TypeAttribute z:Ref="i373"/></URDFElement></ChildElements><ElementName>link</ElementName><required>true</required><Children><Link z:Id="i403"><Attributes><Attribute z:Id="i404"><AttributeType>name</AttributeType><IsRequired>true</IsRequired><Value i:type="a:string" xmlns:a="http://www.w3.org/2001/XMLSchema">Link6</Value></Attribute></Attributes><ChildElements><URDFElement z:Id="i405" i:type="Inertial"><Attributes/><ChildElements><URDFElement z:Id="i406" i:type="Origin"><Attributes><Attribute z:Id="i407"><AttributeType>xyz</AttributeType><IsRequired>true</IsRequired><Value i:type="a:ArrayOfdouble" xmlns:a="http://schemas.microsoft.com/2003/10/Serialization/Arrays"><a:double>0</a:double><a:double>0</a:double><a:double>0</a:double></Value></Attribute><Attribute z:Id="i408"><AttributeType>rpy</AttributeType><IsRequired>true</IsRequired><Value i:type="a:ArrayOfdouble" xmlns:a="http://schemas.microsoft.com/2003/10/Serialization/Arrays"><a:double>0</a:double><a:double>0</a:double><a:double>0</a:double></Value></Attribute></Attributes><ChildElements/><ElementName>origin</ElementName><required>false</required><RPYAttribute z:Ref="i408"/><XYZAttribute z:Ref="i407"/><isCustomized>false</isCustomized></URDFElement><URDFElement z:Id="i409" i:type="Mass"><Attributes><Attribute z:Id="i410"><AttributeType>value</AttributeType><IsRequired>true</IsRequired><Value i:type="a:double" xmlns:a="http://www.w3.org/2001/XMLSchema">0</Value></Attribute></Attributes><ChildElements/><ElementName>mass</ElementName><required>false</required><ValueAttribute z:Ref="i410"/></URDFElement><URDFElement z:Id="i411" i:type="Inertia"><Attributes><Attribute z:Id="i412"><AttributeType>ixx</AttributeType><IsRequired>true</IsRequired><Value i:type="a:double" xmlns:a="http://www.w3.org/2001/XMLSchema">0</Value></Attribute><Attribute z:Id="i413"><AttributeType>ixy</AttributeType><IsRequired>true</IsRequired><Value i:type="a:double" xmlns:a="http://www.w3.org/2001/XMLSchema">0</Value></Attribute><Attribute z:Id="i414"><AttributeType>ixz</AttributeType><IsRequired>true</IsRequired><Value i:type="a:double" xmlns:a="http://www.w3.org/2001/XMLSchema">0</Value></Attribute><Attribute z:Id="i415"><AttributeType>iyy</AttributeType><IsRequired>true</IsRequired><Value i:type="a:double" xmlns:a="http://www.w3.org/2001/XMLSchema">0</Value></Attribute><Attribute z:Id="i416"><AttributeType>iyz</AttributeType><IsRequired>true</IsRequired><Value i:type="a:double" xmlns:a="http://www.w3.org/2001/XMLSchema">0</Value></Attribute><Attribute z:Id="i417"><AttributeType>izz</AttributeType><IsRequired>true</IsRequired><Value i:type="a:double" xmlns:a="http://www.w3.org/2001/XMLSchema">0</Value></Attribute></Attributes><ChildElements/><ElementName>inertia</ElementName><required>false</required><IxxAttribute z:Ref="i412"/><IxyAttribute z:Ref="i413"/><IxzAttribute z:Ref="i414"/><IyyAttribute z:Ref="i415"/><IyzAttribute z:Ref="i416"/><IzzAttribute z:Ref="i417"/></URDFElement></ChildElements><ElementName>inertial</ElementName><required>false</required><Inertia z:Ref="i411"/><Mass z:Ref="i409"/><Origin z:Ref="i406"/></URDFElement><URDFElement z:Id="i418" i:type="Visual"><Attributes/><ChildElements><URDFElement z:Id="i419" i:type="Origin"><Attributes><Attribute z:Id="i420"><AttributeType>xyz</AttributeType><IsRequired>true</IsRequired><Value i:type="a:ArrayOfdouble" xmlns:a="http://schemas.microsoft.com/2003/10/Serialization/Arrays"><a:double>0</a:double><a:double>0</a:double><a:double>0</a:double></Value></Attribute><Attribute z:Id="i421"><AttributeType>rpy</AttributeType><IsRequired>true</IsRequired><Value i:type="a:ArrayOfdouble" xmlns:a="http://schemas.microsoft.com/2003/10/Serialization/Arrays"><a:double>0</a:double><a:double>0</a:double><a:double>0</a:double></Value></Attribute></Attributes><ChildElements/><ElementName>origin</ElementName><required>false</required><RPYAttribute z:Ref="i421"/><XYZAttribute z:Ref="i420"/><isCustomized>false</isCustomized></URDFElement><URDFElement z:Id="i422" i:type="Geometry"><Attributes/><ChildElements><URDFElement z:Id="i423" i:type="Mesh"><Attributes><Attribute z:Id="i424"><AttributeType>filename</AttributeType><IsRequired>true</IsRequired><Value i:nil="true"/></Attribute></Attributes><ChildElements/><ElementName>mesh</ElementName><required>false</required><FilenameAttribute z:Ref="i424"/></URDFElement></ChildElements><ElementName>geometry</ElementName><required>true</required><Mesh z:Ref="i423"/></URDFElement><URDFElement z:Id="i425" i:type="Material"><Attributes><Attribute z:Id="i426"><AttributeType>name</AttributeType><IsRequired>true</IsRequired><Value i:type="a:string" xmlns:a="http://www.w3.org/2001/XMLSchema"/></Attribute></Attributes><ChildElements><URDFElement z:Id="i427" i:type="Color"><Attributes><Attribute z:Id="i428"><AttributeType>rgba</AttributeType><IsRequired>true</IsRequired><Value i:type="a:ArrayOfdouble" xmlns:a="http://schemas.microsoft.com/2003/10/Serialization/Arrays"><a:double>1</a:double><a:double>1</a:double><a:double>1</a:double><a:double>1</a:double></Value></Attribute></Attributes><ChildElements/><ElementName>color</ElementName><required>false</required><RGBAAttribute z:Ref="i428"/></URDFElement><URDFElement z:Id="i429" i:type="Texture"><Attributes><Attribute z:Id="i430"><AttributeType>filename</AttributeType><IsRequired>true</IsRequired><Value i:nil="true"/></Attribute></Attributes><ChildElements/><ElementName>texture</ElementName><required>false</required><FilenameAttribute z:Ref="i430"/><wFilename/></URDFElement></ChildElements><ElementName>material</ElementName><required>false</required><Color z:Ref="i427"/><NameAttribute z:Ref="i426"/><Texture z:Ref="i429"/></URDFElement></ChildElements><ElementName>visual</ElementName><required>false</required><Geometry z:Ref="i422"/><Material z:Ref="i425"/><Origin z:Ref="i419"/></URDFElement><URDFElement z:Id="i431" i:type="Collision"><Attributes/><ChildElements><URDFElement z:Id="i432" i:type="Origin"><Attributes><Attribute z:Id="i433"><AttributeType>xyz</AttributeType><IsRequired>true</IsRequired><Value i:type="a:ArrayOfdouble" xmlns:a="http://schemas.microsoft.com/2003/10/Serialization/Arrays"><a:double>0</a:double><a:double>0</a:double><a:double>0</a:double></Value></Attribute><Attribute z:Id="i434"><AttributeType>rpy</AttributeType><IsRequired>true</IsRequired><Value i:type="a:ArrayOfdouble" xmlns:a="http://schemas.microsoft.com/2003/10/Serialization/Arrays"><a:double>0</a:double><a:double>0</a:double><a:double>0</a:double></Value></Attribute></Attributes><ChildElements/><ElementName>origin</ElementName><required>false</required><RPYAttribute z:Ref="i434"/><XYZAttribute z:Ref="i433"/><isCustomized>false</isCustomized></URDFElement><URDFElement z:Id="i435" i:type="Geometry"><Attributes/><ChildElements><URDFElement z:Id="i436" i:type="Mesh"><Attributes><Attribute z:Id="i437"><AttributeType>filename</AttributeType><IsRequired>true</IsRequired><Value i:nil="true"/></Attribute></Attributes><ChildElements/><ElementName>mesh</ElementName><required>false</required><FilenameAttribute z:Ref="i437"/></URDFElement></ChildElements><ElementName>geometry</ElementName><required>true</required><Mesh z:Ref="i436"/></URDFElement></ChildElements><ElementName>collision</ElementName><required>false</required><Geometry z:Ref="i435"/><Origin z:Ref="i432"/></URDFElement><URDFElement z:Id="i438" i:type="Joint"><Attributes><Attribute z:Id="i439"><AttributeType>name</AttributeType><IsRequired>true</IsRequired><Value i:type="a:string" xmlns:a="http://www.w3.org/2001/XMLSchema">joint6</Value></Attribute><Attribute z:Id="i440"><AttributeType>type</AttributeType><IsRequired>true</IsRequired><Value i:type="a:string" xmlns:a="http://www.w3.org/2001/XMLSchema">Automatically Detect</Value></Attribute></Attributes><ChildElements><URDFElement z:Id="i441" i:type="Origin"><Attributes><Attribute z:Id="i442"><AttributeType>xyz</AttributeType><IsRequired>true</IsRequired><Value i:type="a:ArrayOfdouble" xmlns:a="http://schemas.microsoft.com/2003/10/Serialization/Arrays"><a:double>0</a:double><a:double>0</a:double><a:double>0</a:double></Value></Attribute><Attribute z:Id="i443"><AttributeType>rpy</AttributeType><IsRequired>true</IsRequired><Value i:type="a:ArrayOfdouble" xmlns:a="http://schemas.microsoft.com/2003/10/Serialization/Arrays"><a:double>0</a:double><a:double>0</a:double><a:double>0</a:double></Value></Attribute></Attributes><ChildElements/><ElementName>origin</ElementName><required>false</required><RPYAttribute z:Ref="i443"/><XYZAttribute z:Ref="i442"/><isCustomized>false</isCustomized></URDFElement><URDFElement z:Id="i444" i:type="ParentLink"><Attributes><Attribute z:Id="i445"><AttributeType>link</AttributeType><IsRequired>true</IsRequired><Value i:type="a:string" xmlns:a="http://www.w3.org/2001/XMLSchema"/></Attribute></Attributes><ChildElements/><ElementName>parent</ElementName><required>true</required><NameAttribute z:Ref="i445"/></URDFElement><URDFElement z:Id="i446" i:type="ChildLink"><Attributes><Attribute z:Id="i447"><AttributeType>link</AttributeType><IsRequired>true</IsRequired><Value i:type="a:string" xmlns:a="http://www.w3.org/2001/XMLSchema"/></Attribute></Attributes><ChildElements/><ElementName>child</ElementName><required>true</required><NameAttribute z:Ref="i447"/></URDFElement><URDFElement z:Id="i448" i:type="Axis"><Attributes><Attribute z:Id="i449"><AttributeType>xyz</AttributeType><IsRequired>true</IsRequired><Value i:type="a:ArrayOfdouble" xmlns:a="http://schemas.microsoft.com/2003/10/Serialization/Arrays"><a:double>0</a:double><a:double>0</a:double><a:double>0</a:double></Value></Attribute></Attributes><ChildElements/><ElementName>axis</ElementName><required>false</required><XYZAttribute z:Ref="i449"/></URDFElement><URDFElement z:Id="i450" i:type="Limit"><Attributes><Attribute z:Id="i451"><AttributeType>lower</AttributeType><IsRequired>false</IsRequired><Value i:nil="true"/></Attribute><Attribute z:Id="i452"><AttributeType>upper</AttributeType><IsRequired>false</IsRequired><Value i:nil="true"/></Attribute><Attribute z:Id="i453"><AttributeType>effort</AttributeType><IsRequired>true</IsRequired><Value i:nil="true"/></Attribute><Attribute z:Id="i454"><AttributeType>velocity</AttributeType><IsRequired>true</IsRequired><Value i:nil="true"/></Attribute></Attributes><ChildElements/><ElementName>limit</ElementName><required>false</required><EffortAttribute z:Ref="i453"/><LowerAttribute z:Ref="i451"/><UpperAttribute z:Ref="i452"/><VelocityAttribute z:Ref="i454"/></URDFElement><URDFElement z:Id="i455" i:type="Calibration"><Attributes><Attribute z:Id="i456"><AttributeType>rising</AttributeType><IsRequired>false</IsRequired><Value i:nil="true"/></Attribute><Attribute z:Id="i457"><AttributeType>falling</AttributeType><IsRequired>false</IsRequired><Value i:nil="true"/></Attribute></Attributes><ChildElements/><ElementName>calibration</ElementName><required>false</required><FallingAttribute z:Ref="i457"/><RisingAttribute z:Ref="i456"/></URDFElement><URDFElement z:Id="i458" i:type="Dynamics"><Attributes><Attribute z:Id="i459"><AttributeType>damping</AttributeType><IsRequired>false</IsRequired><Value i:nil="true"/></Attribute><Attribute z:Id="i460"><AttributeType>friction</AttributeType><IsRequired>false</IsRequired><Value i:nil="true"/></Attribute></Attributes><ChildElements/><ElementName>dynamics</ElementName><required>false</required><DampingAttribute z:Ref="i459"/><FrictionAttribute z:Ref="i460"/></URDFElement><URDFElement z:Id="i461" i:type="SafetyController"><Attributes><Attribute z:Id="i462"><AttributeType>soft_upper_limit</AttributeType><IsRequired>false</IsRequired><Value i:nil="true"/></Attribute><Attribute z:Id="i463"><AttributeType>soft_lower_limit</AttributeType><IsRequired>false</IsRequired><Value i:nil="true"/></Attribute><Attribute z:Id="i464"><AttributeType>k_position</AttributeType><IsRequired>false</IsRequired><Value i:nil="true"/></Attribute><Attribute z:Id="i465"><AttributeType>k_velocity</AttributeType><IsRequired>true</IsRequired><Value i:nil="true"/></Attribute></Attributes><ChildElements/><ElementName>safety_controller</ElementName><required>false</required><KPositionAttribute z:Ref="i464"/><KVelocityAttribute z:Ref="i465"/><SoftLowerAttribute z:Ref="i463"/><SoftUpperAttribute z:Ref="i462"/></URDFElement><URDFElement z:Id="i466" i:type="Mimic"><Attributes><Attribute z:Id="i467"><AttributeType>joint</AttributeType><IsRequired>true</IsRequired><Value i:nil="true"/></Attribute><Attribute z:Id="i468"><AttributeType>multiplier</AttributeType><IsRequired>false</IsRequired><Value i:nil="true"/></Attribute><Attribute z:Id="i469"><AttributeType>offset</AttributeType><IsRequired>false</IsRequired><Value i:nil="true"/></Attribute></Attributes><ChildElements/><ElementName>mimic</ElementName><required>false</required><JointNameAttribute z:Ref="i467"/><MultiplierAttribute z:Ref="i468"/><OffsetAttribute z:Ref="i469"/></URDFElement></ChildElements><ElementName>joint</ElementName><required>false</required><Axis z:Ref="i448"/><AxisName>Automatically Generate</AxisName><Calibration z:Ref="i455"/><Child z:Ref="i446"/><CoordinateSystemName>Automatically Generate</CoordinateSystemName><Dynamics z:Ref="i458"/><Limit z:Ref="i450"/><Mimic z:Ref="i466"/><NameAttribute z:Ref="i439"/><Origin z:Ref="i441"/><Parent z:Ref="i444"/><Safety z:Ref="i461"/><TypeAttribute z:Ref="i440"/></URDFElement></ChildElements><ElementName>link</ElementName><required>true</required><Children/><Collision z:Ref="i431"/><Inertial z:Ref="i405"/><Joint z:Ref="i438"/><NameAttribute z:Ref="i404"/><Parent z:Ref="i336"/><STLQualityFine>false</STLQualityFine><SWComponentPIDs xmlns:a="http://schemas.microsoft.com/2003/10/Serialization/Arrays"><a:base64Binary>UEYAAAUAAAD//v8uVwByAGkAcwB0ACgAMwApACAAdABvACAARQBuAGQAIABsAGkAbgBrAF8AMgAwADIAMwAtADEAQABBAHMAcwBlAG0AYgBsAHkAXwB2AGUAcgBzAGkAbwBuAF8AMgAEAAAAEAAAAAEAAAABAAAALAAAAA==</a:base64Binary></SWComponentPIDs><SWMainComponentPID i:nil="true"/><Visual z:Ref="i418"/><isFixedFrame>false</isFixedFrame><isIncomplete>false</isIncomplete></Link></Children><Collision z:Ref="i364"/><Inertial z:Ref="i338"/><Joint z:Ref="i371"/><NameAttribute z:Ref="i337"/><Parent z:Ref="i269"/><STLQualityFine>false</STLQualityFine><SWComponentPIDs xmlns:a="http://schemas.microsoft.com/2003/10/Serialization/Arrays"><a:base64Binary>UEYAAAUAAAD//v8uVwByAGkAcwB0ACgAMgApACAAdABvACAAVwByAGkAcwB0ACgAMwApACAAbABpAG4AawAtADEAQABBAHMAcwBlAG0AYgBsAHkAXwB2AGUAcgBzAGkAbwBuAF8AMgAEAAAAEAAAAAEAAAABAAAAJwAAAA==</a:base64Binary></SWComponentPIDs><SWMainComponentPID i:nil="true"/><Visual z:Ref="i351"/><isFixedFrame>false</isFixedFrame><isIncomplete>false</isIncomplete></Link></Children><Collision z:Ref="i297"/><Inertial z:Ref="i271"/><Joint z:Ref="i304"/><NameAttribute z:Ref="i270"/><Parent z:Ref="i202"/><STLQualityFine>false</STLQualityFine><SWComponentPIDs xmlns:a="http://schemas.microsoft.com/2003/10/Serialization/Arrays"><a:base64Binary>UEYAAAUAAAD//v8uVwByAGkAcwB0ACgAMQApACAAdABvACAAVwByAGkAcwB0ACgAMgApACAAbABpAG4AawAtADEAQABBAHMAcwBlAG0AYgBsAHkAXwB2AGUAcgBzAGkAbwBuAF8AMgAEAAAAEAAAAAEAAAABAAAAJQAAAA==</a:base64Binary></SWComponentPIDs><SWMainComponentPID i:nil="true"/><Visual z:Ref="i284"/><isFixedFrame>false</isFixedFrame><isIncomplete>false</isIncomplete></Link></Children><Collision z:Ref="i230"/><Inertial z:Ref="i204"/><Joint z:Ref="i237"/><NameAttribute z:Ref="i203"/><Parent z:Ref="i135"/><STLQualityFine>false</STLQualityFine><SWComponentPIDs xmlns:a="http://schemas.microsoft.com/2003/10/Serialization/Arrays"><a:base64Binary>UEYAAAUAAAD//v8pZQBsAGIAbwB3AF8AdwByAGkAcwB0AF8AbQBvAGQAaQBmAGkAZQBkAC0AMQBAAEEAcwBzAGUAbQBiAGwAeQBfAHYAZQByAHMAaQBvAG4AXwAyAAQAAAAQAAAAAQAAAAEAAAAhAAAA</a:base64Binary></SWComponentPIDs><SWMainComponentPID i:nil="true"/><Visual z:Ref="i217"/><isFixedFrame>false</isFixedFrame><isIncomplete>false</isIncomplete></Link></Children><Collision z:Ref="i163"/><Inertial z:Ref="i137"/><Joint z:Ref="i170"/><NameAttribute z:Ref="i136"/><Parent z:Ref="i68"/><STLQualityFine>false</STLQualityFine><SWComponentPIDs xmlns:a="http://schemas.microsoft.com/2003/10/Serialization/Arrays"><a:base64Binary>UEYAAAUAAAD//v8rcwBoAG8AdQBsAGQAZQByAF8AdABvAF8AZQBsAGIAbwB3AF8AMgAwADIAMwAtADEAQABBAHMAcwBlAG0AYgBsAHkAXwB2AGUAcgBzAGkAbwBuAF8AMgAEAAAAEAAAAAEAAAABAAAAJAAAAA==</a:base64Binary></SWComponentPIDs><SWMainComponentPID i:nil="true"/><Visual z:Ref="i150"/><isFixedFrame>false</isFixedFrame><isIncomplete>false</isIncomplete></Link></Children><Collision z:Ref="i96"/><Inertial z:Ref="i70"/><Joint z:Ref="i103"/><NameAttribute z:Ref="i69"/><Parent z:Ref="i1"/><STLQualityFine>false</STLQualityFine><SWComponentPIDs xmlns:a="http://schemas.microsoft.com/2003/10/Serialization/Arrays"><a:base64Binary>UEYAAAUAAAD//v8qcgBoAGkAbgBvAF8AcABsAGEAdABmAG8AcgBtAF8AMgBfADIAMAAyADMALQAxAEAAQQBzAHMAZQBtAGIAbAB5AF8AdgBlAHIAcwBpAG8AbgBfADIABAAAABAAAAABAAAAAQAAACMAAAA=</a:base64Binary></SWComponentPIDs><SWMainComponentPID i:nil="true"/><Visual z:Ref="i83"/><isFixedFrame>false</isFixedFrame><isIncomplete>false</isIncomplete></Link></Children><Collision z:Ref="i29"/><Inertial z:Ref="i3"/><Joint z:Ref="i36"/><NameAttribute z:Ref="i2"/><Parent i:nil="true"/><STLQualityFine>false</STLQualityFine><SWComponentPIDs xmlns:a="http://schemas.microsoft.com/2003/10/Serialization/Arrays"><a:base64Binary>UEYAAAUAAAD//v8eQgBhAHMAZQBfADIAMAAyADMALQAyAEAAQQBzAHMAZQBtAGIAbAB5AF8AdgBlAHIAcwBpAG8AbgBfADIABAAAABAAAAABAAAAAQAAACAAAAA=</a:base64Binary></SWComponentPIDs><SWMainComponentPID i:nil="true"/><Visual z:Ref="i16"/><isFixedFrame>false</isFixedFrame><isIncomplete>false</isIncomplete></Link>
2025-12-25 19:19:34,890 INFO  AssemblyExportForm.cs: 309 - Saving URDF package to D:\Home\Home\handy_description
2025-12-25 19:19:34,891 INFO  ExportHelper.cs: 147 - Beginning the export process
2025-12-25 19:19:34,892 INFO  ExportHelper.cs: 153 - Creating package directories with name handy_description and save path D:\Home\Home
2025-12-25 19:19:36,300 INFO  ExportHelper.cs: 162 - Creating CMakeLists.txt at D:\Home\Home\handy_description\CMakeLists.txt
2025-12-25 19:19:36,301 INFO  ExportHelper.cs: 166 - Creating joint names config at D:\Home\Home\handy_description\config\joint_names_handy_description.yaml
2025-12-25 19:19:36,302 INFO  ExportHelper.cs: 170 - Creating package.xml at D:\Home\Home\handy_description\package.xml
2025-12-25 19:19:36,302 INFO  PackageXMLWriter.cs: 21 - Creating package.xml at D:\Home\Home\handy_description\package.xml
2025-12-25 19:19:36,304 INFO  ExportHelper.cs: 177 - Creating RVIZ launch file in D:\Home\Home\handy_description\launch\
2025-12-25 19:19:36,305 INFO  ExportHelper.cs: 182 - Creating Gazebo launch file in D:\Home\Home\handy_description\launch\
2025-12-25 19:19:36,307 INFO  ExportHelper.cs: 187 - Saving existing STL preferences
2025-12-25 19:19:36,308 INFO  ExportHelper.cs: 450 - Saving users preferences
2025-12-25 19:19:36,309 INFO  ExportHelper.cs: 190 - Modifying STL preferences
2025-12-25 19:19:36,309 INFO  ExportHelper.cs: 464 - Setting STL preferences
2025-12-25 19:19:36,310 INFO  ExportHelper.cs: 196 - Found 0 hidden components 
2025-12-25 19:19:36,311 INFO  ExportHelper.cs: 197 - Hiding all components
2025-12-25 19:19:36,472 INFO  ExportHelper.cs: 204 - Beginning individual files export
2025-12-25 19:19:36,475 INFO  ExportHelper.cs: 270 - Exporting link: base_link
2025-12-25 19:19:36,475 INFO  ExportHelper.cs: 272 - Link base_link has 1 children
2025-12-25 19:19:36,476 INFO  ExportHelper.cs: 270 - Exporting link: Link1
2025-12-25 19:19:36,476 INFO  ExportHelper.cs: 272 - Link Link1 has 1 children
2025-12-25 19:19:36,478 INFO  ExportHelper.cs: 270 - Exporting link: Link2
2025-12-25 19:19:36,479 INFO  ExportHelper.cs: 272 - Link Link2 has 1 children
2025-12-25 19:19:36,480 INFO  ExportHelper.cs: 270 - Exporting link: Link3
2025-12-25 19:19:36,480 INFO  ExportHelper.cs: 272 - Link Link3 has 1 children
2025-12-25 19:19:36,481 INFO  ExportHelper.cs: 270 - Exporting link: Link4
2025-12-25 19:19:36,482 INFO  ExportHelper.cs: 272 - Link Link4 has 1 children
2025-12-25 19:19:36,483 INFO  ExportHelper.cs: 270 - Exporting link: Link5
2025-12-25 19:19:36,483 INFO  ExportHelper.cs: 272 - Link Link5 has 1 children
2025-12-25 19:19:36,485 INFO  ExportHelper.cs: 270 - Exporting link: Link6
2025-12-25 19:19:36,485 INFO  ExportHelper.cs: 272 - Link Link6 has 0 children
2025-12-25 19:19:36,486 INFO  ExportHelper.cs: 317 - Link6: Exporting STL with coordinate frame Origin_joint6
2025-12-25 19:19:36,486 INFO  ExportHelper.cs: 322 - Link6: Reference geometry name 
2025-12-25 19:19:36,550 INFO  ExportHelper.cs: 330 - Saving STL to D:\Home\Home\handy_description\meshes\Link6.STL
2025-12-25 19:19:36,630 INFO  ExportHelper.cs: 405 - Removing SW header in STL file
2025-12-25 19:19:36,635 INFO  ExportHelper.cs: 317 - Link5: Exporting STL with coordinate frame Origin_joint5
2025-12-25 19:19:36,636 INFO  ExportHelper.cs: 322 - Link5: Reference geometry name 
2025-12-25 19:19:36,713 INFO  ExportHelper.cs: 330 - Saving STL to D:\Home\Home\handy_description\meshes\Link5.STL
2025-12-25 19:19:36,774 INFO  ExportHelper.cs: 405 - Removing SW header in STL file
2025-12-25 19:19:36,775 INFO  ExportHelper.cs: 317 - Link4: Exporting STL with coordinate frame Origin_joint4
2025-12-25 19:19:36,775 INFO  ExportHelper.cs: 322 - Link4: Reference geometry name 
2025-12-25 19:19:36,848 INFO  ExportHelper.cs: 330 - Saving STL to D:\Home\Home\handy_description\meshes\Link4.STL
2025-12-25 19:19:36,913 INFO  ExportHelper.cs: 405 - Removing SW header in STL file
2025-12-25 19:19:36,914 INFO  ExportHelper.cs: 317 - Link3: Exporting STL with coordinate frame Origin_joint3
2025-12-25 19:19:36,915 INFO  ExportHelper.cs: 322 - Link3: Reference geometry name 
2025-12-25 19:19:37,021 INFO  ExportHelper.cs: 330 - Saving STL to D:\Home\Home\handy_description\meshes\Link3.STL
2025-12-25 19:19:37,144 INFO  ExportHelper.cs: 405 - Removing SW header in STL file
2025-12-25 19:19:37,146 INFO  ExportHelper.cs: 317 - Link2: Exporting STL with coordinate frame Origin_joint2
2025-12-25 19:19:37,146 INFO  ExportHelper.cs: 322 - Link2: Reference geometry name 
2025-12-25 19:19:37,223 INFO  ExportHelper.cs: 330 - Saving STL to D:\Home\Home\handy_description\meshes\Link2.STL
2025-12-25 19:19:37,300 INFO  ExportHelper.cs: 405 - Removing SW header in STL file
2025-12-25 19:19:37,301 INFO  ExportHelper.cs: 317 - Link1: Exporting STL with coordinate frame Origin_joint1
2025-12-25 19:19:37,302 INFO  ExportHelper.cs: 322 - Link1: Reference geometry name 
2025-12-25 19:19:37,354 INFO  ExportHelper.cs: 330 - Saving STL to D:\Home\Home\handy_description\meshes\Link1.STL
2025-12-25 19:19:37,411 INFO  ExportHelper.cs: 405 - Removing SW header in STL file
2025-12-25 19:19:37,412 INFO  ExportHelper.cs: 317 - base_link: Exporting STL with coordinate frame Origin_global
2025-12-25 19:19:37,413 INFO  ExportHelper.cs: 322 - base_link: Reference geometry name 
2025-12-25 19:19:37,469 INFO  ExportHelper.cs: 330 - Saving STL to D:\Home\Home\handy_description\meshes\base_link.STL
2025-12-25 19:19:37,532 INFO  ExportHelper.cs: 405 - Removing SW header in STL file
2025-12-25 19:19:37,533 INFO  ExportHelper.cs: 145 - Showing all components except previously hidden components
2025-12-25 19:19:37,888 INFO  ExportHelper.cs: 145 - Resetting STL preferences
2025-12-25 19:19:37,888 INFO  ExportHelper.cs: 478 - Returning STL preferences to user preferences
2025-12-25 19:19:37,889 INFO  ExportHelper.cs: 228 - Writing URDF file to D:\Home\Home\handy_description\urdf\handy_description.urdf
2025-12-25 19:19:37,923 INFO  CSVImportExport.cs: 32 - Writing CSV file D:\Home\Home\handy_description\urdf\handy_description.csv
2025-12-25 19:19:37,924 ERROR CSVImportExport.cs: 130 - The following columns were not written to the CSV: Link.Joint.ChildLink.link,
2025-12-25 19:19:37,927 ERROR CSVImportExport.cs: 130 - The following columns were not written to the CSV: Link.Joint.ChildLink.link,
2025-12-25 19:19:37,927 ERROR CSVImportExport.cs: 130 - The following columns were not written to the CSV: Link.Joint.ChildLink.link,
2025-12-25 19:19:37,928 ERROR CSVImportExport.cs: 130 - The following columns were not written to the CSV: Link.Joint.ChildLink.link,
2025-12-25 19:19:37,928 ERROR CSVImportExport.cs: 130 - The following columns were not written to the CSV: Link.Joint.ChildLink.link,
2025-12-25 19:19:37,929 ERROR CSVImportExport.cs: 130 - The following columns were not written to the CSV: Link.Joint.ChildLink.link,
2025-12-25 19:19:37,929 ERROR CSVImportExport.cs: 130 - The following columns were not written to the CSV: Link.Joint.ChildLink.link,
2025-12-25 19:19:37,930 INFO  ExportHelper.cs: 234 - Copying log file
2025-12-25 19:19:37,930 INFO  ExportHelper.cs: 439 - Copying C:\Users\RAKESH BALLA\sw2urdf_logs\sw2urdf.log to D:\Home\Home\handy_description\export.log
